,n_components,umap_n_neighbors,umap_min_dist,umap_metric,min_cluster_size,min_samples,cluster_selection_epsilon,cluster_selection_method,hdbscan_metric,ARI,NMI,Homogeneity,Completeness,V-measure,FMI
0,10,10,0.0,euclidean,5,,0.0,eom,euclidean,0.03985397186245281,0.19854141058936925,0.1707630435543126,0.23711306952001446,0.19854141058936925,0.17189712944884525
1,10,10,0.0,euclidean,5,,0.0,eom,cosine,0.0264412651006664,0.2610313932839326,0.24331183806495538,0.2815345777405531,0.2610313932839326,0.1432172919369645
2,10,10,0.0,euclidean,5,,0.0,leaf,euclidean,0.011542843311953061,0.2487466838674604,0.23101317411423386,0.2694291608286949,0.24874668386746038,0.14066197902826455
3,10,10,0.0,euclidean,5,,0.0,leaf,cosine,0.010887641031600621,0.23976637338934986,0.2162858954749841,0.2689659109656536,0.23976637338934986,0.15068456264811372
4,10,10,0.0,euclidean,5,,0.1,eom,euclidean,0.01397024102045278,0.08252826857883536,0.04786529628783511,0.29920792949748987,0.08252826857883536,0.30069584872892013
5,10,10,0.0,euclidean,5,,0.1,eom,cosine,0.012303255919017497,0.08988532038907733,0.054738281918447054,0.2511411805428588,0.08988532038907733,0.2832679097521734
6,10,10,0.0,euclidean,5,,0.1,leaf,euclidean,0.03511973895249156,0.27099647441162944,0.24895068735668416,0.29732614186074585,0.2709964744116294,0.154882230517089
7,10,10,0.0,euclidean,5,,0.1,leaf,cosine,0.011989048320685435,0.08075622427870545,0.0468971182925229,0.2904763482248162,0.08075622427870545,0.29663928437696335
8,10,10,0.0,euclidean,5,5.0,0.0,eom,euclidean,0.032896386002917125,0.18331302310022754,0.1530160871888835,0.2285693898104397,0.18331302310022754,0.17143304406108464
9,10,10,0.0,euclidean,5,5.0,0.0,eom,cosine,0.030384977531449277,0.23261576916984766,0.21396341259712626,0.2548307546361681,0.23261576916984766,0.14094828912411841
10,10,10,0.0,euclidean,5,5.0,0.0,leaf,euclidean,0.02108365654976629,0.24191958720669038,0.22301459189612202,0.26432661136520463,0.24191958720669035,0.1401718045033698
11,10,10,0.0,euclidean,5,5.0,0.0,leaf,cosine,0.019511435186775682,0.241487233813626,0.22326184011217462,0.2629526853817409,0.24148723381362597,0.14126010538116288
12,10,10,0.0,euclidean,5,5.0,0.1,eom,euclidean,0.013565845987748492,0.11389349735034342,0.08116075033271766,0.1908747226853062,0.11389349735034339,0.21477116004553404
13,10,10,0.0,euclidean,5,5.0,0.1,eom,cosine,0.007519953837700436,0.07609934875497622,0.04471659239891399,0.2552081448401612,0.07609934875497622,0.28880668166327544
14,10,10,0.0,euclidean,5,5.0,0.1,leaf,euclidean,0.01636477665592777,0.22766647307957513,0.20184897970251559,0.2610569635174238,0.2276664730795751,0.15678440436867452
15,10,10,0.0,euclidean,5,5.0,0.1,leaf,cosine,0.011924312287734782,0.07460512844156517,0.04261400954949021,0.2992804650239491,0.07460512844156517,0.30154107219624043
16,10,10,0.0,euclidean,10,,0.0,eom,euclidean,0.016897222744482236,0.11825158081189756,0.08485918806333329,0.1949748973786149,0.11825158081189754,0.21625845452649023
17,10,10,0.0,euclidean,10,,0.0,eom,cosine,0.012145888089681159,0.12155929973840615,0.08818944060889476,0.19555506181255125,0.12155929973840617,0.2069810324900439
18,10,10,0.0,euclidean,10,,0.0,leaf,euclidean,0.022521514322878654,0.19804127535749416,0.1590638864508894,0.26232104008560153,0.19804127535749416,0.1900148454897285
19,10,10,0.0,euclidean,10,,0.0,leaf,cosine,0.02135040704546035,0.14661804034044185,0.10606775512572937,0.23736335394156122,0.14661804034044185,0.21849085501908325
20,10,10,0.0,euclidean,10,,0.1,eom,euclidean,0.013861331001026517,0.10708934194882952,0.0676586988420971,0.2566781645905874,0.1070893419488295,0.2685491179886286
21,10,10,0.0,euclidean,10,,0.1,eom,cosine,0.010375398241962255,0.0897240040369599,0.054942577348688085,0.2445132281816346,0.08972400403695992,0.2779071751598661
22,10,10,0.0,euclidean,10,,0.1,leaf,euclidean,0.02357882417044621,0.16969746456323276,0.13215251607909081,0.23704178729430617,0.16969746456323276,0.19396215344323497
23,10,10,0.0,euclidean,10,,0.1,leaf,cosine,0.01554245944127073,0.10887338252989964,0.06544991934079734,0.32350887750017576,0.10887338252989963,0.2922835965109183
24,10,10,0.0,euclidean,10,5.0,0.0,eom,euclidean,0.024341536040213104,0.21203710355758038,0.18924685823796916,0.24106795743724688,0.21203710355758038,0.14651487182857664
25,10,10,0.0,euclidean,10,5.0,0.0,eom,cosine,0.0051520707740119786,0.10761379958552308,0.07709095902034732,0.1781487268345952,0.10761379958552308,0.2059924926246845
26,10,10,0.0,euclidean,10,5.0,0.0,leaf,euclidean,0.03309329034001252,0.22636214950418904,0.2025336958480224,0.2565451476234051,0.226362149504189,0.15256150986484676
27,10,10,0.0,euclidean,10,5.0,0.0,leaf,cosine,0.04543465282455239,0.20457503578977898,0.1768318361665702,0.2426434371611351,0.20457503578977895,0.17408998862312464
28,10,10,0.0,euclidean,10,5.0,0.1,eom,euclidean,0.015948572447067797,0.1390608145102354,0.11081170720519176,0.1866410006450879,0.1390608145102354,0.1698796064734729
29,10,10,0.0,euclidean,10,5.0,0.1,eom,cosine,0.006651113514179333,0.08108723244603347,0.04793191400452646,0.2630285329183174,0.08108723244603347,0.28598434191615874
30,10,10,0.0,euclidean,10,5.0,0.1,leaf,euclidean,0.02659690788987826,0.21167475682536352,0.19089824279799722,0.2375260315931564,0.21167475682536352,0.14167200252655515
31,10,10,0.0,euclidean,10,5.0,0.1,leaf,cosine,0.011457669747256798,0.08224255858751603,0.048115607631043694,0.28288282224864164,0.08224255858751603,0.2955466499918525
32,10,10,0.0,euclidean,20,,0.0,eom,euclidean,0.014153993524413086,0.10668270234898954,0.0756281814504762,0.181008664555849,0.10668270234898954,0.2046564873277284
33,10,10,0.0,euclidean,20,,0.0,eom,cosine,0.02915608943900767,0.14354895920765637,0.09865564094070889,0.2634170897514946,0.1435489592076564,0.2426806565592937
34,10,10,0.0,euclidean,20,,0.0,leaf,euclidean,0.02342155353462819,0.11510462923968655,0.08118107361592374,0.19773186948562638,0.11510462923968656,0.21764596026621352
35,10,10,0.0,euclidean,20,,0.0,leaf,cosine,0.02194941591470056,0.11926626775278806,0.08434164643380394,0.20355562405694838,0.11926626775278805,0.21398289159139275
36,10,10,0.0,euclidean,20,,0.1,eom,euclidean,0.02344754882721168,0.1224761337912246,0.08705093531645709,0.20651835020125028,0.12247613379122459,0.2130873651091403
37,10,10,0.0,euclidean,20,,0.1,eom,cosine,0.012327110620246867,0.09960007787264424,0.06991482104765456,0.1730946321530177,0.09960007787264423,0.20783578111981366
38,10,10,0.0,euclidean,20,,0.1,leaf,euclidean,0.017348594752270227,0.10690279738478506,0.07625132059750565,0.1787611271231894,0.10690279738478507,0.20445038580560346
39,10,10,0.0,euclidean,20,,0.1,leaf,cosine,0.023952643454754643,0.1250291013063181,0.08694350955454108,0.22249144770976248,0.1250291013063181,0.22939852462143162
40,10,10,0.0,euclidean,20,5.0,0.0,eom,euclidean,0.030936292049832583,0.14086683260460203,0.10858922129062563,0.20044944226561712,0.140866832604602,0.1907663887122733
41,10,10,0.0,euclidean,20,5.0,0.0,eom,cosine,0.009944833771584038,0.085379156629415,0.05934630949704386,0.15209880613607682,0.08537915662941499,0.21283162818367754
42,10,10,0.0,euclidean,20,5.0,0.0,leaf,euclidean,0.01608517340782787,0.11566925369966237,0.08821780414755154,0.1679233127724249,0.11566925369966238,0.18350065550226344
43,10,10,0.0,euclidean,20,5.0,0.0,leaf,cosine,0.005731379637259523,0.09919168315841546,0.07377760731033405,0.15131494386890237,0.09919168315841545,0.18277511417498254
44,10,10,0.0,euclidean,20,5.0,0.1,eom,euclidean,0.025386933930926937,0.13136193275691221,0.10194169445977416,0.1846523597474298,0.13136193275691221,0.1817248087507444
45,10,10,0.0,euclidean,20,5.0,0.1,eom,cosine,0.0022275010068962117,0.06812340593942721,0.04505641312802523,0.1395851403765583,0.0681234059394272,0.21972421115131727
46,10,10,0.0,euclidean,20,5.0,0.1,leaf,euclidean,0.023636031189762065,0.13077962480887492,0.10153182127201622,0.18369611856339474,0.13077962480887492,0.17976389559843337
47,10,10,0.0,euclidean,20,5.0,0.1,leaf,cosine,0.0069196282436633305,0.0796032121176468,0.056885194809082225,0.13253199590959566,0.0796032121176468,0.1932032305356654
48,10,10,0.0,cosine,5,,0.0,eom,euclidean,0.005559028482103201,0.20761478762890714,0.19409396657087258,0.22316041255868233,0.20761478762890712,0.11719116503548785
49,10,10,0.0,cosine,5,,0.0,eom,cosine,0.0011889239314194962,0.1924049366290607,0.1769281749272827,0.21084890868828612,0.1924049366290607,0.11547177161259384
50,10,10,0.0,cosine,5,,0.0,leaf,euclidean,0.015419269670365263,0.22805071750590347,0.21815444673914808,0.23888751485349205,0.22805071750590347,0.11699973830818473
51,10,10,0.0,cosine,5,,0.0,leaf,cosine,-0.0053724562585298575,0.19439209748920622,0.1807404835934332,0.2102744591576643,0.19439209748920622,0.11765876421364878
52,10,10,0.0,cosine,5,,0.1,eom,euclidean,-0.003323897752616229,0.16529034395015155,0.14593055452071702,0.1905725349149128,0.16529034395015155,0.12583720903125326
53,10,10,0.0,cosine,5,,0.1,eom,cosine,0.006326604898724729,0.09185034623977599,0.054729416491026396,0.2854825589374691,0.09185034623977598,0.2837190808588674
54,10,10,0.0,cosine,5,,0.1,leaf,euclidean,0.0010734081495815246,0.2000266650188804,0.1868713904896804,0.2151744000285805,0.2000266650188804,0.11384154433835046
55,10,10,0.0,cosine,5,,0.1,leaf,cosine,-0.0050833774388859485,0.046127858690975174,0.02913699897289139,0.1106546980159674,0.046127858690975174,0.24371897658935174
56,10,10,0.0,cosine,5,5.0,0.0,eom,euclidean,-0.004579491650609139,0.19810486998846463,0.1828511905323531,0.21613513885161045,0.19810486998846463,0.11675401908830858
57,10,10,0.0,cosine,5,5.0,0.0,eom,cosine,7.463892487107058e-06,0.19457241775718864,0.18170940100058117,0.20939528933475204,0.19457241775718861,0.11336355113832888
58,10,10,0.0,cosine,5,5.0,0.0,leaf,euclidean,0.004105765294986824,0.22282505346441256,0.20754167652659644,0.24053830324644887,0.22282505346441256,0.12462670036795763
59,10,10,0.0,cosine,5,5.0,0.0,leaf,cosine,0.010578825216581557,0.20247591858710706,0.1910415986726455,0.21536612239235767,0.20247591858710706,0.11605972708614667
60,10,10,0.0,cosine,5,5.0,0.1,eom,euclidean,0.010232636345075244,0.1955255750445462,0.17117636835389383,0.2279507243570948,0.1955255750445462,0.14422555283375382
61,10,10,0.0,cosine,5,5.0,0.1,eom,cosine,0.0037845866978493434,0.05917249190130593,0.03565272824883984,0.1738784249147536,0.05917249190130593,0.2758447093820822
62,10,10,0.0,cosine,5,5.0,0.1,leaf,euclidean,0.0075166550592053755,0.23599757035522104,0.22387149468443057,0.2495124997906756,0.23599757035522104,0.1222051856182228
63,10,10,0.0,cosine,5,5.0,0.1,leaf,cosine,-0.0016178335743626347,0.07717415050207535,0.05267786951914055,0.14425623400100154,0.07717415050207535,0.21091515661071158
64,10,10,0.0,cosine,10,,0.0,eom,euclidean,0.005407869511730581,0.11306376670268883,0.0868494535283531,0.16194448128023742,0.11306376670268885,0.16900381516973606
65,10,10,0.0,cosine,10,,0.0,eom,cosine,0.005901123972895056,0.13527078260158984,0.10682793702886506,0.18435519276894258,0.13527078260158984,0.1657574255809992
66,10,10,0.0,cosine,10,,0.0,leaf,euclidean,-0.0037022080566252477,0.1426273776362384,0.11330871360123101,0.19241475350644668,0.1426273776362384,0.16954832407961232
67,10,10,0.0,cosine,10,,0.0,leaf,cosine,-0.006763571670525689,0.12414532890295288,0.10116118919196966,0.16064419401636967,0.12414532890295289,0.15102961647392107
68,10,10,0.0,cosine,10,,0.1,eom,euclidean,0.005445286079721152,0.12337285271264778,0.09835072962031643,0.16547171225731674,0.12337285271264781,0.1606467644780498
69,10,10,0.0,cosine,10,,0.1,eom,cosine,0.010977708932760635,0.08050079373468332,0.05243875050347471,0.1731719132873811,0.08050079373468333,0.2490399293133181
70,10,10,0.0,cosine,10,,0.1,leaf,euclidean,-0.014674594427853049,0.1557371358505249,0.13236783557143925,0.18912719822644558,0.15573713585052493,0.14147833672759316
71,10,10,0.0,cosine,10,,0.1,leaf,cosine,0.0006075874413005317,0.08518215034954892,0.05959933890250042,0.1492450942788058,0.0851821503495489,0.20075208787161147
72,10,10,0.0,cosine,10,5.0,0.0,eom,euclidean,0.009766850449599804,0.16880714834130542,0.14352255389485696,0.2049057101346841,0.16880714834130542,0.14974032086286634
73,10,10,0.0,cosine,10,5.0,0.0,eom,cosine,0.007678374411834458,0.11203242810401126,0.0739200955846625,0.2312752064105456,0.11203242810401128,0.2516970607513258
74,10,10,0.0,cosine,10,5.0,0.0,leaf,euclidean,-0.0069895556644582,0.15570821334434226,0.1395626306558249,0.17607816932075102,0.15570821334434226,0.11493455287421911
75,10,10,0.0,cosine,10,5.0,0.0,leaf,cosine,-0.0032748123812263398,0.17446550188096616,0.15499461870831793,0.19953120267023963,0.17446550188096613,0.1244388064611573
76,10,10,0.0,cosine,10,5.0,0.1,eom,euclidean,-0.006493939232383546,0.13550549519570868,0.11436302488790182,0.16623821204796038,0.13550549519570868,0.1308365640549882
77,10,10,0.0,cosine,10,5.0,0.1,eom,cosine,0.00990307123152585,0.08964718982156147,0.05391470713331458,0.2658256694144639,0.08964718982156147,0.28504403689433944
78,10,10,0.0,cosine,10,5.0,0.1,leaf,euclidean,0.007622192717462341,0.20136467341907988,0.18933165748497477,0.21503101796984989,0.20136467341907985,0.1154913662233696
79,10,10,0.0,cosine,10,5.0,0.1,leaf,cosine,0.008004263871656878,0.07069265524429239,0.04160681664544426,0.2349094722459382,0.07069265524429237,0.28933715104334534
80,10,10,0.0,cosine,20,,0.0,eom,euclidean,0.003606460199938119,0.08947956206826964,0.06124891613199969,0.16598465516695382,0.08947956206826965,0.2172852846295939
81,10,10,0.0,cosine,20,,0.0,eom,cosine,0.0009243162659851614,0.09144664120802243,0.061864296820062,0.17524597270842704,0.09144664120802241,0.22119471274697183
82,10,10,0.0,cosine,20,,0.0,leaf,euclidean,-0.0070269782950503346,0.07387566791676613,0.050967493047582635,0.13418920470533394,0.07387566791676613,0.20127104334294973
83,10,10,0.0,cosine,20,,0.0,leaf,cosine,-0.0015249493738383724,0.08392156674839261,0.059525106251415244,0.14220417753656855,0.08392156674839263,0.1895057684335655
84,10,10,0.0,cosine,20,,0.1,eom,euclidean,0.0,0.0,0.0,1.0,0.0,0.3156290382484226
85,10,10,0.0,cosine,20,,0.1,eom,cosine,0.0,0.0,0.0,1.0,0.0,0.3156290382484226
86,10,10,0.0,cosine,20,,0.1,leaf,euclidean,-0.007492794913448193,0.07235882626642247,0.04740988328977513,0.1527328535872187,0.07235882626642247,0.22816080922354012
87,10,10,0.0,cosine,20,,0.1,leaf,cosine,-0.010533526670286135,0.07809950050821161,0.05385343233661192,0.14205675799780965,0.07809950050821163,0.19765809023059375
88,10,10,0.0,cosine,20,5.0,0.0,eom,euclidean,-0.0019376324098862045,0.0850164305568935,0.060003421540965926,0.14579069957986854,0.0850164305568935,0.19241577572590637
89,10,10,0.0,cosine,20,5.0,0.0,eom,cosine,0.0026763771651375982,0.13583038739676748,0.10870401921989907,0.18099698696198213,0.13583038739676748,0.15740939664415746
90,10,10,0.0,cosine,20,5.0,0.0,leaf,euclidean,-0.0055501285423683,0.11609166083933356,0.09208636265208635,0.157025435265558,0.11609166083933355,0.15447468113953847
91,10,10,0.0,cosine,20,5.0,0.0,leaf,cosine,-0.0093238065440631,0.1266753401234602,0.1066866984461621,0.1558809310841455,0.12667534012346024,0.12934698495251065
92,10,10,0.0,cosine,20,5.0,0.1,eom,euclidean,-0.007725250625237475,0.045946954532594335,0.030880049477717185,0.08972562264514568,0.045946954532594335,0.21448413861949464
93,10,10,0.0,cosine,20,5.0,0.1,eom,cosine,0.0001833089357868798,0.08532571574015392,0.06102483107630307,0.141787250504809,0.0853257157401539,0.18558745580900898
94,10,10,0.0,cosine,20,5.0,0.1,leaf,euclidean,-0.003116460988315171,0.09572255728099352,0.0732060747026171,0.13824283024141473,0.0957225572809935,0.16215458921793505
95,10,10,0.0,cosine,20,5.0,0.1,leaf,cosine,-0.00040364132206564693,0.0722668104756898,0.04666366851044646,0.16012109104237604,0.0722668104756898,0.24333585538563157
96,10,10,0.1,euclidean,5,,0.0,eom,euclidean,0.036685882945562,0.178440160217713,0.14814428298504395,0.2243126618677804,0.17844016021771303,0.17740838901399744
97,10,10,0.1,euclidean,5,,0.0,eom,cosine,0.02985536998209603,0.23427944078084664,0.2135088338307161,0.25952677370339267,0.23427944078084662,0.14716744618029387
98,10,10,0.1,euclidean,5,,0.0,leaf,euclidean,0.009052369210270727,0.2213480248393462,0.1924758040186801,0.2604107942876468,0.22134802483934618,0.15391608487132102
99,10,10,0.1,euclidean,5,,0.0,leaf,cosine,0.016221984397529997,0.22895690268073426,0.197070855371278,0.2731530410324656,0.22895690268073424,0.17057554311790765
100,10,10,0.1,euclidean,5,,0.1,eom,euclidean,0.0194632351239693,0.22858945866041372,0.20615738916308765,0.25649924612114616,0.2285894586604137,0.1428272767557372
101,10,10,0.1,euclidean,5,,0.1,eom,cosine,-0.0073826836082118074,0.0596601330427911,0.041121078749605286,0.10863902099650487,0.0596601330427911,0.19948093011186016
102,10,10,0.1,euclidean,5,,0.1,leaf,euclidean,-0.0011458325894150145,0.23583553216404315,0.20784730815832184,0.2725343607709734,0.23583553216404318,0.15131440199674628
103,10,10,0.1,euclidean,5,,0.1,leaf,cosine,0.00407213318393423,0.07550642987803886,0.04621101506629517,0.2062728319532951,0.07550642987803886,0.2712327372505214
104,10,10,0.1,euclidean,5,5.0,0.0,eom,euclidean,0.024007211452191406,0.21281999348396266,0.18415987582446192,0.25204478795003493,0.21281999348396266,0.15922927355387012
105,10,10,0.1,euclidean,5,5.0,0.0,eom,cosine,0.010460065597021541,0.20499273708748908,0.17741840589730934,0.24271553416892033,0.20499273708748908,0.15377150548777976
106,10,10,0.1,euclidean,5,5.0,0.0,leaf,euclidean,0.018934073289792967,0.25206543840472223,0.22884539992634279,0.280529676170006,0.2520654384047223,0.15429868012661715
107,10,10,0.1,euclidean,5,5.0,0.0,leaf,cosine,0.009949010349615536,0.24737843506082222,0.22779579298757416,0.27064460883113134,0.2473784350608222,0.13812260861791
108,10,10,0.1,euclidean,5,5.0,0.1,eom,euclidean,0.006037889505240998,0.12868846669870238,0.0991597925191235,0.18326176516686,0.1286884666987024,0.17884875040591655
109,10,10,0.1,euclidean,5,5.0,0.1,eom,cosine,-0.00021109527297542022,0.06675998624709038,0.04167661212679384,0.16767854781089866,0.0667599862470904,0.25711401579744064
110,10,10,0.1,euclidean,5,5.0,0.1,leaf,euclidean,0.02988020758751117,0.21423028038270783,0.18817706953132288,0.24865696323498737,0.21423028038270783,0.16187898171571113
111,10,10,0.1,euclidean,5,5.0,0.1,leaf,cosine,0.0018513526265199066,0.07085733484809786,0.04939336723493535,0.12531176498017121,0.07085733484809786,0.20349916123551084
112,10,10,0.1,euclidean,10,,0.0,eom,euclidean,0.024702401206899573,0.13622137777463802,0.10123618578212969,0.2081558618076353,0.13622137777463802,0.20891214663608867
113,10,10,0.1,euclidean,10,,0.0,eom,cosine,0.015590307097630858,0.12876191043264343,0.09635996309447659,0.1939943381692508,0.12876191043264343,0.19175673684884773
114,10,10,0.1,euclidean,10,,0.0,leaf,euclidean,0.034562334341988035,0.16269607636296288,0.12873971448299312,0.2209823333238265,0.1626960763629629,0.19347783487799589
115,10,10,0.1,euclidean,10,,0.0,leaf,cosine,0.013397572693418477,0.12811561204768498,0.08984518856817163,0.2231822346289707,0.12811561204768498,0.22811228476475506
116,10,10,0.1,euclidean,10,,0.1,eom,euclidean,0.003531290591801005,0.07709432218224747,0.05488024371758976,0.129521024517084,0.07709432218224747,0.1924179081387279
117,10,10,0.1,euclidean,10,,0.1,eom,cosine,0.008654733096059854,0.09126550351874642,0.056899297615401405,0.23045852353914303,0.09126550351874642,0.26815580948586193
118,10,10,0.1,euclidean,10,,0.1,leaf,euclidean,0.005425611179633182,0.17953891306738667,0.1372165777367392,0.2596123283882104,0.1795389130673867,0.2014712874953987
119,10,10,0.1,euclidean,10,,0.1,leaf,cosine,0.013617446981054503,0.07946074227357248,0.05206430345190056,0.1677108359503023,0.07946074227357248,0.2485547304818592
120,10,10,0.1,euclidean,10,5.0,0.0,eom,euclidean,0.0055701182224185035,0.11003372346813611,0.08159772272822369,0.1688903391857985,0.11003372346813611,0.1896195416279092
121,10,10,0.1,euclidean,10,5.0,0.0,eom,cosine,0.0337204820084804,0.1675120249000192,0.13542963560999627,0.21951327490878494,0.16751202490001918,0.17937360379581957
122,10,10,0.1,euclidean,10,5.0,0.0,leaf,euclidean,0.041226776947879205,0.21003594362665054,0.17616036225181403,0.2600419221727119,0.21003594362665054,0.19202291423550646
123,10,10,0.1,euclidean,10,5.0,0.0,leaf,cosine,0.015656561525081675,0.1832092992975652,0.1577853181615941,0.21840016298893206,0.18320929929756516,0.1510569677855755
124,10,10,0.1,euclidean,10,5.0,0.1,eom,euclidean,0.04009950827980112,0.17755338517036737,0.14758746825946853,0.22278786751022936,0.17755338517036737,0.18065080954485496
125,10,10,0.1,euclidean,10,5.0,0.1,eom,cosine,0.007679807241189654,0.0792577175118703,0.047226045512246566,0.24634306714276977,0.07925771751187029,0.2854623624616869
126,10,10,0.1,euclidean,10,5.0,0.1,leaf,euclidean,0.032711900913609065,0.1759400724156101,0.14615006782042997,0.22098349556665578,0.17594007241561013,0.17369310042073757
127,10,10,0.1,euclidean,10,5.0,0.1,leaf,cosine,-0.0010199295493107607,0.06457682653315155,0.04456654410246566,0.11719886463803045,0.06457682653315154,0.20256898124001016
128,10,10,0.1,euclidean,20,,0.0,eom,euclidean,0.023334603078886195,0.11975177179510249,0.0847893925243638,0.2037786196924871,0.11975177179510246,0.21532585798185824
129,10,10,0.1,euclidean,20,,0.0,eom,cosine,0.025630568961660154,0.13133339207986042,0.09264876960651813,0.22548076511653023,0.13133339207986042,0.2203283303577688
130,10,10,0.1,euclidean,20,,0.0,leaf,euclidean,0.03154065383689721,0.12287589076724661,0.08687765580253809,0.20981310653147173,0.1228758907672466,0.22514027196976236
131,10,10,0.1,euclidean,20,,0.0,leaf,cosine,0.01522116438491253,0.09205751665143647,0.06372753663493577,0.165734568297019,0.09205751665143647,0.21888261626319072
132,10,10,0.1,euclidean,20,,0.1,eom,euclidean,0.031812198653299546,0.129101690859811,0.09060932097192581,0.22445320192026894,0.129101690859811,0.23121212642387207
133,10,10,0.1,euclidean,20,,0.1,eom,cosine,0.02988159945773225,0.12026952300607639,0.08531421645920136,0.2037514341960327,0.12026952300607638,0.22123577211486523
134,10,10,0.1,euclidean,20,,0.1,leaf,euclidean,0.015887070182872245,0.11233318600253725,0.07983111703637474,0.18947526063769385,0.11233318600253724,0.20525123993202507
135,10,10,0.1,euclidean,20,,0.1,leaf,cosine,0.030627750199973505,0.13708934748549872,0.09405150765520218,0.25274520269221423,0.13708934748549872,0.24543089998329912
136,10,10,0.1,euclidean,20,5.0,0.0,eom,euclidean,0.000311567066433795,0.06027181828843646,0.040280327543262794,0.11966031401637046,0.06027181828843646,0.2207177713892599
137,10,10,0.1,euclidean,20,5.0,0.0,eom,cosine,0.026577414607476375,0.12890523921060507,0.0987655649209734,0.18551888587212206,0.12890523921060507,0.18980182579588917
138,10,10,0.1,euclidean,20,5.0,0.0,leaf,euclidean,-0.001718605789290953,0.06409640517637132,0.044123631682434765,0.1171041688082629,0.06409640517637133,0.20293402602209346
139,10,10,0.1,euclidean,20,5.0,0.0,leaf,cosine,0.014582243617590302,0.10846194705498752,0.08372852911095865,0.15393409914473408,0.10846194705498752,0.17475517378744346
140,10,10,0.1,euclidean,20,5.0,0.1,eom,euclidean,0.00964374933430507,0.07804185687386536,0.05549826479736822,0.13142863455964576,0.07804185687386536,0.19934972415266541
141,10,10,0.1,euclidean,20,5.0,0.1,eom,cosine,0.0022911242710315434,0.08007967249912505,0.05651204292314623,0.13736671653104882,0.08007967249912504,0.19661765275588466
142,10,10,0.1,euclidean,20,5.0,0.1,leaf,euclidean,0.014344996966372701,0.09873502517017431,0.06994923233396569,0.16778090702320425,0.09873502517017431,0.20660835458072788
143,10,10,0.1,euclidean,20,5.0,0.1,leaf,cosine,0.01172921473952096,0.08806327887072617,0.06207683101169499,0.15147218741539864,0.08806327887072617,0.20691355921474477
144,10,10,0.1,cosine,5,,0.0,eom,euclidean,7.92606839094264e-05,0.1922816253070323,0.17450008218861454,0.21409821466245613,0.19228162530703227,0.12231506123253277
145,10,10,0.1,cosine,5,,0.0,eom,cosine,-0.0005345749746615633,0.19890233074976413,0.18334191023872473,0.21734896578748758,0.19890233074976407,0.12080568408433809
146,10,10,0.1,cosine,5,,0.0,leaf,euclidean,-0.004004817022018063,0.19527044262159587,0.18033451453643295,0.2129038780138226,0.19527044262159587,0.11650219899975939
147,10,10,0.1,cosine,5,,0.0,leaf,cosine,-0.009065814561405648,0.17243764878612686,0.15395777854857975,0.19595901410215635,0.17243764878612686,0.12491582954688406
148,10,10,0.1,cosine,5,,0.1,eom,euclidean,0.0052559767636934235,0.2010279311395155,0.1883681998505179,0.2155119205035132,0.2010279311395155,0.11547117371190975
149,10,10,0.1,cosine,5,,0.1,eom,cosine,-0.002418357214927591,0.047232475624038185,0.02800313280597012,0.15075096275138397,0.04723247562403819,0.27405270383171343
150,10,10,0.1,cosine,5,,0.1,leaf,euclidean,-0.009483720539468065,0.19297774227860942,0.17529175571325398,0.2146330520797964,0.1929777422786094,0.12215952388395629
151,10,10,0.1,cosine,5,,0.1,leaf,cosine,0.012211835129625608,0.07796988181405937,0.04847939988108606,0.1990599511501118,0.07796988181405937,0.27508604802651915
152,10,10,0.1,cosine,5,5.0,0.0,eom,euclidean,-0.0110757138937495,0.19774285397296004,0.1812190198650186,0.21758235383484162,0.19774285397296007,0.12098730015073685
153,10,10,0.1,cosine,5,5.0,0.0,eom,cosine,-0.01009631021803022,0.1744436214199623,0.16015436220742812,0.1915324937634061,0.1744436214199623,0.11307235004223835
154,10,10,0.1,cosine,5,5.0,0.0,leaf,euclidean,-0.007428061748448311,0.19309387966138705,0.17728923288074286,0.21199215743051572,0.19309387966138705,0.116754485993635
155,10,10,0.1,cosine,5,5.0,0.0,leaf,cosine,0.004822553231202577,0.20478961521041475,0.18888108898210315,0.22362439983170754,0.20478961521041472,0.12372284354548695
156,10,10,0.1,cosine,5,5.0,0.1,eom,euclidean,0.0031405631803257364,0.1992337622067996,0.18377853474663383,0.21752714749188198,0.19923376220679961,0.12221402838029806
157,10,10,0.1,cosine,5,5.0,0.1,eom,cosine,-0.0006149850787385088,0.043455495139408724,0.030156683568556667,0.07773659785840921,0.043455495139408724,0.20440214922247615
158,10,10,0.1,cosine,5,5.0,0.1,leaf,euclidean,-0.003354227227327654,0.20943508532673835,0.1914110960986815,0.23120634496672393,0.20943508532673835,0.12769282134498447
159,10,10,0.1,cosine,5,5.0,0.1,leaf,cosine,-0.009584003769821674,0.06326861589434357,0.04280605869681835,0.12121108617310525,0.06326861589434357,0.20949261164290697
160,10,10,0.1,cosine,10,,0.0,eom,euclidean,-0.0027349834549142225,0.13211086620942744,0.1023263799279914,0.18635337470272714,0.13211086620942744,0.16984643793023696
161,10,10,0.1,cosine,10,,0.0,eom,cosine,-0.0003869216728949944,0.08532159148000959,0.06018092535263022,0.14653808052098705,0.08532159148000959,0.1943012089825335
162,10,10,0.1,cosine,10,,0.0,leaf,euclidean,-0.004688087221669037,0.1449013262984799,0.11585563467955746,0.19338378222980984,0.1449013262984799,0.16554524758379713
163,10,10,0.1,cosine,10,,0.0,leaf,cosine,-0.009313447993678284,0.12175659057507937,0.09545333749755645,0.16807026383539472,0.12175659057507938,0.17276561828511744
164,10,10,0.1,cosine,10,,0.1,eom,euclidean,-0.002966471967989698,0.05320611061562036,0.037448651770840946,0.09185742413139784,0.053206110615620354,0.19079807525837927
165,10,10,0.1,cosine,10,,0.1,eom,cosine,0.0039019630607487676,0.0813799131078309,0.054237485211934604,0.16290210359222335,0.0813799131078309,0.22298617081075006
166,10,10,0.1,cosine,10,,0.1,leaf,euclidean,-0.012564716830735977,0.14092822217639417,0.10676322689937259,0.20724956275810064,0.14092822217639414,0.18599744239042065
167,10,10,0.1,cosine,10,,0.1,leaf,cosine,0.001220764308572765,0.06806637911450757,0.047991351139314596,0.11701388759764435,0.06806637911450758,0.19420548702655283
168,10,10,0.1,cosine,10,5.0,0.0,eom,euclidean,-0.0010185855484537508,0.15682977040830323,0.13477136865244704,0.18752201619151385,0.15682977040830326,0.13575295576160035
169,10,10,0.1,cosine,10,5.0,0.0,eom,cosine,-0.008057636877481225,0.14618808909530265,0.12527553310498973,0.1754816823104816,0.14618808909530268,0.1332232353563775
170,10,10,0.1,cosine,10,5.0,0.0,leaf,euclidean,-0.004155017668892316,0.1910653508207538,0.17800046258592095,0.20620003273424245,0.19106535082075377,0.11177967314971542
171,10,10,0.1,cosine,10,5.0,0.0,leaf,cosine,-0.008174461953634526,0.17982156547190825,0.1579548554906738,0.20871538282702123,0.17982156547190822,0.1269215973831906
172,10,10,0.1,cosine,10,5.0,0.1,eom,euclidean,0.004848698284007398,0.1907702236075386,0.16792204397446372,0.22081527932736045,0.1907702236075386,0.13531206124390946
173,10,10,0.1,cosine,10,5.0,0.1,eom,cosine,-0.0076898891712736134,0.06209194501223882,0.03903405153579477,0.1517073236607653,0.06209194501223881,0.24608843862472046
174,10,10,0.1,cosine,10,5.0,0.1,leaf,euclidean,-0.0019322862090796853,0.16812525869067282,0.15030260495829548,0.19074330950955035,0.16812525869067285,0.1209218451730736
175,10,10,0.1,cosine,10,5.0,0.1,leaf,cosine,0.0015954984826967399,0.06660606338685114,0.042668274918379975,0.15172941884993296,0.06660606338685114,0.2451353561483885
176,10,10,0.1,cosine,20,,0.0,eom,euclidean,0.004477936039469876,0.07874020442062497,0.05277869656930887,0.1549679722443545,0.07874020442062497,0.2301807493132553
177,10,10,0.1,cosine,20,,0.0,eom,cosine,0.0,0.0,0.0,1.0,0.0,0.3156290382484226
178,10,10,0.1,cosine,20,,0.0,leaf,euclidean,0.0,0.0,0.0,1.0,0.0,0.3156290382484226
179,10,10,0.1,cosine,20,,0.0,leaf,cosine,-0.0004961213821744573,0.08929088880018345,0.05985070474562246,0.17573269054958268,0.08929088880018345,0.2245795955060961
180,10,10,0.1,cosine,20,,0.1,eom,euclidean,0.0,0.0,0.0,1.0,0.0,0.3156290382484226
181,10,10,0.1,cosine,20,,0.1,eom,cosine,0.0,0.0,0.0,1.0,0.0,0.3156290382484226
182,10,10,0.1,cosine,20,,0.1,leaf,euclidean,-0.004016657314155764,0.08110748299472538,0.05541921207163212,0.15118636097740495,0.08110748299472538,0.21003316668769695
183,10,10,0.1,cosine,20,,0.1,leaf,cosine,0.007050567170235238,0.09718587515750837,0.06593428875929119,0.18475727436831568,0.09718587515750839,0.22596713800690782
184,10,10,0.1,cosine,20,5.0,0.0,eom,euclidean,-0.005224230420817337,0.09329666069969964,0.07229468197332106,0.13149730834004508,0.09329666069969965,0.15348373021525405
185,10,10,0.1,cosine,20,5.0,0.0,eom,cosine,0.0034570099670606994,0.07218669384304992,0.05035978023653556,0.12740766937567838,0.07218669384304992,0.20524151965002888
186,10,10,0.1,cosine,20,5.0,0.0,leaf,euclidean,-0.0069526294451127775,0.06683972806215195,0.04702352875543057,0.11552180747695097,0.06683972806215194,0.18935859372850317
187,10,10,0.1,cosine,20,5.0,0.0,leaf,cosine,-0.002575451471374084,0.09695242746020198,0.07457066001249991,0.13853151791915758,0.096952427460202,0.16057438639790517
188,10,10,0.1,cosine,20,5.0,0.1,eom,euclidean,-0.002454174739506409,0.09332545387565654,0.07125230036289806,0.13521286351947345,0.09332545387565652,0.16356664824624398
189,10,10,0.1,cosine,20,5.0,0.1,eom,cosine,0.0034388021934776774,0.05336473933391901,0.035252113110207185,0.10975940175772109,0.05336473933391902,0.2367725889997441
190,10,10,0.1,cosine,20,5.0,0.1,leaf,euclidean,0.002862766824427683,0.1008270667945101,0.07727463089440668,0.14503082704527726,0.10082706679451012,0.168490769411235
191,10,10,0.1,cosine,20,5.0,0.1,leaf,cosine,0.005599991321522015,0.06987199390150825,0.04784936231014159,0.12945232549680838,0.06987199390150826,0.2138306744666446
192,10,10,0.3,euclidean,5,,0.0,eom,euclidean,0.012556135406767269,0.18226321483997832,0.15302331315029144,0.22531711374842267,0.18226321483997832,0.15997246280686866
193,10,10,0.3,euclidean,5,,0.0,eom,cosine,0.030188386625318475,0.2021268627086255,0.17627272420030876,0.23686868587282603,0.2021268627086255,0.15484901033226137
194,10,10,0.3,euclidean,5,,0.0,leaf,euclidean,0.0031339135159130587,0.1999899813382362,0.1694450458384497,0.24396893186380372,0.1999899813382362,0.15973410197651303
195,10,10,0.3,euclidean,5,,0.0,leaf,cosine,0.012290575008280288,0.21253906200257183,0.1782028684754995,0.2632650718140784,0.21253906200257183,0.17739971880919378
196,10,10,0.3,euclidean,5,,0.1,eom,euclidean,0.005519752285626032,0.1273575971371088,0.09856786677388168,0.17990401167170533,0.12735759713710884,0.17512121704386577
197,10,10,0.3,euclidean,5,,0.1,eom,cosine,0.012249669709568346,0.09004475787721944,0.05577598007971087,0.2335187327362554,0.09004475787721945,0.2767080166701617
198,10,10,0.3,euclidean,5,,0.1,leaf,euclidean,-0.0027354767332541195,0.21904573885698975,0.19700471846662732,0.2466399864046408,0.21904573885698977,0.13163077047134616
199,10,10,0.3,euclidean,5,,0.1,leaf,cosine,0.006191902723538117,0.07940675640503067,0.05110959865112122,0.17790500667311349,0.07940675640503066,0.25167104494051384
200,10,10,0.3,euclidean,5,5.0,0.0,eom,euclidean,0.022312664130168858,0.21812876238441153,0.18717599875129745,0.26134696880908787,0.2181287623844115,0.15779176247437005
201,10,10,0.3,euclidean,5,5.0,0.0,eom,cosine,0.022141651844757606,0.21893687961473787,0.19005592377669805,0.25816819718433714,0.21893687961473787,0.16118582278105334
202,10,10,0.3,euclidean,5,5.0,0.0,leaf,euclidean,0.02400587787316912,0.212847783231079,0.182723736379082,0.2548651465315377,0.21284778323107903,0.1707679438278919
203,10,10,0.3,euclidean,5,5.0,0.0,leaf,cosine,0.010881335510890202,0.21431408672298802,0.18547637206165546,0.2537700459567708,0.21431408672298802,0.16073836649443562
204,10,10,0.3,euclidean,5,5.0,0.1,eom,euclidean,0.024234834606089658,0.18488923017891748,0.15951041453205814,0.2198718124100927,0.18488923017891745,0.1555865023416871
205,10,10,0.3,euclidean,5,5.0,0.1,eom,cosine,0.01667193532709944,0.10512729376014039,0.06887793853073354,0.22192049255227386,0.10512729376014039,0.2528761554372741
206,10,10,0.3,euclidean,5,5.0,0.1,leaf,euclidean,-0.002901844904914086,0.2265152102905159,0.19055838501864622,0.27919752378837004,0.22651521029051594,0.16888865540303538
207,10,10,0.3,euclidean,5,5.0,0.1,leaf,cosine,0.009984269980167921,0.0840953776821075,0.060350399620336524,0.1386458462503552,0.0840953776821075,0.1933270457432375
208,10,10,0.3,euclidean,10,,0.0,eom,euclidean,0.026777571189402983,0.10919091760415575,0.07749944829957087,0.18473279239348725,0.10919091760415575,0.21791278559840346
209,10,10,0.3,euclidean,10,,0.0,eom,cosine,0.02437806020445252,0.1163923052722882,0.08234621777493324,0.19843561626432346,0.1163923052722882,0.21724721937017125
210,10,10,0.3,euclidean,10,,0.0,leaf,euclidean,0.017670716014757927,0.14533968100352637,0.10538824704711579,0.2340745749050593,0.1453396810035264,0.21592915996253578
211,10,10,0.3,euclidean,10,,0.0,leaf,cosine,-0.00279684514068311,0.0979603500353188,0.07030899246486488,0.16145980736009252,0.0979603500353188,0.1916616276183277
212,10,10,0.3,euclidean,10,,0.1,eom,euclidean,0.007833629970473295,0.10545174868501642,0.07356805393045682,0.18611009231505793,0.10545174868501639,0.21023236397081743
213,10,10,0.3,euclidean,10,,0.1,eom,cosine,0.011099491966314724,0.08354019514854974,0.05442039815190355,0.17969101420845485,0.08354019514854974,0.24835475152051834
214,10,10,0.3,euclidean,10,,0.1,leaf,euclidean,0.00905582039495564,0.11894186071164363,0.08398510837447754,0.20374627806258352,0.11894186071164362,0.2195590336549769
215,10,10,0.3,euclidean,10,,0.1,leaf,cosine,0.00820737999996372,0.09544999255573162,0.062161085157853,0.20550147498047747,0.09544999255573165,0.24426209328706977
216,10,10,0.3,euclidean,10,5.0,0.0,eom,euclidean,0.02655697220099869,0.20170139398747858,0.17278306525150536,0.24224550061922587,0.2017013939874786,0.16149340879180846
217,10,10,0.3,euclidean,10,5.0,0.0,eom,cosine,0.023420396949506435,0.15856566721192314,0.12933891304500497,0.2048573447349281,0.15856566721192314,0.1776382491824589
218,10,10,0.3,euclidean,10,5.0,0.0,leaf,euclidean,0.019763005487701168,0.228224743024581,0.19780667709716898,0.26969802624901723,0.22822474302458098,0.16224629524350836
219,10,10,0.3,euclidean,10,5.0,0.0,leaf,cosine,0.011849367455219268,0.17095186065349352,0.14089900314600123,0.21730071544917404,0.1709518606534935,0.15943736935589906
220,10,10,0.3,euclidean,10,5.0,0.1,eom,euclidean,0.006402130452938081,0.08615788022847205,0.05333395386016666,0.22404360065429108,0.08615788022847207,0.2695186628569333
221,10,10,0.3,euclidean,10,5.0,0.1,eom,cosine,0.005698340118341932,0.08761957874035219,0.0550611756910433,0.2143930037336896,0.08761957874035219,0.2624932319007622
222,10,10,0.3,euclidean,10,5.0,0.1,leaf,euclidean,0.011645480829515753,0.20240040773160548,0.16984089057028742,0.25040444051005684,0.2024004077316055,0.1647672622024988
223,10,10,0.3,euclidean,10,5.0,0.1,leaf,cosine,0.002962022084482266,0.07284710242550468,0.05210178810367425,0.12104244632054154,0.07284710242550468,0.18845325250424946
224,10,10,0.3,euclidean,20,,0.0,eom,euclidean,0.0,0.0,0.0,1.0,0.0,0.3156290382484226
225,10,10,0.3,euclidean,20,,0.0,eom,cosine,0.024193347178823387,0.12140045658504667,0.08032736340042164,0.2484259302102595,0.12140045658504668,0.25942859992115785
226,10,10,0.3,euclidean,20,,0.0,leaf,euclidean,0.012401654526901873,0.11421494578767834,0.07691035095144466,0.22179381044708457,0.11421494578767834,0.23652537021964307
227,10,10,0.3,euclidean,20,,0.0,leaf,cosine,0.0,0.0,0.0,1.0,0.0,0.3156290382484226
228,10,10,0.3,euclidean,20,,0.1,eom,euclidean,0.021164421507544086,0.11522167330038734,0.0788033045628291,0.21422348380472503,0.11522167330038735,0.2367075036337184
229,10,10,0.3,euclidean,20,,0.1,eom,cosine,0.0,0.0,0.0,1.0,0.0,0.3156290382484226
230,10,10,0.3,euclidean,20,,0.1,leaf,euclidean,0.020917924741126078,0.12380997252800009,0.0828775435688455,0.24463078687300088,0.1238099725280001,0.2490322593445807
231,10,10,0.3,euclidean,20,,0.1,leaf,cosine,0.0,0.0,0.0,1.0,0.0,0.3156290382484226
232,10,10,0.3,euclidean,20,5.0,0.0,eom,euclidean,0.010337073532665999,0.0775232401658968,0.05554314231391541,0.12829242490364146,0.0775232401658968,0.19463516808251088
233,10,10,0.3,euclidean,20,5.0,0.0,eom,cosine,0.026660951919322728,0.15593007134694786,0.11853775532268633,0.22778360440932793,0.15593007134694786,0.19501657768148048
234,10,10,0.3,euclidean,20,5.0,0.0,leaf,euclidean,-0.002031329889873664,0.059140842289359834,0.04217115793832271,0.09896396701375022,0.059140842289359834,0.18559137213189456
235,10,10,0.3,euclidean,20,5.0,0.0,leaf,cosine,-0.0002672459740928609,0.07041816180042498,0.04952822690733284,0.12178403287159847,0.07041816180042497,0.19451755880402308
236,10,10,0.3,euclidean,20,5.0,0.1,eom,euclidean,0.005411895875474518,0.07585670916667242,0.054174713971749784,0.12647496659693105,0.07585670916667242,0.19211104681087557
237,10,10,0.3,euclidean,20,5.0,0.1,eom,cosine,0.003641464091503694,0.07436680025864062,0.052763583102223,0.12592467149832717,0.07436680025864062,0.19467771093358985
238,10,10,0.3,euclidean,20,5.0,0.1,leaf,euclidean,0.002859878904492571,0.06060133643432752,0.04252910466861096,0.1053822616859657,0.060601336434327524,0.19906092309771106
239,10,10,0.3,euclidean,20,5.0,0.1,leaf,cosine,0.004289399752378383,0.05943342434565756,0.041750329952599266,0.10310137491716873,0.05943342434565756,0.1998084554034536
240,10,10,0.3,cosine,5,,0.0,eom,euclidean,0.004122627053018572,0.20607819229623214,0.18165129186680887,0.23809518048664494,0.20607819229623217,0.15058210894967247
241,10,10,0.3,cosine,5,,0.0,eom,cosine,0.008476500151927382,0.19090284376452013,0.1654569435155924,0.2255979264260832,0.19090284376452013,0.14913367290928106
242,10,10,0.3,cosine,5,,0.0,leaf,euclidean,-0.0021346800681656683,0.18916570982886743,0.16819712662533165,0.216107068030305,0.18916570982886743,0.13957740867475973
243,10,10,0.3,cosine,5,,0.0,leaf,cosine,0.015816882943203697,0.23451960062027194,0.20995258208669462,0.2655977885034108,0.23451960062027194,0.1605459969766174
244,10,10,0.3,cosine,5,,0.1,eom,euclidean,0.003367523852815072,0.22153591801571898,0.19864918108982865,0.2503830036339198,0.22153591801571898,0.14591259495784906
245,10,10,0.3,cosine,5,,0.1,eom,cosine,-0.0032520628359266382,0.05107083041059991,0.03333983499502338,0.10908517896424973,0.05107083041059993,0.22276160867903616
246,10,10,0.3,cosine,5,,0.1,leaf,euclidean,0.003582685011861832,0.21815298379098869,0.19658387097405228,0.24503852400648854,0.21815298379098866,0.14263645710486902
247,10,10,0.3,cosine,5,,0.1,leaf,cosine,-0.0014778088205074393,0.054553094981807625,0.037633405108591714,0.09911397834955321,0.05455309498180763,0.2072807469194648
248,10,10,0.3,cosine,5,5.0,0.0,eom,euclidean,0.0018320386070901878,0.20188204611223762,0.17780209141182593,0.23350605700102298,0.20188204611223765,0.14267781288132014
249,10,10,0.3,cosine,5,5.0,0.0,eom,cosine,-0.003589491606645962,0.1706673291971943,0.1471436836042359,0.20314359947600866,0.17066732919719427,0.14658161573149642
250,10,10,0.3,cosine,5,5.0,0.0,leaf,euclidean,0.0035612638388577175,0.2083001460196133,0.18539871011634892,0.2376567765588637,0.2083001460196133,0.14558497812842525
251,10,10,0.3,cosine,5,5.0,0.0,leaf,cosine,-0.007013234264560851,0.19015574268421653,0.1634236971811232,0.227343470710814,0.1901557426842165,0.15473065274347883
252,10,10,0.3,cosine,5,5.0,0.1,eom,euclidean,-0.004063995922013372,0.17088147586208116,0.15085445866730862,0.19703995008460443,0.17088147586208116,0.1325997108036552
253,10,10,0.3,cosine,5,5.0,0.1,eom,cosine,-0.011653363564763592,0.049231833650126504,0.03100001106954015,0.1195304556670697,0.049231833650126504,0.2380942460379464
254,10,10,0.3,cosine,5,5.0,0.1,leaf,euclidean,0.004172923733976669,0.20972662328555325,0.1851462203609597,0.24183286474268267,0.20972662328555325,0.15040287640523742
255,10,10,0.3,cosine,5,5.0,0.1,leaf,cosine,-0.006620922127493122,0.04657050723874445,0.028446834381993604,0.12833118064331023,0.04657050723874445,0.2579706927953211
256,10,10,0.3,cosine,10,,0.0,eom,euclidean,-0.010184761109857355,0.10451678329112808,0.07708917982444352,0.16224038165359905,0.10451678329112807,0.17873034786290207
257,10,10,0.3,cosine,10,,0.0,eom,cosine,0.0007577048658682462,0.08186124616902013,0.058583500029430385,0.13583390209752702,0.08186124616902012,0.1857166154089909
258,10,10,0.3,cosine,10,,0.0,leaf,euclidean,-0.020491577579673775,0.08282964368005423,0.061203653158784906,0.12808934245284187,0.08282964368005422,0.17992144828536638
259,10,10,0.3,cosine,10,,0.0,leaf,cosine,-0.003746715260722068,0.08056731135891756,0.055861110302452714,0.14445811512585713,0.08056731135891756,0.2009738667693343
260,10,10,0.3,cosine,10,,0.1,eom,euclidean,-0.0007257694620608198,0.10788212480155394,0.08141532680993627,0.15984519761593155,0.10788212480155394,0.1736102998973262
261,10,10,0.3,cosine,10,,0.1,eom,cosine,-0.005199879854392342,0.07653210650372261,0.05445147533238779,0.12873578732423055,0.07653210650372261,0.1830197569249972
262,10,10,0.3,cosine,10,,0.1,leaf,euclidean,-0.0058514101799151275,0.10652639515158822,0.07917963013480742,0.16272919794209176,0.10652639515158822,0.1908517515187401
263,10,10,0.3,cosine,10,,0.1,leaf,cosine,-0.005207355952208579,0.05931324683892765,0.03817655295186472,0.13288697401087826,0.05931324683892765,0.23815355717515424
264,10,10,0.3,cosine,10,5.0,0.0,eom,euclidean,0.0024900951993439445,0.13529028588758568,0.11117040791712123,0.17277638951265775,0.13529028588758568,0.15577132380249692
265,10,10,0.3,cosine,10,5.0,0.0,eom,cosine,0.004529737105413072,0.15902604595806077,0.1281578750779388,0.2094819827038701,0.15902604595806075,0.1669372446331632
266,10,10,0.3,cosine,10,5.0,0.0,leaf,euclidean,0.011370447112009179,0.16441859428117533,0.1389408283829139,0.20133826102279564,0.16441859428117533,0.15602338379634278
267,10,10,0.3,cosine,10,5.0,0.0,leaf,cosine,0.002491980607241754,0.1449683848451582,0.1168500263205514,0.190907710917373,0.14496838484515823,0.1648518836202504
268,10,10,0.3,cosine,10,5.0,0.1,eom,euclidean,0.0035926244457050146,0.17089953930077545,0.14017344493392306,0.21887763419846154,0.17089953930077548,0.17010341061574832
269,10,10,0.3,cosine,10,5.0,0.1,eom,cosine,-0.00040105149167522753,0.05830696957995919,0.04048004693404239,0.10419175894495693,0.0583069695799592,0.20407601279781967
270,10,10,0.3,cosine,10,5.0,0.1,leaf,euclidean,-0.002322959723977727,0.1399752924230672,0.11353724898228959,0.1824633132805345,0.13997529242306717,0.15883337688073737
271,10,10,0.3,cosine,10,5.0,0.1,leaf,cosine,-0.006032821321148424,0.052171482650175204,0.037226558375759874,0.08716437652611367,0.052171482650175204,0.18066213336910245
272,10,10,0.3,cosine,20,,0.0,eom,euclidean,0.0,0.0,0.0,1.0,0.0,0.3156290382484226
273,10,10,0.3,cosine,20,,0.0,eom,cosine,0.006176726342981881,0.08247098841819596,0.05341196864269494,0.1808790332270057,0.08247098841819595,0.249698116868349
274,10,10,0.3,cosine,20,,0.0,leaf,euclidean,0.0,0.0,0.0,1.0,0.0,0.3156290382484226
275,10,10,0.3,cosine,20,,0.0,leaf,cosine,0.0,0.0,0.0,1.0,0.0,0.3156290382484226
276,10,10,0.3,cosine,20,,0.1,eom,euclidean,0.0,0.0,0.0,1.0,0.0,0.3156290382484226
277,10,10,0.3,cosine,20,,0.1,eom,cosine,0.004100157139822171,0.09361636410981554,0.06276392661363919,0.1841258671820747,0.09361636410981553,0.22970153214058467
278,10,10,0.3,cosine,20,,0.1,leaf,euclidean,0.0,0.0,0.0,1.0,0.0,0.3156290382484226
279,10,10,0.3,cosine,20,,0.1,leaf,cosine,0.013724448999008517,0.10197790348356811,0.06723822239735704,0.2109883298575218,0.1019779034835681,0.24899891356919865
280,10,10,0.3,cosine,20,5.0,0.0,eom,euclidean,-0.0033731353655146856,0.09231700651938118,0.07102112022143056,0.1318537229726262,0.09231700651938118,0.16000818897584398
281,10,10,0.3,cosine,20,5.0,0.0,eom,cosine,0.004758652596329669,0.08303608030891677,0.05805713299469162,0.14574066438896321,0.08303608030891675,0.20444119686565307
282,10,10,0.3,cosine,20,5.0,0.0,leaf,euclidean,-0.008931668400971211,0.08757504643509029,0.06715761626944419,0.1258302940900921,0.08757504643509029,0.15680684060564423
283,10,10,0.3,cosine,20,5.0,0.0,leaf,cosine,-0.006864448500987161,0.08437359605552851,0.0633161568903432,0.12641679948736131,0.08437359605552851,0.17246254941371547
284,10,10,0.3,cosine,20,5.0,0.1,eom,euclidean,-0.003048048817182009,0.06461048254289505,0.046233591814470516,0.1072336120345751,0.06461048254289505,0.182167415834305
285,10,10,0.3,cosine,20,5.0,0.1,eom,cosine,-0.01143850371755499,0.059043279126285306,0.04048125196764425,0.10904335715035722,0.059043279126285306,0.19891152222958453
286,10,10,0.3,cosine,20,5.0,0.1,leaf,euclidean,-0.00239006132459054,0.09331774849803581,0.07059928146678549,0.1375951113139392,0.09331774849803581,0.16984005404309446
287,10,10,0.3,cosine,20,5.0,0.1,leaf,cosine,-0.0016587156082539377,0.0667559643975935,0.04783087890977243,0.11046216248060432,0.06675596439759351,0.18270517146558402
288,10,15,0.0,euclidean,5,,0.0,eom,euclidean,0.02656536383490051,0.17399863970728283,0.14478435656727504,0.21798273849375502,0.17399863970728283,0.16773218007300056
289,10,15,0.0,euclidean,5,,0.0,eom,cosine,0.02344373060450724,0.24324611448236003,0.22292461700197816,0.2676441855201509,0.24324611448235997,0.14428071453057803
290,10,15,0.0,euclidean,5,,0.0,leaf,euclidean,0.028433182585522566,0.25769304870832127,0.24018500363427345,0.2779542447531463,0.25769304870832127,0.14510583000006336
291,10,15,0.0,euclidean,5,,0.0,leaf,cosine,0.004844713157531953,0.23780680834566484,0.21864685420842922,0.26064724318022914,0.2378068083456649,0.13394632924130218
292,10,15,0.0,euclidean,5,,0.1,eom,euclidean,0.018863585030615658,0.21224950635296405,0.182696959574533,0.25320766702413494,0.21224950635296402,0.15716304409859752
293,10,15,0.0,euclidean,5,,0.1,eom,cosine,0.0024602124963257416,0.0670224622566756,0.04714412576247677,0.11588571152112953,0.06702246225667559,0.19762830109783167
294,10,15,0.0,euclidean,5,,0.1,leaf,euclidean,0.01920257054330779,0.23751317256270316,0.21522289596009644,0.2649540186509196,0.23751317256270316,0.15126063291312838
295,10,15,0.0,euclidean,5,,0.1,leaf,cosine,-0.0014097754467514946,0.07246088564477561,0.050467803369491956,0.12842765752123875,0.0724608856447756,0.19893989200752163
296,10,15,0.0,euclidean,5,5.0,0.0,eom,euclidean,0.030097002064038137,0.1740891784909621,0.14448879388097802,0.2189423248828989,0.17408917849096206,0.17103693686084004
297,10,15,0.0,euclidean,5,5.0,0.0,eom,cosine,0.010670130681482695,0.21084302252347825,0.1868919838869542,0.2418352901265656,0.21084302252347822,0.1411437056763621
298,10,15,0.0,euclidean,5,5.0,0.0,leaf,euclidean,0.022911990744673746,0.2475476369925931,0.22522781620261945,0.2747778054412031,0.2475476369925931,0.14980285104582397
299,10,15,0.0,euclidean,5,5.0,0.0,leaf,cosine,0.02230165300605409,0.25468375357074247,0.23097630826852167,0.28381452155360315,0.2546837535707424,0.15757958362855756
300,10,15,0.0,euclidean,5,5.0,0.1,eom,euclidean,0.020231693612548948,0.15665075366352524,0.12848084791172745,0.20064233495696018,0.15665075366352524,0.1677712074355083
301,10,15,0.0,euclidean,5,5.0,0.1,eom,cosine,-0.00045124040897687905,0.06995598577150111,0.04850377866141987,0.12543188640492944,0.06995598577150111,0.20448944461369584
302,10,15,0.0,euclidean,5,5.0,0.1,leaf,euclidean,-0.002991086549491119,0.22753582472985984,0.20578841265616338,0.25442285167639794,0.2275358247298598,0.12969849328760302
303,10,15,0.0,euclidean,5,5.0,0.1,leaf,cosine,0.010617617908126667,0.08035284164788328,0.047314070591979854,0.26632155860451134,0.0803528416478833,0.29136400576783406
304,10,15,0.0,euclidean,10,,0.0,eom,euclidean,0.01566944238548565,0.08542526044843954,0.061348551210316446,0.14060791439246675,0.08542526044843954,0.19849873085466044
305,10,15,0.0,euclidean,10,,0.0,eom,cosine,0.013147575733711345,0.1280831004366203,0.09427785853924413,0.19968377581120134,0.1280831004366203,0.19639858357226753
306,10,15,0.0,euclidean,10,,0.0,leaf,euclidean,0.00835811164402739,0.20132452843448403,0.1647318003302291,0.2588168576807005,0.20132452843448406,0.17528518524450418
307,10,15,0.0,euclidean,10,,0.0,leaf,cosine,0.0020559123680169264,0.10859725843687222,0.08017903190257561,0.16822039353503462,0.10859725843687222,0.18523423339510006
308,10,15,0.0,euclidean,10,,0.1,eom,euclidean,0.03043973186053375,0.2106811611955233,0.16915411178423065,0.2792321944037447,0.2106811611955233,0.19487702294766193
309,10,15,0.0,euclidean,10,,0.1,eom,cosine,0.0035810184941220007,0.08961179129143115,0.06373421366197586,0.15086752684243157,0.08961179129143114,0.19307545866125686
310,10,15,0.0,euclidean,10,,0.1,leaf,euclidean,0.015189480720110598,0.17543867072597075,0.13195684973556282,0.2616595285600466,0.17543867072597075,0.2078191162217138
311,10,15,0.0,euclidean,10,,0.1,leaf,cosine,0.01371732799237329,0.09177535653570447,0.05520233493385636,0.2719485082390795,0.09177535653570447,0.28990566125617995
312,10,15,0.0,euclidean,10,5.0,0.0,eom,euclidean,0.031206104551839337,0.21684153571906223,0.18969690733859537,0.25305193487353894,0.21684153571906226,0.16211419771842306
313,10,15,0.0,euclidean,10,5.0,0.0,eom,cosine,0.04120676127940071,0.21009064888149948,0.18189094365858588,0.24863867822169275,0.21009064888149948,0.16891934422344665
314,10,15,0.0,euclidean,10,5.0,0.0,leaf,euclidean,0.017520066020979254,0.19823321184850837,0.16572554119184266,0.2466058508803172,0.19823321184850837,0.17007977608015792
315,10,15,0.0,euclidean,10,5.0,0.0,leaf,cosine,0.009844860934948036,0.19556880719579336,0.16982945542873942,0.23050399146698208,0.19556880719579336,0.15060784218705078
316,10,15,0.0,euclidean,10,5.0,0.1,eom,euclidean,0.027769305856801676,0.1688160064194918,0.14043951159661225,0.211563441479662,0.16881600641949177,0.16792540414086243
317,10,15,0.0,euclidean,10,5.0,0.1,eom,cosine,0.015617748398738762,0.09338284195550633,0.055861117303201806,0.2844407111992159,0.09338284195550632,0.29407327515606035
318,10,15,0.0,euclidean,10,5.0,0.1,leaf,euclidean,0.03650406404709239,0.22945828050814607,0.20260850103512476,0.26451147260664154,0.2294582805081461,0.16305806576035364
319,10,15,0.0,euclidean,10,5.0,0.1,leaf,cosine,-0.00098484467852558,0.062147007004325315,0.04345537230352013,0.10905548145633516,0.06214700700432531,0.19735333034126398
320,10,15,0.0,euclidean,20,,0.0,eom,euclidean,0.018299065774409796,0.10791077006135974,0.07292870706407562,0.20739101262846246,0.10791077006135973,0.24012680400880532
321,10,15,0.0,euclidean,20,,0.0,eom,cosine,0.0329585065525308,0.1168313401358488,0.08083814446842368,0.21060184044921898,0.11683134013584878,0.24229089895095393
322,10,15,0.0,euclidean,20,,0.0,leaf,euclidean,0.011577052835980475,0.1174629523163413,0.07537379215030314,0.2659974776779373,0.11746295231634131,0.2604826236240087
323,10,15,0.0,euclidean,20,,0.0,leaf,cosine,0.018364695962095993,0.11804919963092284,0.08260485554969872,0.20677123253399135,0.11804919963092284,0.2194060854514655
324,10,15,0.0,euclidean,20,,0.1,eom,euclidean,0.032444168988271294,0.12816331284117521,0.08864896913244827,0.23123297401763637,0.1281633128411752,0.2418656286051896
325,10,15,0.0,euclidean,20,,0.1,eom,cosine,0.021099968871300518,0.09635646377507802,0.06723879465022461,0.16995543525288365,0.09635646377507802,0.22307631968833064
326,10,15,0.0,euclidean,20,,0.1,leaf,euclidean,0.027647487263502732,0.13414584664871035,0.09142879799445862,0.2517830642743342,0.13414584664871035,0.24607482575580508
327,10,15,0.0,euclidean,20,,0.1,leaf,cosine,0.027945531459028953,0.12533947707814502,0.08648947447616315,0.2275538555976522,0.12533947707814502,0.2383930230395353
328,10,15,0.0,euclidean,20,5.0,0.0,eom,euclidean,0.010588402501421262,0.09629059679200253,0.06841559224513379,0.16249834008805353,0.09629059679200254,0.20093306448247394
329,10,15,0.0,euclidean,20,5.0,0.0,eom,cosine,0.025968694489798445,0.11827750134393722,0.09176593155121414,0.16633133479332596,0.11827750134393722,0.1823770043571104
330,10,15,0.0,euclidean,20,5.0,0.0,leaf,euclidean,0.025605884741860957,0.12308409193694304,0.0940029538499405,0.1782184937072483,0.12308409193694303,0.1905316180861557
331,10,15,0.0,euclidean,20,5.0,0.0,leaf,cosine,0.03170289897546682,0.14943630040450973,0.11397889987682733,0.21691619827626976,0.14943630040450973,0.197407889882637
332,10,15,0.0,euclidean,20,5.0,0.1,eom,euclidean,0.02936825464222794,0.12589043749323633,0.0967645125434763,0.18010025417872103,0.12589043749323633,0.19120699590452817
333,10,15,0.0,euclidean,20,5.0,0.1,eom,cosine,-0.009655667599939969,0.063621211944375,0.043426845383484285,0.1189226752476954,0.06362121194437499,0.2021623187861707
334,10,15,0.0,euclidean,20,5.0,0.1,leaf,euclidean,0.033178510319699976,0.14148029389968636,0.10882032815530603,0.20215150666699513,0.14148029389968633,0.19435566204358604
335,10,15,0.0,euclidean,20,5.0,0.1,leaf,cosine,-0.0021149567094798528,0.06349106001534899,0.04427972700182464,0.11214786259734927,0.06349106001534899,0.19721499844919405
336,10,15,0.0,cosine,5,,0.0,eom,euclidean,0.004776272338421207,0.20431658351719725,0.1879857532970558,0.22375476435564384,0.20431658351719725,0.12663473919523172
337,10,15,0.0,cosine,5,,0.0,eom,cosine,0.0043151738955193655,0.20088151034395843,0.1834646088935888,0.22195216240374993,0.2008815103439584,0.1288174095473937
338,10,15,0.0,cosine,5,,0.0,leaf,euclidean,-0.006799340435881271,0.18927954559645838,0.16666449676607384,0.21899549541507865,0.18927954559645838,0.13444324217999576
339,10,15,0.0,cosine,5,,0.0,leaf,cosine,-0.008746560159441742,0.18868483202882774,0.17263851833250504,0.2080197408865637,0.18868483202882774,0.11839846762175138
340,10,15,0.0,cosine,5,,0.1,eom,euclidean,0.007547358608425407,0.20754758039813018,0.1931060207372143,0.22432378058221905,0.2075475803981302,0.12171241229859049
341,10,15,0.0,cosine,5,,0.1,eom,cosine,-0.00577481968238348,0.06877419006874659,0.04558407913613509,0.13999341671495547,0.06877419006874659,0.22397403193322338
342,10,15,0.0,cosine,5,,0.1,leaf,euclidean,0.0019268172232767477,0.21569140892184654,0.1946749591776848,0.24179475203264703,0.21569140892184652,0.14250945638308504
343,10,15,0.0,cosine,5,,0.1,leaf,cosine,0.010587651062668912,0.07778205029416471,0.04521790526580888,0.2779522699641299,0.07778205029416471,0.2961396351455052
344,10,15,0.0,cosine,5,5.0,0.0,eom,euclidean,0.001524153813231278,0.20662319416612843,0.18821324096314426,0.22902513576235012,0.20662319416612843,0.1294289331126904
345,10,15,0.0,cosine,5,5.0,0.0,eom,cosine,0.009103485027457461,0.18749269341276084,0.16039415593962816,0.22560930847360283,0.18749269341276084,0.15129032771370474
346,10,15,0.0,cosine,5,5.0,0.0,leaf,euclidean,0.0012911044246233974,0.20523367082156854,0.18452764275580735,0.23117392392010427,0.20523367082156857,0.1372482669712717
347,10,15,0.0,cosine,5,5.0,0.0,leaf,cosine,0.012214978321025406,0.202325718701511,0.18850716646286406,0.2183304739370759,0.20232571870151098,0.12589137924446486
348,10,15,0.0,cosine,5,5.0,0.1,eom,euclidean,0.0005249579678924356,0.20508439397125164,0.1880169550783241,0.22555982695347387,0.2050843939712516,0.1249472462521346
349,10,15,0.0,cosine,5,5.0,0.1,eom,cosine,0.0015792506069850483,0.041166333810090376,0.024816766864385983,0.12065562625638061,0.04116633381009037,0.2717806699561759
350,10,15,0.0,cosine,5,5.0,0.1,leaf,euclidean,-0.0011299221086667468,0.19826086938653192,0.17793818249948723,0.22382430497920391,0.19826086938653192,0.13481836692165305
351,10,15,0.0,cosine,5,5.0,0.1,leaf,cosine,0.013329448612426251,0.06782349592106417,0.045446208371648845,0.1336135639752882,0.06782349592106417,0.24023112790079068
352,10,15,0.0,cosine,10,,0.0,eom,euclidean,0.005415510303476391,0.12590324423324498,0.09805660530365999,0.17583892093684625,0.12590324423324498,0.17489458665093885
353,10,15,0.0,cosine,10,,0.0,eom,cosine,0.020326366316054424,0.14462116516333104,0.11433655589160062,0.19672936319474307,0.14462116516333104,0.18047939136589145
354,10,15,0.0,cosine,10,,0.0,leaf,euclidean,-0.007591594895937729,0.12644223851491135,0.10046264108940442,0.1705451415732292,0.12644223851491138,0.16555280195557417
355,10,15,0.0,cosine,10,,0.0,leaf,cosine,-0.005312155129203365,0.12854678475324668,0.10307796529424097,0.17073169501970792,0.12854678475324668,0.15981999002412478
356,10,15,0.0,cosine,10,,0.1,eom,euclidean,0.0013729494620156291,0.12734445499269084,0.10018054379790721,0.17471959875440948,0.12734445499269081,0.164312755632793
357,10,15,0.0,cosine,10,,0.1,eom,cosine,-0.003008193738897694,0.06963275451945052,0.05003388798121952,0.11447330326269808,0.06963275451945052,0.17939848836184294
358,10,15,0.0,cosine,10,,0.1,leaf,euclidean,-0.002406330588941962,0.12756687961122043,0.10217566693471015,0.16975091024579866,0.1275668796112204,0.15151133518625842
359,10,15,0.0,cosine,10,,0.1,leaf,cosine,0.007221534295696305,0.0847271946425557,0.05693514891520888,0.1655264853933244,0.08472719464255568,0.2245539600669794
360,10,15,0.0,cosine,10,5.0,0.0,eom,euclidean,0.0021556363967046113,0.18383556465269113,0.16648545169114398,0.20522263387615072,0.18383556465269107,0.1242302398834798
361,10,15,0.0,cosine,10,5.0,0.0,eom,cosine,-0.0011025231702134991,0.15589114087831776,0.13293100673042887,0.18843868208607847,0.15589114087831776,0.13897922022801643
362,10,15,0.0,cosine,10,5.0,0.0,leaf,euclidean,-0.0015462727969478326,0.18613832322969834,0.16138583884795044,0.21985912263909535,0.18613832322969834,0.1396334692119565
363,10,15,0.0,cosine,10,5.0,0.0,leaf,cosine,-0.00041281881038396573,0.16774192755723236,0.1390850557879694,0.21127210919566536,0.16774192755723233,0.16067909096863076
364,10,15,0.0,cosine,10,5.0,0.1,eom,euclidean,-0.003730467566494323,0.14785853613532474,0.12747987630588975,0.175992285778051,0.14785853613532474,0.13163186565396576
365,10,15,0.0,cosine,10,5.0,0.1,eom,cosine,0.013374209290232628,0.09336022758389034,0.05640580277369164,0.27072933310367103,0.09336022758389036,0.28782199355224947
366,10,15,0.0,cosine,10,5.0,0.1,leaf,euclidean,-0.007307534510961681,0.15500071620455225,0.12911004763720849,0.1938797736753078,0.15500071620455222,0.15077514347685952
367,10,15,0.0,cosine,10,5.0,0.1,leaf,cosine,-0.008403663090745198,0.051582111192812356,0.03489566150580103,0.09885062076556204,0.05158211119281236,0.21083047219902495
368,10,15,0.0,cosine,20,,0.0,eom,euclidean,0.00051046784426729,0.07142251322867718,0.048888834741303976,0.13248881594183726,0.07142251322867717,0.21390779315866754
369,10,15,0.0,cosine,20,,0.0,eom,cosine,0.0,0.0,0.0,1.0,0.0,0.3156290382484226
370,10,15,0.0,cosine,20,,0.0,leaf,euclidean,-0.003067335673792094,0.06610730551197382,0.044219139178041725,0.1309037525380524,0.06610730551197382,0.22286564212717277
371,10,15,0.0,cosine,20,,0.0,leaf,cosine,0.00649600377494122,0.09038371798517456,0.06100613271497995,0.17433494548880965,0.09038371798517457,0.22864220607884872
372,10,15,0.0,cosine,20,,0.1,eom,euclidean,0.0,0.0,0.0,1.0,0.0,0.3156290382484226
373,10,15,0.0,cosine,20,,0.1,eom,cosine,0.004082826540029006,0.07804589859458347,0.05192660751977492,0.15703526375907048,0.07804589859458347,0.23364354006912805
374,10,15,0.0,cosine,20,,0.1,leaf,euclidean,0.0,0.0,0.0,1.0,0.0,0.3156290382484226
375,10,15,0.0,cosine,20,,0.1,leaf,cosine,0.0,0.0,0.0,1.0,0.0,0.3156290382484226
376,10,15,0.0,cosine,20,5.0,0.0,eom,euclidean,-0.005238563576063281,0.09881478786857266,0.07576789163608068,0.14201150949359118,0.09881478786857266,0.15985514233732326
377,10,15,0.0,cosine,20,5.0,0.0,eom,cosine,-0.0059310484372100064,0.0879823007681355,0.06739131668567624,0.1266923281094858,0.08798230076813549,0.16025757486656092
378,10,15,0.0,cosine,20,5.0,0.0,leaf,euclidean,-0.0005452081459472861,0.0668500233244753,0.04777048603874906,0.11130542016584376,0.06685002332447529,0.1853797756161663
379,10,15,0.0,cosine,20,5.0,0.0,leaf,cosine,-0.008942951909570283,0.11440088046869087,0.0911173722482052,0.15366819744970636,0.11440088046869089,0.1488490855273652
380,10,15,0.0,cosine,20,5.0,0.1,eom,euclidean,0.0041824327077971315,0.10210226832374202,0.07714218331267494,0.1509404979107047,0.10210226832374202,0.17637730820842715
381,10,15,0.0,cosine,20,5.0,0.1,eom,cosine,-0.008144993592647396,0.049329235794830145,0.03358440092993107,0.09286620686071664,0.04932923579483014,0.20764310628415747
382,10,15,0.0,cosine,20,5.0,0.1,leaf,euclidean,-0.00603337149020871,0.0957078337309231,0.07259409867046307,0.14041578150396453,0.09570783373092309,0.16471631120498237
383,10,15,0.0,cosine,20,5.0,0.1,leaf,cosine,-0.004628160789401811,0.0735811139173208,0.04981440861176606,0.1407187279314671,0.0735811139173208,0.21249174968034462
384,10,15,0.1,euclidean,5,,0.0,eom,euclidean,0.024093099925396617,0.20389165910698276,0.17274015864283285,0.24875069792414514,0.20389165910698276,0.16414304706210234
385,10,15,0.1,euclidean,5,,0.0,eom,cosine,0.03229407915918037,0.18232940583786925,0.1517034848823502,0.2284486519636984,0.18232940583786927,0.1721192209714606
386,10,15,0.1,euclidean,5,,0.0,leaf,euclidean,0.0039926957519036636,0.24128505532900818,0.2159024123975295,0.2734310757723597,0.24128505532900815,0.1486861023349242
387,10,15,0.1,euclidean,5,,0.0,leaf,cosine,0.001613937180825856,0.23009889899579417,0.20087898575667046,0.269266475555942,0.23009889899579414,0.16258060875109226
388,10,15,0.1,euclidean,5,,0.1,eom,euclidean,0.0031356649157267113,0.22561427984538251,0.20321657977622404,0.2535607032469793,0.2256142798453825,0.13853432609572233
389,10,15,0.1,euclidean,5,,0.1,eom,cosine,-0.004883917364993411,0.05821963306630181,0.04104077316991902,0.10013357802955065,0.05821963306630182,0.18872004667775136
390,10,15,0.1,euclidean,5,,0.1,leaf,euclidean,0.020221367023414545,0.24376250919242642,0.2175286901876483,0.2771916414360792,0.24376250919242645,0.1620682736106662
391,10,15,0.1,euclidean,5,,0.1,leaf,cosine,0.00622492732610406,0.07004270634661984,0.04877907194337244,0.12417095701305543,0.07004270634661984,0.20656159747820335
392,10,15,0.1,euclidean,5,5.0,0.0,eom,euclidean,0.016267670489716016,0.21083038638772503,0.1845458301169738,0.24584579489490627,0.21083038638772497,0.14728418474976324
393,10,15,0.1,euclidean,5,5.0,0.0,eom,cosine,0.006338334268663535,0.2053559990382167,0.17416583184100254,0.2501544475078262,0.2053559990382167,0.15423961063229213
394,10,15,0.1,euclidean,5,5.0,0.0,leaf,euclidean,0.00343738483403649,0.21636432290227378,0.18941415707530213,0.25225568772996537,0.21636432290227378,0.149040569498198
395,10,15,0.1,euclidean,5,5.0,0.0,leaf,cosine,-0.009078931484045445,0.2195846446773438,0.1955253584739897,0.2503956951795998,0.21958464467734382,0.1338484923815054
396,10,15,0.1,euclidean,5,5.0,0.1,eom,euclidean,0.018151643860557665,0.1907301629678773,0.16395461304923878,0.227958183651139,0.1907301629678773,0.15139757963200395
397,10,15,0.1,euclidean,5,5.0,0.1,eom,cosine,-0.0020995185538493803,0.0662891294654381,0.04206731876834723,0.15626374597820572,0.0662891294654381,0.2457472490961713
398,10,15,0.1,euclidean,5,5.0,0.1,leaf,euclidean,0.013986146931814315,0.22894707234537678,0.20371941267510105,0.26130598375950265,0.2289470723453768,0.1481422352788408
399,10,15,0.1,euclidean,5,5.0,0.1,leaf,cosine,-0.0027705432428766713,0.058288465194402894,0.035996116775465256,0.1531081338514407,0.058288465194402894,0.25727796245517554
400,10,15,0.1,euclidean,10,,0.0,eom,euclidean,0.011807102544733715,0.1101065926331363,0.08222162827154676,0.16661205672712212,0.1101065926331363,0.18683445078897534
401,10,15,0.1,euclidean,10,,0.0,eom,cosine,0.00786672579337994,0.09711335100259524,0.0674216656229442,0.17353690186425352,0.09711335100259524,0.21288504932146654
402,10,15,0.1,euclidean,10,,0.0,leaf,euclidean,0.01813611596970228,0.12801696787593267,0.09462179436215891,0.19784196876093132,0.12801696787593267,0.2000903464479035
403,10,15,0.1,euclidean,10,,0.0,leaf,cosine,-0.0002561917955717111,0.1275863094385868,0.08771471614463161,0.23391443220116945,0.12758630943858681,0.2224339677591051
404,10,15,0.1,euclidean,10,,0.1,eom,euclidean,0.0056625917101357556,0.07477443862628148,0.05326014546628455,0.12544937965350325,0.07477443862628148,0.19414675568348796
405,10,15,0.1,euclidean,10,,0.1,eom,cosine,0.006721591564796649,0.07751442009434455,0.05539659192522899,0.12903227805444983,0.07751442009434455,0.1924619293515189
406,10,15,0.1,euclidean,10,,0.1,leaf,euclidean,0.012379650338733386,0.12080397766265023,0.08817472686461933,0.19176823188614342,0.12080397766265023,0.20341981419579003
407,10,15,0.1,euclidean,10,,0.1,leaf,cosine,0.013994087358480675,0.11170448184889772,0.07889794030206823,0.1912125424352864,0.11170448184889772,0.20734365874985575
408,10,15,0.1,euclidean,10,5.0,0.0,eom,euclidean,0.029892412444472872,0.21856247289411454,0.18650880022501803,0.263920176938998,0.2185624728941145,0.17113214883661543
409,10,15,0.1,euclidean,10,5.0,0.0,eom,cosine,0.030566264037988355,0.18555417546197966,0.15445647813656116,0.23233080172272674,0.18555417546197966,0.17048211931560517
410,10,15,0.1,euclidean,10,5.0,0.0,leaf,euclidean,0.015552260422773198,0.22481741375604414,0.19528587810627446,0.26487189058381,0.22481741375604414,0.15516917635280247
411,10,15,0.1,euclidean,10,5.0,0.0,leaf,cosine,0.014484256828637425,0.21220912506645967,0.18497262331148612,0.24885155135575612,0.21220912506645967,0.15259476904599673
412,10,15,0.1,euclidean,10,5.0,0.1,eom,euclidean,0.011920852091103199,0.17591835894141225,0.14851897603781813,0.21571418678130685,0.17591835894141222,0.15588228704701815
413,10,15,0.1,euclidean,10,5.0,0.1,eom,cosine,-0.004193278450736483,0.05301868299233188,0.037207712750960686,0.09219646057472591,0.05301868299233188,0.1917109813217956
414,10,15,0.1,euclidean,10,5.0,0.1,leaf,euclidean,0.016369809239392387,0.22480809747252115,0.1979891543683701,0.26003102283399904,0.22480809747252115,0.14884239782434336
415,10,15,0.1,euclidean,10,5.0,0.1,leaf,cosine,0.000657061688447603,0.0593854484118596,0.04072787054640017,0.1095881640639416,0.059385448411859595,0.21015510256185047
416,10,15,0.1,euclidean,20,,0.0,eom,euclidean,0.024862958882970382,0.125620060769027,0.08275883809125074,0.26057121866701627,0.125620060769027,0.2628516732189071
417,10,15,0.1,euclidean,20,,0.0,eom,cosine,0.0,0.0,0.0,1.0,0.0,0.3156290382484226
418,10,15,0.1,euclidean,20,,0.0,leaf,euclidean,0.02105526683817055,0.11742113010616402,0.08002985595872508,0.2203918547408078,0.11742113010616402,0.23883733088063436
419,10,15,0.1,euclidean,20,,0.0,leaf,cosine,0.0,0.0,0.0,1.0,0.0,0.3156290382484226
420,10,15,0.1,euclidean,20,,0.1,eom,euclidean,0.012525385468276327,0.10736544751194244,0.0706235719695416,0.22379432581562708,0.10736544751194242,0.248934629700115
421,10,15,0.1,euclidean,20,,0.1,eom,cosine,0.03131184236838005,0.11786134141892252,0.08111445223830933,0.21547854987744036,0.11786134141892252,0.24346734105772616
422,10,15,0.1,euclidean,20,,0.1,leaf,euclidean,0.02192922080642555,0.11343313334676151,0.07657977043791835,0.21866269446566797,0.11343313334676153,0.24578934587613457
423,10,15,0.1,euclidean,20,,0.1,leaf,cosine,0.02368725177097724,0.14353530335770825,0.09765038108796577,0.27076505052675703,0.14353530335770825,0.24289601409028463
424,10,15,0.1,euclidean,20,5.0,0.0,eom,euclidean,0.024983611225643017,0.12882071915390036,0.09948237903899558,0.1827010792009427,0.1288207191539004,0.18422908163815324
425,10,15,0.1,euclidean,20,5.0,0.0,eom,cosine,0.025659363559110034,0.12411623487642288,0.09482076411914439,0.1796069216444404,0.1241162348764229,0.19107835388834746
426,10,15,0.1,euclidean,20,5.0,0.0,leaf,euclidean,0.012830343031720566,0.10206203683829361,0.07850073565033473,0.145832316116476,0.10206203683829361,0.1746204690593775
427,10,15,0.1,euclidean,20,5.0,0.0,leaf,cosine,0.015537027936232121,0.1104149954543834,0.08445454624459996,0.15941862191921885,0.11041499545438338,0.18006852837082252
428,10,15,0.1,euclidean,20,5.0,0.1,eom,euclidean,-0.00442786480783057,0.05980044056973766,0.04076300285482477,0.11220170863062215,0.05980044056973765,0.2082573593920948
429,10,15,0.1,euclidean,20,5.0,0.1,eom,cosine,0.003189537203722984,0.07882202460560404,0.05588412424114833,0.133699686874119,0.07882202460560404,0.19381766360490327
430,10,15,0.1,euclidean,20,5.0,0.1,leaf,euclidean,0.0019820024121372606,0.10971709367708925,0.08229407216152371,0.1645506385994475,0.10971709367708926,0.17820141735910477
431,10,15,0.1,euclidean,20,5.0,0.1,leaf,cosine,0.008391120618935759,0.0950020797217397,0.06795703064676556,0.15780363099322836,0.09500207972173971,0.19395790077327393
432,10,15,0.1,cosine,5,,0.0,eom,euclidean,-0.0017835735416404839,0.17190522034642863,0.15434515217421166,0.19397390868673955,0.17190522034642866,0.12699836891722935
433,10,15,0.1,cosine,5,,0.0,eom,cosine,0.008894029410964479,0.17893624237496872,0.15292252833418168,0.21561451619379263,0.17893624237496872,0.15016013655268315
434,10,15,0.1,cosine,5,,0.0,leaf,euclidean,-0.006657506597064902,0.1986119576323918,0.17888024187200774,0.22323646902665453,0.19861195763239178,0.12896365216097996
435,10,15,0.1,cosine,5,,0.0,leaf,cosine,-0.0018873262888630833,0.2118844061624428,0.1954984215992372,0.231268512961589,0.2118844061624428,0.12482152979514664
436,10,15,0.1,cosine,5,,0.1,eom,euclidean,0.007273973144280311,0.18637461080607415,0.1660343837889062,0.21239419853718094,0.18637461080607415,0.13665603491546927
437,10,15,0.1,cosine,5,,0.1,eom,cosine,0.0038564805517919158,0.055120114994466764,0.03477751096266612,0.13279894443826185,0.05512011499446676,0.25173578748315456
438,10,15,0.1,cosine,5,,0.1,leaf,euclidean,0.005079543322909145,0.2132949844327134,0.19369133708292724,0.2373136824963539,0.21329498443271339,0.13473788433812164
439,10,15,0.1,cosine,5,,0.1,leaf,cosine,-0.013789133932983075,0.05457787055469832,0.035496649921082285,0.1180189400223296,0.05457787055469832,0.22375958582890806
440,10,15,0.1,cosine,5,5.0,0.0,eom,euclidean,0.0037624540803750358,0.19805681675592335,0.17562184630181074,0.22706321046665132,0.19805681675592335,0.1392612137754709
441,10,15,0.1,cosine,5,5.0,0.0,eom,cosine,0.012665862294568722,0.22797788107739866,0.20858446474289466,0.25134722122317665,0.22797788107739864,0.1436220911583705
442,10,15,0.1,cosine,5,5.0,0.0,leaf,euclidean,-0.00037218367360713155,0.21504970991403421,0.1966864554788628,0.23719496367937942,0.21504970991403421,0.12973089801096913
443,10,15,0.1,cosine,5,5.0,0.0,leaf,cosine,0.007988063120770472,0.22908918442422804,0.20516450191898475,0.2593302540769339,0.22908918442422807,0.15138022724167935
444,10,15,0.1,cosine,5,5.0,0.1,eom,euclidean,-0.008905852417302799,0.1823924532036192,0.16518665898908336,0.20359929654033682,0.1823924532036192,0.12405732332270282
445,10,15,0.1,cosine,5,5.0,0.1,eom,cosine,-0.003914957046492374,0.053942222024500046,0.03219990635236993,0.166093180612785,0.05394222202450005,0.26916146432193017
446,10,15,0.1,cosine,5,5.0,0.1,leaf,euclidean,0.008641265960379075,0.2073856462673922,0.18693789802169325,0.23285603890234824,0.2073856462673922,0.14174018167864438
447,10,15,0.1,cosine,5,5.0,0.1,leaf,cosine,0.007444065325905267,0.06369431357824099,0.04221709667202274,0.12965306569540885,0.06369431357824099,0.23907925734267335
448,10,15,0.1,cosine,10,,0.0,eom,euclidean,0.0013855110665691207,0.11770588805370269,0.08728572105703286,0.18067252629807998,0.11770588805370266,0.1809339149397717
449,10,15,0.1,cosine,10,,0.0,eom,cosine,-0.0020017113868345455,0.10355626047366966,0.07644200488042302,0.16047860044132464,0.10355626047366966,0.18688571831360637
450,10,15,0.1,cosine,10,,0.0,leaf,euclidean,-0.009925611544662283,0.1139026334460701,0.08560695092253366,0.1701385682738733,0.11390263344607011,0.1815796784372643
451,10,15,0.1,cosine,10,,0.0,leaf,cosine,-0.007897118877703717,0.08550044609199478,0.06480367024310055,0.12562078537344112,0.0855004460919948,0.16203134829513235
452,10,15,0.1,cosine,10,,0.1,eom,euclidean,-0.0013608457695788736,0.11948828412665478,0.09364039513426636,0.16504671056294853,0.1194882841266548,0.16697931241595024
453,10,15,0.1,cosine,10,,0.1,eom,cosine,0.00852744038490503,0.085078527879576,0.059983253417001434,0.14627636942834382,0.085078527879576,0.20401261295664078
454,10,15,0.1,cosine,10,,0.1,leaf,euclidean,0.0058562547971010796,0.10004530731125126,0.0742499588167971,0.15330553477279588,0.10004530731125126,0.1916985705656488
455,10,15,0.1,cosine,10,,0.1,leaf,cosine,0.0014883852437804904,0.08642668214144647,0.06168245783870865,0.14432228255143428,0.08642668214144647,0.1880246524410524
456,10,15,0.1,cosine,10,5.0,0.0,eom,euclidean,0.005069932119862576,0.1385551398594068,0.11470609660786889,0.1749244408785624,0.1385551398594068,0.1508237022876122
457,10,15,0.1,cosine,10,5.0,0.0,eom,cosine,0.0029431498469223785,0.17435371315235954,0.1457782075838312,0.21686336024589092,0.17435371315235954,0.1588801545469217
458,10,15,0.1,cosine,10,5.0,0.0,leaf,euclidean,0.0011363382587225852,0.16606767710829323,0.1413858800577624,0.20118940205073577,0.1660676771082932,0.14277966608740358
459,10,15,0.1,cosine,10,5.0,0.0,leaf,cosine,0.0006863492724781481,0.17218993112642786,0.14536568912650452,0.21115406134793008,0.17218993112642783,0.14673462288910438
460,10,15,0.1,cosine,10,5.0,0.1,eom,euclidean,-0.004456062314547173,0.1409336152165122,0.11564284153891444,0.18038285252093567,0.14093361521651218,0.14738528809373674
461,10,15,0.1,cosine,10,5.0,0.1,eom,cosine,-0.0007148203548480609,0.06098426293002459,0.04211796593771543,0.11046661273451991,0.06098426293002459,0.2072583321695411
462,10,15,0.1,cosine,10,5.0,0.1,leaf,euclidean,0.0018750598137099277,0.17745136383179855,0.1539890490834074,0.2093484289959886,0.1774513638317986,0.14312104055218144
463,10,15,0.1,cosine,10,5.0,0.1,leaf,cosine,-0.008858239735085783,0.05915362481376758,0.03906006809848046,0.12182233025442679,0.05915362481376758,0.22195964087462727
464,10,15,0.1,cosine,20,,0.0,eom,euclidean,0.0,0.0,0.0,1.0,0.0,0.3156290382484226
465,10,15,0.1,cosine,20,,0.0,eom,cosine,0.005378052249697268,0.07311618119831823,0.047773747251557065,0.15572133085139858,0.07311618119831823,0.2445029430087053
466,10,15,0.1,cosine,20,,0.0,leaf,euclidean,0.0,0.0,0.0,1.0,0.0,0.3156290382484226
467,10,15,0.1,cosine,20,,0.0,leaf,cosine,0.0,0.0,0.0,1.0,0.0,0.3156290382484226
468,10,15,0.1,cosine,20,,0.1,eom,euclidean,0.0,0.0,0.0,1.0,0.0,0.3156290382484226
469,10,15,0.1,cosine,20,,0.1,eom,cosine,0.0,0.0,0.0,1.0,0.0,0.3156290382484226
470,10,15,0.1,cosine,20,,0.1,leaf,euclidean,0.0,0.0,0.0,1.0,0.0,0.3156290382484226
471,10,15,0.1,cosine,20,,0.1,leaf,cosine,0.0,0.0,0.0,1.0,0.0,0.3156290382484226
472,10,15,0.1,cosine,20,5.0,0.0,eom,euclidean,0.0,0.0,0.0,1.0,0.0,0.3156290382484226
473,10,15,0.1,cosine,20,5.0,0.0,eom,cosine,-0.005621805224584851,0.06060600606422627,0.043625648788215024,0.0992286511034567,0.06060600606422627,0.17560098785684444
474,10,15,0.1,cosine,20,5.0,0.0,leaf,euclidean,0.004537296501206461,0.07960077477663365,0.05632718255502223,0.13564902714463994,0.07960077477663365,0.19747648486785915
475,10,15,0.1,cosine,20,5.0,0.0,leaf,cosine,0.0013540108955484925,0.09758502940585417,0.07577636560791529,0.13701971027326956,0.09758502940585419,0.15850564994105873
476,10,15,0.1,cosine,20,5.0,0.1,eom,euclidean,-0.003413938547604851,0.08228992621723294,0.06371034387495941,0.11616731733959147,0.08228992621723294,0.1556735784250134
477,10,15,0.1,cosine,20,5.0,0.1,eom,cosine,-0.0010761143146701285,0.07101961198409587,0.04903989737444442,0.12870550482032456,0.07101961198409587,0.20605109870073918
478,10,15,0.1,cosine,20,5.0,0.1,leaf,euclidean,0.0017014561659663065,0.12094233387125522,0.09723813923375778,0.159928962940835,0.12094233387125522,0.1548137046310664
479,10,15,0.1,cosine,20,5.0,0.1,leaf,cosine,0.0020383300113623938,0.07995430195625201,0.055384530873041404,0.14370488478024349,0.07995430195625201,0.2083015563322786
480,10,15,0.3,euclidean,5,,0.0,eom,euclidean,0.01719491148749768,0.20340191369974553,0.1756868358611987,0.24149904754494086,0.2034019136997455,0.1545083672594398
481,10,15,0.3,euclidean,5,,0.0,eom,cosine,0.01598473595404634,0.163222473474583,0.13636116789924582,0.2032624209568351,0.16322247347458302,0.16042777184810603
482,10,15,0.3,euclidean,5,,0.0,leaf,euclidean,-0.00030232471403268316,0.21167400332993874,0.18067712365131378,0.25550900411673694,0.21167400332993871,0.16017120566302176
483,10,15,0.3,euclidean,5,,0.0,leaf,cosine,0.007112145787687568,0.20217818187901118,0.16965190600048377,0.25013495928500873,0.2021781818790112,0.17307422003585113
484,10,15,0.3,euclidean,5,,0.1,eom,euclidean,0.002841045966598914,0.18732074253300404,0.1579372049578005,0.230136682279416,0.18732074253300407,0.15496065979349727
485,10,15,0.3,euclidean,5,,0.1,eom,cosine,-0.003619649090922859,0.05615001412808248,0.03541965705437106,0.13539203683179593,0.05615001412808247,0.24760123861758707
486,10,15,0.3,euclidean,5,,0.1,leaf,euclidean,-0.00031316402803376324,0.2179854697682098,0.1883124387816355,0.25875900573230715,0.2179854697682098,0.1515069103239525
487,10,15,0.3,euclidean,5,,0.1,leaf,cosine,-0.00586063418893696,0.0533922674724136,0.03787140232635551,0.09046941584682096,0.0533922674724136,0.18396412069979182
488,10,15,0.3,euclidean,5,5.0,0.0,eom,euclidean,0.017100816606371562,0.19690845970037676,0.16643730554232877,0.24103729595460083,0.1969084597003768,0.16175822976827947
489,10,15,0.3,euclidean,5,5.0,0.0,eom,cosine,1.9765870591776812e-05,0.17582139501870342,0.14882536742233676,0.21478146193474204,0.17582139501870347,0.15126652874939736
490,10,15,0.3,euclidean,5,5.0,0.0,leaf,euclidean,0.001342996672642537,0.20756405979808534,0.17232673950137511,0.260916107677662,0.20756405979808532,0.173067095287872
491,10,15,0.3,euclidean,5,5.0,0.0,leaf,cosine,0.003273812330879918,0.2042058013175825,0.17117735031219602,0.25302704663821757,0.2042058013175825,0.16300468621280528
492,10,15,0.3,euclidean,5,5.0,0.1,eom,euclidean,0.02753339410454827,0.17764380929563947,0.14734151629382639,0.22363706358957847,0.17764380929563947,0.16958262674052732
493,10,15,0.3,euclidean,5,5.0,0.1,eom,cosine,-0.00076165052867786,0.05164559809870154,0.032049095015704965,0.13291969170374948,0.05164559809870154,0.2581710353166268
494,10,15,0.3,euclidean,5,5.0,0.1,leaf,euclidean,0.0070744233733294895,0.23493416476622156,0.2098480124506525,0.26683249181893415,0.23493416476622153,0.14553620021849067
495,10,15,0.3,euclidean,5,5.0,0.1,leaf,cosine,0.016513682998435218,0.09813545439562292,0.06610445292166149,0.19038841823812935,0.09813545439562292,0.2341127850130549
496,10,15,0.3,euclidean,10,,0.0,eom,euclidean,0.014820874095684427,0.0937601092618191,0.06690180158682937,0.15664767516050865,0.09376010926181909,0.20187868283949525
497,10,15,0.3,euclidean,10,,0.0,eom,cosine,0.00363487564489031,0.08058006305690135,0.05713427802486418,0.13666042369227835,0.08058006305690135,0.19498701460847429
498,10,15,0.3,euclidean,10,,0.0,leaf,euclidean,0.012073221437194054,0.0913667428859429,0.06483272439945321,0.1546672327326602,0.09136674288594292,0.20310492284254578
499,10,15,0.3,euclidean,10,,0.0,leaf,cosine,0.019879126234905075,0.10139854344083028,0.07128146474457928,0.17558470788179692,0.10139854344083028,0.21740650579425616
500,10,15,0.3,euclidean,10,,0.1,eom,euclidean,0.022818334775779863,0.14047929626944886,0.10595175991026513,0.2083890860928833,0.14047929626944886,0.19576278918516937
501,10,15,0.3,euclidean,10,,0.1,eom,cosine,0.012491496754611291,0.090377600660759,0.06447257387168269,0.15108237302377195,0.090377600660759,0.19940956561229264
502,10,15,0.3,euclidean,10,,0.1,leaf,euclidean,-0.0016321920734559115,0.13539579403193192,0.09676766154010341,0.22535329379700744,0.13539579403193194,0.215523853006954
503,10,15,0.3,euclidean,10,,0.1,leaf,cosine,0.009507460715700515,0.1011392578342194,0.06822444287875161,0.19541892465992072,0.1011392578342194,0.2308710506449411
504,10,15,0.3,euclidean,10,5.0,0.0,eom,euclidean,0.02316974201647878,0.1620781818502832,0.12896875039996442,0.2180593479003273,0.16207818185028322,0.1778832663038185
505,10,15,0.3,euclidean,10,5.0,0.0,eom,cosine,0.02809886902936188,0.16335493158922038,0.12993256616906254,0.2199262388126361,0.1633549315892204,0.1827089847024636
506,10,15,0.3,euclidean,10,5.0,0.0,leaf,euclidean,0.017591939215911515,0.17879816738336954,0.14718796259736194,0.22769898353846493,0.17879816738336957,0.16687540261111328
507,10,15,0.3,euclidean,10,5.0,0.0,leaf,cosine,0.022952441316815675,0.1736675912719199,0.13767470889640668,0.23514167566796007,0.17366759127191994,0.17979010988414199
508,10,15,0.3,euclidean,10,5.0,0.1,eom,euclidean,0.03725983113950235,0.17869235011656273,0.1420069005734382,0.24093426883126712,0.1786923501165627,0.1914619769928837
509,10,15,0.3,euclidean,10,5.0,0.1,eom,cosine,-0.013907470116009386,0.04919744115636501,0.031061291422096057,0.11822973348280387,0.04919744115636501,0.23409231228708413
510,10,15,0.3,euclidean,10,5.0,0.1,leaf,euclidean,0.0008004750655813041,0.14992611961349991,0.11940825054962036,0.20139879428476667,0.1499261196134999,0.1660447136189612
511,10,15,0.3,euclidean,10,5.0,0.1,leaf,cosine,0.021972531952806906,0.11625437079071166,0.07997484864145292,0.2127784926737054,0.11625437079071163,0.2308778104862612
512,10,15,0.3,euclidean,20,,0.0,eom,euclidean,0.0,0.0,0.0,1.0,0.0,0.3156290382484226
513,10,15,0.3,euclidean,20,,0.0,eom,cosine,0.0,0.0,0.0,1.0,0.0,0.3156290382484226
514,10,15,0.3,euclidean,20,,0.0,leaf,euclidean,0.014947875533723927,0.09724464252401689,0.06311726612715941,0.21172263981443337,0.09724464252401689,0.25872409886792347
515,10,15,0.3,euclidean,20,,0.0,leaf,cosine,0.0,0.0,0.0,1.0,0.0,0.3156290382484226
516,10,15,0.3,euclidean,20,,0.1,eom,euclidean,0.0,0.0,0.0,1.0,0.0,0.3156290382484226
517,10,15,0.3,euclidean,20,,0.1,eom,cosine,0.0,0.0,0.0,1.0,0.0,0.3156290382484226
518,10,15,0.3,euclidean,20,,0.1,leaf,euclidean,0.0,0.0,0.0,1.0,0.0,0.3156290382484226
519,10,15,0.3,euclidean,20,,0.1,leaf,cosine,0.0,0.0,0.0,1.0,0.0,0.3156290382484226
520,10,15,0.3,euclidean,20,5.0,0.0,eom,euclidean,0.016255309671458624,0.12284120476008371,0.09383645600300636,0.1777985463517114,0.12284120476008371,0.18166030402569572
521,10,15,0.3,euclidean,20,5.0,0.0,eom,cosine,-0.009871119393211078,0.0636065652788193,0.0443382775952638,0.11249328612200409,0.06360656527881929,0.1917983102725657
522,10,15,0.3,euclidean,20,5.0,0.0,leaf,euclidean,-0.004506883118709895,0.062471680957658,0.04420627547527399,0.10645904854288174,0.062471680957657996,0.1881321717037649
523,10,15,0.3,euclidean,20,5.0,0.0,leaf,cosine,0.0019513995212533924,0.07779036783550873,0.05574695585783037,0.12866825569771315,0.07779036783550873,0.1859966341714743
524,10,15,0.3,euclidean,20,5.0,0.1,eom,euclidean,-0.0012764841797818034,0.07470940486627514,0.05326262022466099,0.1250703803838863,0.07470940486627514,0.18645633403663733
525,10,15,0.3,euclidean,20,5.0,0.1,eom,cosine,0.0,0.0,0.0,1.0,0.0,0.3156290382484226
526,10,15,0.3,euclidean,20,5.0,0.1,leaf,euclidean,-0.0016871897482132925,0.10868453497920855,0.0804374221216233,0.16750818191144257,0.10868453497920856,0.1828539688510014
527,10,15,0.3,euclidean,20,5.0,0.1,leaf,cosine,0.021634314952370032,0.10351780449344611,0.06899382471002914,0.20719818359478306,0.10351780449344611,0.2516570077578816
528,10,15,0.3,cosine,5,,0.0,eom,euclidean,0.01970230476860061,0.18603049794236926,0.15443700799742915,0.2338747208966739,0.18603049794236926,0.18142325107110407
529,10,15,0.3,cosine,5,,0.0,eom,cosine,0.007521635445525222,0.19515532403334285,0.16170056802198196,0.24606438412267226,0.1951553240333428,0.18164029173567361
530,10,15,0.3,cosine,5,,0.0,leaf,euclidean,0.010254222177928273,0.2179837242373665,0.19179043989810088,0.2524632396071387,0.21798372423736653,0.16428746734635846
531,10,15,0.3,cosine,5,,0.0,leaf,cosine,-0.01011754125447054,0.17905248911811866,0.14509703107954003,0.23375577533769212,0.17905248911811866,0.17534870153578463
532,10,15,0.3,cosine,5,,0.1,eom,euclidean,-0.001597148046189252,0.151620065563365,0.12525765692763538,0.19203727665079287,0.151620065563365,0.15325931079565508
533,10,15,0.3,cosine,5,,0.1,eom,cosine,0.006882703217322649,0.08084677807574625,0.055287569789438246,0.15035547400227214,0.08084677807574625,0.21538549551287786
534,10,15,0.3,cosine,5,,0.1,leaf,euclidean,-0.013726197542309072,0.18340173617606184,0.16162379716442563,0.21196255219041016,0.18340173617606184,0.14050729961079494
535,10,15,0.3,cosine,5,,0.1,leaf,cosine,0.010861172158063996,0.0869853619945352,0.05914263207377785,0.16436291829591923,0.0869853619945352,0.22476525372011635
536,10,15,0.3,cosine,5,5.0,0.0,eom,euclidean,-0.0016156148561759446,0.16496198914487079,0.14025644815944874,0.20023194317229734,0.16496198914487079,0.14463898397327898
537,10,15,0.3,cosine,5,5.0,0.0,eom,cosine,4.212130239884906e-05,0.10643369474591116,0.07811457819509542,0.1669634720974111,0.10643369474591118,0.18356313694166923
538,10,15,0.3,cosine,5,5.0,0.0,leaf,euclidean,0.003751538859386496,0.2026242983683063,0.17955542570329863,0.23249468689140979,0.2026242983683063,0.14918747990301123
539,10,15,0.3,cosine,5,5.0,0.0,leaf,cosine,-0.0025001110313081372,0.19729871004530417,0.1645854652143912,0.24624215687411002,0.19729871004530417,0.16961113069657408
540,10,15,0.3,cosine,5,5.0,0.1,eom,euclidean,0.012935233871968231,0.19180620103377735,0.1692052847808406,0.2213755510462448,0.19180620103377738,0.15206787358213203
541,10,15,0.3,cosine,5,5.0,0.1,eom,cosine,-0.0075838449587495,0.044583479520451226,0.027734102257185592,0.11359798071995529,0.044583479520451226,0.24638921682233672
542,10,15,0.3,cosine,5,5.0,0.1,leaf,euclidean,0.008119726203793459,0.20459691012588602,0.18184661485816406,0.2338536530110125,0.204596910125886,0.15082702412754462
543,10,15,0.3,cosine,5,5.0,0.1,leaf,cosine,0.0016043477653340543,0.044085502655374545,0.028624700193352635,0.09586327105686046,0.04408550265537454,0.23352466841512481
544,10,15,0.3,cosine,10,,0.0,eom,euclidean,-0.0034890403351924754,0.0933772769983315,0.07034463541671622,0.13883563076092745,0.09337727699833148,0.17361940344636562
545,10,15,0.3,cosine,10,,0.0,eom,cosine,-0.010017053492968256,0.08497823000358548,0.06273213955735678,0.13167168199815368,0.0849782300035855,0.1762182278732739
546,10,15,0.3,cosine,10,,0.0,leaf,euclidean,-6.46819657178273e-05,0.11076218417553188,0.08030596131785374,0.17843350742927697,0.11076218417553188,0.19783504780625275
547,10,15,0.3,cosine,10,,0.0,leaf,cosine,0.0010324356578207262,0.098653783915929,0.07082734085731197,0.16249393705656925,0.098653783915929,0.20498632560837232
548,10,15,0.3,cosine,10,,0.1,eom,euclidean,-0.0057288846224054155,0.0799711269524858,0.05651520390843821,0.13671152028523245,0.07997112695248582,0.18656383090087597
549,10,15,0.3,cosine,10,,0.1,eom,cosine,-0.012116681142091242,0.06011300111465752,0.042796768803553945,0.10096499387106812,0.060113001114657526,0.17549306270793208
550,10,15,0.3,cosine,10,,0.1,leaf,euclidean,0.0002947449587692386,0.07785693808652969,0.05396767042856187,0.1396935072409696,0.07785693808652969,0.2062033168542855
551,10,15,0.3,cosine,10,,0.1,leaf,cosine,0.011106561536979637,0.07977821887685117,0.05467735086296898,0.14748412402548433,0.07977821887685116,0.21724023474500218
552,10,15,0.3,cosine,10,5.0,0.0,eom,euclidean,0.001842732835980116,0.16378292389832527,0.13179543242018815,0.2162737861785506,0.1637829238983253,0.178301916835438
553,10,15,0.3,cosine,10,5.0,0.0,eom,cosine,0.002601384382412572,0.16619076905463503,0.1419006642107291,0.20051414296050882,0.166190769054635,0.15386474554471688
554,10,15,0.3,cosine,10,5.0,0.0,leaf,euclidean,-0.0025886372980809154,0.15527360304633983,0.12318021951347488,0.20998244479551226,0.15527360304633986,0.18190983048961354
555,10,15,0.3,cosine,10,5.0,0.0,leaf,cosine,-0.0005687245755424593,0.16359478041210018,0.13147351576992763,0.21648609566713192,0.16359478041210018,0.17794718847102547
556,10,15,0.3,cosine,10,5.0,0.1,eom,euclidean,0.0076975580160776585,0.10443334128820095,0.08042913634781772,0.14886120791314228,0.10443334128820095,0.1697531989837729
557,10,15,0.3,cosine,10,5.0,0.1,eom,cosine,0.0058307070461568735,0.05396371667611578,0.034865582494358276,0.11932662648842716,0.05396371667611579,0.2470174693843914
558,10,15,0.3,cosine,10,5.0,0.1,leaf,euclidean,0.016111219385434937,0.19073216117526226,0.16271716749996218,0.23040012003060023,0.19073216117526226,0.16673382394880013
559,10,15,0.3,cosine,10,5.0,0.1,leaf,cosine,-0.006778823067266208,0.07354037167723763,0.05182380181717753,0.1265855875688291,0.07354037167723763,0.18805593993998132
560,10,15,0.3,cosine,20,,0.0,eom,euclidean,0.0,0.0,0.0,1.0,0.0,0.3156290382484226
561,10,15,0.3,cosine,20,,0.0,eom,cosine,0.0,0.0,0.0,1.0,0.0,0.3156290382484226
562,10,15,0.3,cosine,20,,0.0,leaf,euclidean,0.0,0.0,0.0,1.0,0.0,0.3156290382484226
563,10,15,0.3,cosine,20,,0.0,leaf,cosine,0.008109526504660954,0.10042035842034504,0.0656897875128229,0.21307360876387715,0.10042035842034505,0.24660537930739163
564,10,15,0.3,cosine,20,,0.1,eom,euclidean,0.0,0.0,0.0,1.0,0.0,0.3156290382484226
565,10,15,0.3,cosine,20,,0.1,eom,cosine,0.0,0.0,0.0,1.0,0.0,0.3156290382484226
566,10,15,0.3,cosine,20,,0.1,leaf,euclidean,0.0,0.0,0.0,1.0,0.0,0.3156290382484226
567,10,15,0.3,cosine,20,,0.1,leaf,cosine,0.0,0.0,0.0,1.0,0.0,0.3156290382484226
568,10,15,0.3,cosine,20,5.0,0.0,eom,euclidean,-0.00911610588491633,0.06461965094419458,0.046048298028505456,0.1082953338866015,0.0646196509441946,0.17846077940384847
569,10,15,0.3,cosine,20,5.0,0.0,eom,cosine,0.0028887261755017575,0.10213040819155265,0.07768634501227624,0.14901949829836078,0.10213040819155264,0.17154023189044773
570,10,15,0.3,cosine,20,5.0,0.0,leaf,euclidean,-0.0014580328662715414,0.06634800629522591,0.04750567143864889,0.10996300373634248,0.06634800629522591,0.18329557249163986
571,10,15,0.3,cosine,20,5.0,0.0,leaf,cosine,0.001999752767791938,0.09510524560486588,0.07221162050501334,0.1392535087291079,0.09510524560486588,0.1719876928484927
572,10,15,0.3,cosine,20,5.0,0.1,eom,euclidean,-0.0017071983612073872,0.0680628901099554,0.04771077072108851,0.11869492049215831,0.0680628901099554,0.19515009640929734
573,10,15,0.3,cosine,20,5.0,0.1,eom,cosine,-0.005630257290633806,0.04430029264514489,0.03122325822453369,0.07622519658237523,0.04430029264514488,0.1873988959066851
574,10,15,0.3,cosine,20,5.0,0.1,leaf,euclidean,-0.00022181007650830275,0.09744317544617556,0.0741468688247901,0.14208508292942412,0.09744317544617556,0.16824666542048416
575,10,15,0.3,cosine,20,5.0,0.1,leaf,cosine,0.002267496587935434,0.07124018183347777,0.05046501016622568,0.12108979644986985,0.07124018183347777,0.19302839953872955
576,10,30,0.0,euclidean,5,,0.0,eom,euclidean,0.006787946275602458,0.1658788428129046,0.13792058813940603,0.2080540385015836,0.16587884281290458,0.15780974744242204
577,10,30,0.0,euclidean,5,,0.0,eom,cosine,0.002344161111203739,0.21473094523319733,0.18890016628106676,0.24874510123975843,0.2147309452331973,0.14291455125088381
578,10,30,0.0,euclidean,5,,0.0,leaf,euclidean,0.019985550086964784,0.2358725247253037,0.208929816543947,0.2707928257227345,0.2358725247253037,0.15290958931311568
579,10,30,0.0,euclidean,5,,0.0,leaf,cosine,0.007566786329068732,0.2149417851231504,0.18963659691896767,0.2480404019245468,0.2149417851231504,0.1536172232784212
580,10,30,0.0,euclidean,5,,0.1,eom,euclidean,0.020652126534871616,0.20910354072812612,0.18003909504125967,0.2493585009377571,0.20910354072812612,0.1628750444003214
581,10,30,0.0,euclidean,5,,0.1,eom,cosine,0.003122291820845581,0.07115023640187673,0.050421429374794796,0.12082114465088721,0.07115023640187675,0.19409648530766627
582,10,30,0.0,euclidean,5,,0.1,leaf,euclidean,-0.002178243773297002,0.22981850182185581,0.20168682969432206,0.2670699372314056,0.2298185018218558,0.16002209511095494
583,10,30,0.0,euclidean,5,,0.1,leaf,cosine,-0.006148836907201723,0.06616071575942892,0.041659689856092245,0.16063225591362262,0.06616071575942892,0.2447608849270089
584,10,30,0.0,euclidean,5,5.0,0.0,eom,euclidean,0.010234169723449215,0.1960245405670631,0.16690837284808516,0.2374454859306883,0.19602454056706306,0.1602338238125877
585,10,30,0.0,euclidean,5,5.0,0.0,eom,cosine,0.008813788073703513,0.17740780005526224,0.15183949016614562,0.2133306258228501,0.17740780005526224,0.14991524981028626
586,10,30,0.0,euclidean,5,5.0,0.0,leaf,euclidean,0.0023991871971026165,0.21763348114963613,0.18982698463760883,0.2549844649943282,0.21763348114963615,0.15631119359224063
587,10,30,0.0,euclidean,5,5.0,0.0,leaf,cosine,-0.0038939280626036675,0.21749978370909703,0.1868827257146773,0.26011441294113224,0.21749978370909706,0.15022588999587302
588,10,30,0.0,euclidean,5,5.0,0.1,eom,euclidean,0.01708063273416546,0.17909909875181138,0.15046261648351247,0.22119817871288328,0.17909909875181138,0.16253895835815566
589,10,30,0.0,euclidean,5,5.0,0.1,eom,cosine,-0.00667888714891421,0.07433904155995162,0.05244226639687546,0.127629567039393,0.07433904155995162,0.18686073587304441
590,10,30,0.0,euclidean,5,5.0,0.1,leaf,euclidean,0.00152562091714187,0.20679614854945041,0.17985761564014419,0.24322577364092846,0.2067961485494504,0.14794397379370766
591,10,30,0.0,euclidean,5,5.0,0.1,leaf,cosine,0.008288058706590924,0.09607857383030466,0.06757182806649499,0.16618945843841512,0.09607857383030463,0.205402710991547
592,10,30,0.0,euclidean,10,,0.0,eom,euclidean,0.004368043447915056,0.08318347312853291,0.0593040427258625,0.13925674611463557,0.0831834731285329,0.19221313337224535
593,10,30,0.0,euclidean,10,,0.0,eom,cosine,0.012664060735528795,0.14572220432495814,0.10550155090499606,0.23550409307871986,0.14572220432495817,0.20907239961162022
594,10,30,0.0,euclidean,10,,0.0,leaf,euclidean,0.004843142415614225,0.07371482972890847,0.05296702045846313,0.12118406225274916,0.07371482972890847,0.18729860528052958
595,10,30,0.0,euclidean,10,,0.0,leaf,cosine,-0.01137507917034064,0.11308475306585276,0.08054899513320846,0.18971566500070164,0.11308475306585276,0.1954590891350069
596,10,30,0.0,euclidean,10,,0.1,eom,euclidean,0.009763536659127587,0.12196786241300271,0.09133765777890052,0.1835072680537482,0.1219678624130027,0.18378075711771105
597,10,30,0.0,euclidean,10,,0.1,eom,cosine,0.003086028660236284,0.0732341218585117,0.05250456929131257,0.12101098353445293,0.0732341218585117,0.18689702950948153
598,10,30,0.0,euclidean,10,,0.1,leaf,euclidean,0.012174508343949269,0.09643287488746771,0.06864220647076931,0.16203466561856403,0.09643287488746771,0.2012894235280425
599,10,30,0.0,euclidean,10,,0.1,leaf,cosine,0.012870600378136273,0.10582506151703187,0.07536979419619891,0.17758203552876217,0.10582506151703185,0.20118096026543683
600,10,30,0.0,euclidean,10,5.0,0.0,eom,euclidean,-0.0006972052979100137,0.16727467718257974,0.13395110208949962,0.22266896573011374,0.16727467718257974,0.16513975640673925
601,10,30,0.0,euclidean,10,5.0,0.0,eom,cosine,-0.007538338266375998,0.10185327222011184,0.07934058078869649,0.14220302503875204,0.10185327222011184,0.1613041051821957
602,10,30,0.0,euclidean,10,5.0,0.0,leaf,euclidean,-0.001336047470015927,0.19680722670749515,0.1655397700054318,0.24263693864391256,0.19680722670749512,0.16042429911477896
603,10,30,0.0,euclidean,10,5.0,0.0,leaf,cosine,0.006480179883348499,0.1939025962877256,0.16443875100498123,0.2362298427219697,0.19390259628772558,0.1613325681652645
604,10,30,0.0,euclidean,10,5.0,0.1,eom,euclidean,-0.0019971692032240106,0.19154682278698754,0.16782872001749163,0.22307210048539647,0.1915468227869875,0.13420244573851334
605,10,30,0.0,euclidean,10,5.0,0.1,eom,cosine,0.000342839946209469,0.07330647449495878,0.05140031493226784,0.1277533066602677,0.07330647449495876,0.19865469344747397
606,10,30,0.0,euclidean,10,5.0,0.1,leaf,euclidean,0.008765464300562423,0.18209018270574592,0.15364947895146436,0.22345128487084118,0.18209018270574595,0.1565834580355229
607,10,30,0.0,euclidean,10,5.0,0.1,leaf,cosine,0.008216592762189818,0.086211920517231,0.06007462328063911,0.1526092138387993,0.086211920517231,0.20821451709623823
608,10,30,0.0,euclidean,20,,0.0,eom,euclidean,0.011234188186581874,0.09902596617588245,0.06699176354069061,0.18977079460368299,0.09902596617588245,0.23264992598417628
609,10,30,0.0,euclidean,20,,0.0,eom,cosine,0.005493986397818305,0.09760239836607928,0.06478555014016665,0.19779423919389055,0.09760239836607927,0.2365340780137217
610,10,30,0.0,euclidean,20,,0.0,leaf,euclidean,0.006806658694761102,0.10127905746629641,0.06559293086340647,0.22212972527687302,0.10127905746629641,0.2504412660256953
611,10,30,0.0,euclidean,20,,0.0,leaf,cosine,0.008555467975151155,0.08727662149113055,0.05822097624364522,0.17422501075437036,0.08727662149113057,0.23737503014755798
612,10,30,0.0,euclidean,20,,0.1,eom,euclidean,0.004947994043616932,0.09983611981777299,0.066292080661867,0.20209892877786043,0.09983611981777299,0.23583155528051924
613,10,30,0.0,euclidean,20,,0.1,eom,cosine,0.017765272784681447,0.09964252187628359,0.06756106988714473,0.1897414849158596,0.09964252187628359,0.23861541047450785
614,10,30,0.0,euclidean,20,,0.1,leaf,euclidean,0.009857622033707446,0.10019058582181987,0.06407955101318955,0.229549816238163,0.10019058582181986,0.2599275416042108
615,10,30,0.0,euclidean,20,,0.1,leaf,cosine,0.012574759576887582,0.11526231500392603,0.07650767412446834,0.2335825992555875,0.11526231500392603,0.24461848420823698
616,10,30,0.0,euclidean,20,5.0,0.0,eom,euclidean,0.002184234944762749,0.07129885963716823,0.05066890477136375,0.12026502726028783,0.07129885963716823,0.19204151457990717
617,10,30,0.0,euclidean,20,5.0,0.0,eom,cosine,0.004386869572189595,0.07860660496480978,0.056005508707462716,0.13179105920198558,0.07860660496480978,0.19269903690141924
618,10,30,0.0,euclidean,20,5.0,0.0,leaf,euclidean,-0.00010487553439974525,0.0695852235956536,0.04923327399426881,0.11862019665834202,0.0695852235956536,0.19274229342954544
619,10,30,0.0,euclidean,20,5.0,0.0,leaf,cosine,0.0022283216165473485,0.07326505869542953,0.051131510095020656,0.1291867736631666,0.07326505869542951,0.20280460005277234
620,10,30,0.0,euclidean,20,5.0,0.1,eom,euclidean,-0.00034252204849909444,0.06919439092073959,0.0484193867231526,0.12119460327847345,0.06919439092073958,0.19874844355725427
621,10,30,0.0,euclidean,20,5.0,0.1,eom,cosine,0.0009791013653952828,0.0755801217052633,0.05323468016626488,0.1302551886907134,0.0755801217052633,0.19685613161738455
622,10,30,0.0,euclidean,20,5.0,0.1,leaf,euclidean,0.011632601292538887,0.09232779344793166,0.06639891818467163,0.15148156910100563,0.09232779344793164,0.19352170903018023
623,10,30,0.0,euclidean,20,5.0,0.1,leaf,cosine,0.003177402276058313,0.06788356856104186,0.04788115061355108,0.11658863440422991,0.06788356856104186,0.19800218439172465
624,10,30,0.0,cosine,5,,0.0,eom,euclidean,0.006782275379567889,0.21008773347213378,0.1891080324557661,0.23630329034893782,0.21008773347213378,0.1397776667216038
625,10,30,0.0,cosine,5,,0.0,eom,cosine,-0.00494106495668974,0.20294989957604656,0.17935461249189427,0.2336938767450609,0.2029498995760466,0.13528396919132235
626,10,30,0.0,cosine,5,,0.0,leaf,euclidean,0.007817453827525685,0.20443251553017738,0.1844515440485871,0.22926832779108702,0.2044325155301774,0.14157573963899794
627,10,30,0.0,cosine,5,,0.0,leaf,cosine,-0.012358531088315089,0.19283601513503396,0.1731747547249806,0.21753351242624258,0.19283601513503393,0.12665423273422813
628,10,30,0.0,cosine,5,,0.1,eom,euclidean,-0.0072543640658438244,0.19059839122579833,0.17499772853268694,0.20925281999901044,0.19059839122579833,0.11633091359067795
629,10,30,0.0,cosine,5,,0.1,eom,cosine,0.0053727918087586755,0.049107298718913145,0.02997472221528233,0.13576442126768792,0.04910729871891315,0.2719390370092694
630,10,30,0.0,cosine,5,,0.1,leaf,euclidean,-0.005230170509622939,0.20247722663547776,0.18281147534794198,0.22688403719294595,0.20247722663547776,0.12960303958142702
631,10,30,0.0,cosine,5,,0.1,leaf,cosine,-0.0028598584886424866,0.05864211241672274,0.036613039919492774,0.14722098182962895,0.05864211241672274,0.2528001375418158
632,10,30,0.0,cosine,5,5.0,0.0,eom,euclidean,0.005963762991480703,0.20343288417707264,0.18277160933573447,0.2293607976864603,0.20343288417707264,0.13627700559985453
633,10,30,0.0,cosine,5,5.0,0.0,eom,cosine,0.009188389934767399,0.21321839061754969,0.18887387099919742,0.2447671644370443,0.21321839061754969,0.15337293861521342
634,10,30,0.0,cosine,5,5.0,0.0,leaf,euclidean,0.0037573149985276775,0.20835050258696364,0.18931447595527529,0.23164273793281198,0.20835050258696367,0.13344790048796992
635,10,30,0.0,cosine,5,5.0,0.0,leaf,cosine,0.011221344020096042,0.20725577729696015,0.1861643189897284,0.23373697213249167,0.20725577729696018,0.14662589615484775
636,10,30,0.0,cosine,5,5.0,0.1,eom,euclidean,0.0033721786364920444,0.21063138485239286,0.1902559972585664,0.23589439817840815,0.21063138485239286,0.13440843036113667
637,10,30,0.0,cosine,5,5.0,0.1,eom,cosine,0.0012904464427363673,0.05320706808724524,0.03476317470384687,0.11334118010936702,0.05320706808724524,0.23204751447965352
638,10,30,0.0,cosine,5,5.0,0.1,leaf,euclidean,0.002911816273415353,0.18674084883253358,0.16324215712019635,0.21814242903528916,0.1867408488325336,0.1454920975660397
639,10,30,0.0,cosine,5,5.0,0.1,leaf,cosine,-0.005356141549622952,0.06154961186482842,0.039317898274116136,0.14163497720256132,0.061549611864828435,0.23645606494631868
640,10,30,0.0,cosine,10,,0.0,eom,euclidean,-0.004667393352734808,0.08566888336753303,0.06418480323173129,0.1287715997144649,0.08566888336753303,0.17132681726076102
641,10,30,0.0,cosine,10,,0.0,eom,cosine,-0.013474240812623528,0.059855649831443675,0.042077511652952385,0.1036478082829856,0.059855649831443675,0.18259703716989492
642,10,30,0.0,cosine,10,,0.0,leaf,euclidean,-0.005822323377913777,0.1158517216223441,0.08871385058740731,0.16691009054172945,0.11585172162234408,0.17110255668609609
643,10,30,0.0,cosine,10,,0.0,leaf,cosine,-0.010019306058945078,0.11234589836232972,0.08368472259226649,0.17086567264029504,0.11234589836232972,0.1862323877423125
644,10,30,0.0,cosine,10,,0.1,eom,euclidean,0.0029836554697617993,0.1432783608750683,0.11253851284280694,0.19712221089159426,0.1432783608750683,0.18306673999230838
645,10,30,0.0,cosine,10,,0.1,eom,cosine,-0.005276581086675094,0.07232943633926718,0.050332515050205744,0.12847877739238328,0.07232943633926718,0.1966062452502107
646,10,30,0.0,cosine,10,,0.1,leaf,euclidean,-0.01571650634289699,0.1333411890678085,0.09962257384137103,0.20156289141323172,0.1333411890678085,0.18948303980995063
647,10,30,0.0,cosine,10,,0.1,leaf,cosine,-0.008132189543485055,0.06915070963678327,0.04899010301668629,0.11750813618734449,0.06915070963678327,0.1834431754307675
648,10,30,0.0,cosine,10,5.0,0.0,eom,euclidean,0.0021032477615585674,0.15893154848822474,0.13651120148202955,0.19016367908895299,0.15893154848822477,0.13893433912353645
649,10,30,0.0,cosine,10,5.0,0.0,eom,cosine,0.006338675279267057,0.1425587170812387,0.11595538158691329,0.18500360272183086,0.1425587170812387,0.1642907918733976
650,10,30,0.0,cosine,10,5.0,0.0,leaf,euclidean,-0.0015279399755197581,0.16950389149943093,0.14963892813600999,0.19545045636314612,0.16950389149943093,0.1294395476066692
651,10,30,0.0,cosine,10,5.0,0.0,leaf,cosine,0.004475832051433862,0.1888582222927601,0.16159251295138516,0.22719274122252806,0.1888582222927601,0.15375872881617936
652,10,30,0.0,cosine,10,5.0,0.1,eom,euclidean,0.0011632881351558181,0.1557362640070607,0.13624802152813115,0.18173002744552397,0.1557362640070607,0.12785742067109948
653,10,30,0.0,cosine,10,5.0,0.1,eom,cosine,0.00789442399370275,0.0740281497768529,0.05156330298335993,0.1311800148892665,0.0740281497768529,0.21129349848466616
654,10,30,0.0,cosine,10,5.0,0.1,leaf,euclidean,0.0011392012697825833,0.14650980897450816,0.1250142426050624,0.17693244802968974,0.1465098089745082,0.14108090286304883
655,10,30,0.0,cosine,10,5.0,0.1,leaf,cosine,-0.008345649934121471,0.06589859410986679,0.04447562594360508,0.12713853865129704,0.0658985941098668,0.2103112811145682
656,10,30,0.0,cosine,20,,0.0,eom,euclidean,0.0,0.0,0.0,1.0,0.0,0.3156290382484226
657,10,30,0.0,cosine,20,,0.0,eom,cosine,0.0,0.0,0.0,1.0,0.0,0.3156290382484226
658,10,30,0.0,cosine,20,,0.0,leaf,euclidean,0.0018585066283470964,0.08125858057016513,0.05348189447387843,0.16906545814813093,0.08125858057016512,0.23650129020229152
659,10,30,0.0,cosine,20,,0.0,leaf,cosine,0.0,0.0,0.0,1.0,0.0,0.3156290382484226
660,10,30,0.0,cosine,20,,0.1,eom,euclidean,-0.004578251945764074,0.07753802472397804,0.05103313923161658,0.16132452206128672,0.07753802472397804,0.2290705887766508
661,10,30,0.0,cosine,20,,0.1,eom,cosine,0.0,0.0,0.0,1.0,0.0,0.3156290382484226
662,10,30,0.0,cosine,20,,0.1,leaf,euclidean,0.0,0.0,0.0,1.0,0.0,0.3156290382484226
663,10,30,0.0,cosine,20,,0.1,leaf,cosine,0.0,0.0,0.0,1.0,0.0,0.3156290382484226
664,10,30,0.0,cosine,20,5.0,0.0,eom,euclidean,-0.006888626743671718,0.07426139565676683,0.05258094766959744,0.12636477076518607,0.07426139565676682,0.1851834319792427
665,10,30,0.0,cosine,20,5.0,0.0,eom,cosine,-0.00755398895535378,0.07371141562874027,0.056883346934132724,0.10467913874277437,0.07371141562874028,0.15371989347846093
666,10,30,0.0,cosine,20,5.0,0.0,leaf,euclidean,-0.0019536105409010346,0.08632975111277943,0.06649858254099214,0.12301530322431721,0.08632975111277943,0.15994320850718788
667,10,30,0.0,cosine,20,5.0,0.0,leaf,cosine,-0.009159313434914254,0.09010197980471887,0.06875434634622249,0.1306756437774002,0.09010197980471887,0.15743502213099758
668,10,30,0.0,cosine,20,5.0,0.1,eom,euclidean,0.0020181782633009494,0.06998886116019287,0.04990816833338561,0.11710732487147593,0.06998886116019287,0.18957616033420896
669,10,30,0.0,cosine,20,5.0,0.1,eom,cosine,-0.007928788903924223,0.05869592622572281,0.040756450571398935,0.10484464415880661,0.05869592622572281,0.19639832158912804
670,10,30,0.0,cosine,20,5.0,0.1,leaf,euclidean,0.00010001397756320578,0.08165683025535611,0.06291412577563125,0.11630524756514801,0.08165683025535611,0.162040274874209
671,10,30,0.0,cosine,20,5.0,0.1,leaf,cosine,0.0010336160532144186,0.07824877750069587,0.054258446995655116,0.14026829676741934,0.07824877750069585,0.20321434059916907
672,10,30,0.1,euclidean,5,,0.0,eom,euclidean,-0.007260769745153886,0.20769694478815517,0.18081695568775488,0.24396433225108746,0.20769694478815517,0.14688116350821911
673,10,30,0.1,euclidean,5,,0.0,eom,cosine,0.0032758511050044003,0.15897914316519074,0.13120120342842184,0.2016785601108024,0.15897914316519077,0.15672657364321707
674,10,30,0.1,euclidean,5,,0.0,leaf,euclidean,-0.016473286777238173,0.19794101324765162,0.1664665260656879,0.24409256363362974,0.1979410132476516,0.15084039471966135
675,10,30,0.1,euclidean,5,,0.0,leaf,cosine,-0.003347845805624465,0.20632912416370994,0.1710710053280688,0.25989382606277045,0.2063291241637099,0.16386123583422557
676,10,30,0.1,euclidean,5,,0.1,eom,euclidean,-0.008664364285494296,0.15191343734147872,0.12300891316443517,0.1985742325467149,0.15191343734147872,0.1543276416689161
677,10,30,0.1,euclidean,5,,0.1,eom,cosine,-0.005053748470673303,0.05539855134692057,0.03893137474090591,0.09600795673362786,0.05539855134692057,0.19126510666281382
678,10,30,0.1,euclidean,5,,0.1,leaf,euclidean,0.0026885374849275607,0.1995040397609666,0.1635853855380872,0.2556339065353352,0.19950403976096656,0.18242004972835998
679,10,30,0.1,euclidean,5,,0.1,leaf,cosine,-0.0004739751650098739,0.06559658878716496,0.04080575407559338,0.1671390413778943,0.06559658878716496,0.2550797802374239
680,10,30,0.1,euclidean,5,5.0,0.0,eom,euclidean,0.003991027282556966,0.15726729981927767,0.12745906353862801,0.20527366048070048,0.15726729981927767,0.163349103118915
681,10,30,0.1,euclidean,5,5.0,0.0,eom,cosine,-0.005627898571297821,0.1889419075461156,0.1585035447661383,0.23384936980116527,0.1889419075461156,0.14941664975056834
682,10,30,0.1,euclidean,5,5.0,0.0,leaf,euclidean,-0.008857458899301614,0.22078445496138224,0.19117550851273332,0.26124576712975506,0.22078445496138221,0.15367246646764535
683,10,30,0.1,euclidean,5,5.0,0.0,leaf,cosine,-0.003223102963808292,0.20772005589807574,0.17887632547839002,0.24765418682970322,0.20772005589807574,0.14875716485666252
684,10,30,0.1,euclidean,5,5.0,0.1,eom,euclidean,0.014354973601316228,0.18523316924627858,0.15430346483081156,0.23167097865923542,0.1852331692462786,0.16530927972268872
685,10,30,0.1,euclidean,5,5.0,0.1,eom,cosine,0.001216178284967495,0.06874384929562045,0.04181686717653468,0.19306075259194752,0.06874384929562047,0.26819608696488567
686,10,30,0.1,euclidean,5,5.0,0.1,leaf,euclidean,0.007268122051280183,0.20622437684891326,0.16889787568291986,0.26472976581493746,0.2062243768489133,0.17738148327827735
687,10,30,0.1,euclidean,5,5.0,0.1,leaf,cosine,-0.005177497318208231,0.053606856680689687,0.034416203828426424,0.12117423592829389,0.053606856680689687,0.23593884369822185
688,10,30,0.1,euclidean,10,,0.0,eom,euclidean,0.010026226385968172,0.1001045745302897,0.07176239185533809,0.16544700819174185,0.1001045745302897,0.1941543812842583
689,10,30,0.1,euclidean,10,,0.0,eom,cosine,0.008534887747795296,0.08525384634164893,0.06026329802399135,0.14565572552615036,0.08525384634164893,0.20233542546268823
690,10,30,0.1,euclidean,10,,0.0,leaf,euclidean,0.018528694650254546,0.09015330347025059,0.06458957136195702,0.14920789249807875,0.09015330347025059,0.20316924606624712
691,10,30,0.1,euclidean,10,,0.0,leaf,cosine,0.005426052521833898,0.1123619060896724,0.07791118805977938,0.20143016378073506,0.11236190608967239,0.21157265422442845
692,10,30,0.1,euclidean,10,,0.1,eom,euclidean,0.009294930222917792,0.10381449408893278,0.07252576938763153,0.1825840361417424,0.10381449408893278,0.21086502347361538
693,10,30,0.1,euclidean,10,,0.1,eom,cosine,0.025623170572734714,0.1117150155792753,0.07936661526758186,0.1885746336693254,0.11171501557927531,0.21546573988199702
694,10,30,0.1,euclidean,10,,0.1,leaf,euclidean,0.007498761708332083,0.08492075113331869,0.06015864930286456,0.14432813510829298,0.0849207511333187,0.19979099278485826
695,10,30,0.1,euclidean,10,,0.1,leaf,cosine,0.011397872317559411,0.09319726734212475,0.06651843492100444,0.15560738495145893,0.09319726734212473,0.19852795954206878
696,10,30,0.1,euclidean,10,5.0,0.0,eom,euclidean,0.0031724357532006632,0.07143466850453503,0.05118318655169218,0.11820408903238787,0.07143466850453503,0.1875903364780328
697,10,30,0.1,euclidean,10,5.0,0.0,eom,cosine,-0.008171451504903242,0.16514020255881717,0.13872126035004367,0.20398917326535534,0.16514020255881717,0.14446363138221308
698,10,30,0.1,euclidean,10,5.0,0.0,leaf,euclidean,0.013345257325829224,0.17906148155573304,0.15166240044959667,0.218543124908347,0.17906148155573307,0.1551407846575859
699,10,30,0.1,euclidean,10,5.0,0.0,leaf,cosine,0.003589427871912623,0.15683576096348475,0.1282340378832622,0.20185903491854001,0.15683576096348473,0.15784297787437407
700,10,30,0.1,euclidean,10,5.0,0.1,eom,euclidean,0.004529774658548069,0.09908277067186301,0.07339314044155429,0.15244152204011327,0.09908277067186301,0.18533423962675077
701,10,30,0.1,euclidean,10,5.0,0.1,eom,cosine,0.010376594278357883,0.06900414544045055,0.04939176944553017,0.11444950509261548,0.06900414544045055,0.1954569973360359
702,10,30,0.1,euclidean,10,5.0,0.1,leaf,euclidean,-0.021536686118511245,0.1259996758101402,0.09845869451284699,0.1749318051415609,0.1259996758101402,0.16103373860725764
703,10,30,0.1,euclidean,10,5.0,0.1,leaf,cosine,0.0010995004468254993,0.06724960009671123,0.047499541614115647,0.11511296131847601,0.06724960009671123,0.1947630663116088
704,10,30,0.1,euclidean,20,,0.0,eom,euclidean,0.0,0.0,0.0,1.0,0.0,0.3156290382484226
705,10,30,0.1,euclidean,20,,0.0,eom,cosine,0.0,0.0,0.0,1.0,0.0,0.3156290382484226
706,10,30,0.1,euclidean,20,,0.0,leaf,euclidean,0.0,0.0,0.0,1.0,0.0,0.3156290382484226
707,10,30,0.1,euclidean,20,,0.0,leaf,cosine,0.0,0.0,0.0,1.0,0.0,0.3156290382484226
708,10,30,0.1,euclidean,20,,0.1,eom,euclidean,0.013172135360282665,0.10256716544431194,0.06791596672115363,0.20940919219453888,0.10256716544431192,0.2466350833253388
709,10,30,0.1,euclidean,20,,0.1,eom,cosine,0.0,0.0,0.0,1.0,0.0,0.3156290382484226
710,10,30,0.1,euclidean,20,,0.1,leaf,euclidean,0.016083998018252003,0.11881156721645625,0.07883509902128971,0.2410409596852598,0.11881156721645626,0.24870691142864848
711,10,30,0.1,euclidean,20,,0.1,leaf,cosine,0.0,0.0,0.0,1.0,0.0,0.3156290382484226
712,10,30,0.1,euclidean,20,5.0,0.0,eom,euclidean,0.009580477238204129,0.0785556672926818,0.05620413946126866,0.13042283792654472,0.07855566729268182,0.19504809103598705
713,10,30,0.1,euclidean,20,5.0,0.0,eom,cosine,0.006216653751392071,0.09707753406719727,0.07447590144554031,0.13937424128927564,0.09707753406719728,0.16957850127007348
714,10,30,0.1,euclidean,20,5.0,0.0,leaf,euclidean,0.02513673081013415,0.12881683402100363,0.09821693136484672,0.18711254231808325,0.12881683402100366,0.1911605002294515
715,10,30,0.1,euclidean,20,5.0,0.0,leaf,cosine,0.00035976114126431963,0.06023531747393327,0.04197274195707864,0.1066311130042082,0.06023531747393328,0.20241198936028465
716,10,30,0.1,euclidean,20,5.0,0.1,eom,euclidean,-0.0009798148564826561,0.06601819502297802,0.047145466240413915,0.11008691992945703,0.06601819502297802,0.18564327659412594
717,10,30,0.1,euclidean,20,5.0,0.1,eom,cosine,0.003524865362662091,0.07489281909117967,0.05327926500693722,0.1260112038923394,0.07489281909117967,0.1927308431560848
718,10,30,0.1,euclidean,20,5.0,0.1,leaf,euclidean,0.011752841623920955,0.10825934981378227,0.08363137247036771,0.15344672943303878,0.10825934981378227,0.1713626877654406
719,10,30,0.1,euclidean,20,5.0,0.1,leaf,cosine,0.005341921633487677,0.0784972500430769,0.056040100152872814,0.13098890120529735,0.0784972500430769,0.1922347967165894
720,10,30,0.1,cosine,5,,0.0,eom,euclidean,0.0006872628491023985,0.1984572013394279,0.17505604827581583,0.2290801979701778,0.19845720133942796,0.14714484043850978
721,10,30,0.1,cosine,5,,0.0,eom,cosine,0.009389227594246735,0.19992396055478284,0.17150551470303485,0.23963075092448444,0.19992396055478287,0.16406116014527028
722,10,30,0.1,cosine,5,,0.0,leaf,euclidean,0.0013066098643456179,0.20437970360604832,0.18011528571743385,0.2361995747773483,0.20437970360604835,0.14722819439927565
723,10,30,0.1,cosine,5,,0.0,leaf,cosine,-0.001100789885410097,0.18540614953526766,0.16036343679370618,0.21971776718181177,0.18540614953526768,0.15153289524080918
724,10,30,0.1,cosine,5,,0.1,eom,euclidean,-0.0027268680191180287,0.17704206904495656,0.15475158820091633,0.2068346091148777,0.17704206904495662,0.13780619375036937
725,10,30,0.1,cosine,5,,0.1,eom,cosine,0.0007887840663315581,0.07760784469309251,0.05113338621266398,0.16092962106526248,0.07760784469309251,0.2312400738335547
726,10,30,0.1,cosine,5,,0.1,leaf,euclidean,-0.016089130302021196,0.19523420073829992,0.17355132787261957,0.22310857631845482,0.19523420073829995,0.12767314194215962
727,10,30,0.1,cosine,5,,0.1,leaf,cosine,0.009655467920333153,0.08184355763718634,0.057096721805077695,0.14445178712076265,0.08184355763718634,0.21179494988558853
728,10,30,0.1,cosine,5,5.0,0.0,eom,euclidean,-0.007317959528328775,0.16187406985383151,0.14548979376159402,0.18241687468926593,0.16187406985383154,0.11975759363676015
729,10,30,0.1,cosine,5,5.0,0.0,eom,cosine,-0.0024543132897748,0.1927558753322765,0.16625672887756102,0.22930391860754365,0.1927558753322765,0.14690610236982482
730,10,30,0.1,cosine,5,5.0,0.0,leaf,euclidean,-0.013614246670744217,0.18924268219734242,0.16741359045853202,0.21761792754909717,0.18924268219734242,0.1324582057056948
731,10,30,0.1,cosine,5,5.0,0.0,leaf,cosine,-0.006252409782937174,0.18791665409843822,0.16161063088380279,0.2244515508051126,0.1879166540984382,0.14534916829271533
732,10,30,0.1,cosine,5,5.0,0.1,eom,euclidean,0.005534384339273573,0.21093383226069945,0.18942807210535642,0.23794806492917486,0.21093383226069948,0.14138756425538895
733,10,30,0.1,cosine,5,5.0,0.1,eom,cosine,0.007513651418595951,0.06458494747074443,0.04224701133843819,0.1370491085014635,0.06458494747074442,0.2396361212849001
734,10,30,0.1,cosine,5,5.0,0.1,leaf,euclidean,0.00776320886877468,0.222523235596399,0.2014733634773801,0.24848485299748824,0.22252323559639897,0.13912477457306693
735,10,30,0.1,cosine,5,5.0,0.1,leaf,cosine,-0.007623073375416889,0.048565218397358764,0.031116254417437476,0.11056819919056769,0.04856521839735877,0.23087571684286784
736,10,30,0.1,cosine,10,,0.0,eom,euclidean,-0.002613404462219057,0.11480850291372917,0.08608725419827003,0.17228929731596054,0.11480850291372917,0.17524252802861368
737,10,30,0.1,cosine,10,,0.0,eom,cosine,-0.01226755671449816,0.05822953272369947,0.03940784655867112,0.11146811483443489,0.058229532723699476,0.2046969561180825
738,10,30,0.1,cosine,10,,0.0,leaf,euclidean,-0.0005807141376344787,0.12084798122235726,0.09150797631463885,0.17788185705760967,0.12084798122235724,0.18503828477940326
739,10,30,0.1,cosine,10,,0.0,leaf,cosine,-0.004077430198457743,0.09154568722648795,0.06730896143287485,0.14305840036909953,0.09154568722648797,0.18646169642910224
740,10,30,0.1,cosine,10,,0.1,eom,euclidean,-0.0026205819306727154,0.09810341172101106,0.0712420937198227,0.15748017782231066,0.09810341172101104,0.1928342168988727
741,10,30,0.1,cosine,10,,0.1,eom,cosine,-0.009422823598229107,0.061256957666165505,0.04342222437950713,0.10395366044033941,0.06125695766616551,0.18119866375561713
742,10,30,0.1,cosine,10,,0.1,leaf,euclidean,-0.0035789010629490897,0.09734500811994509,0.07069606897614852,0.15623967860618052,0.09734500811994508,0.19310502201800064
743,10,30,0.1,cosine,10,,0.1,leaf,cosine,-0.004551836484893213,0.06812329933799417,0.047878428286692046,0.118031727664431,0.06812329933799417,0.1898248238464098
744,10,30,0.1,cosine,10,5.0,0.0,eom,euclidean,0.0030210027475736025,0.08741941138235322,0.06621959800886675,0.1285852059665741,0.08741941138235322,0.17248807372708888
745,10,30,0.1,cosine,10,5.0,0.0,eom,cosine,-0.0001476878047634352,0.09640943425463684,0.07164202272123829,0.14734984897761103,0.09640943425463684,0.18016660622879344
746,10,30,0.1,cosine,10,5.0,0.0,leaf,euclidean,0.00925646786503823,0.14996858175113184,0.12089003670663101,0.19746664632629812,0.14996858175113187,0.172689094452405
747,10,30,0.1,cosine,10,5.0,0.0,leaf,cosine,0.0005804601289852765,0.17230348642138887,0.1496462954986876,0.2030455961601066,0.17230348642138887,0.1410372323330231
748,10,30,0.1,cosine,10,5.0,0.1,eom,euclidean,-0.004241720368184031,0.14146652303224547,0.11625174978119772,0.1806489128350401,0.1414665230322455,0.1504562375304994
749,10,30,0.1,cosine,10,5.0,0.1,eom,cosine,-0.0039678391717640656,0.08806009501908356,0.061434825882651346,0.15541584295797553,0.08806009501908355,0.19774331264581838
750,10,30,0.1,cosine,10,5.0,0.1,leaf,euclidean,0.005621208889122042,0.15748124625419418,0.129487217062709,0.20091799996366475,0.15748124625419418,0.15627622481812195
751,10,30,0.1,cosine,10,5.0,0.1,leaf,cosine,0.006439746328678222,0.05490421577625462,0.035620276945814315,0.1197149176046032,0.05490421577625462,0.24449575556814226
752,10,30,0.1,cosine,20,,0.0,eom,euclidean,0.0,0.0,0.0,1.0,0.0,0.3156290382484226
753,10,30,0.1,cosine,20,,0.0,eom,cosine,0.0005181508233416583,0.08843929587238866,0.06101352560763995,0.16065358307945643,0.08843929587238868,0.2080653571241358
754,10,30,0.1,cosine,20,,0.0,leaf,euclidean,0.0,0.0,0.0,1.0,0.0,0.3156290382484226
755,10,30,0.1,cosine,20,,0.0,leaf,cosine,-0.003965024740868376,0.07892540944182154,0.05238692395382886,0.1599578027863571,0.07892540944182154,0.22500176125563803
756,10,30,0.1,cosine,20,,0.1,eom,euclidean,0.005756771441795734,0.07818215769099263,0.05063432650806194,0.1714725792667709,0.07818215769099263,0.2492026840967848
757,10,30,0.1,cosine,20,,0.1,eom,cosine,0.0,0.0,0.0,1.0,0.0,0.3156290382484226
758,10,30,0.1,cosine,20,,0.1,leaf,euclidean,0.0,0.0,0.0,1.0,0.0,0.3156290382484226
759,10,30,0.1,cosine,20,,0.1,leaf,cosine,-0.004448939146178847,0.08732785581203054,0.059210593890270384,0.16629720517025615,0.08732785581203054,0.2134207367661336
760,10,30,0.1,cosine,20,5.0,0.0,eom,euclidean,-0.009233669457503878,0.07223205902785679,0.050651513932332526,0.12585281091760964,0.07223205902785677,0.18663686439445892
761,10,30,0.1,cosine,20,5.0,0.0,eom,cosine,-0.0033666381316313607,0.08306964958054548,0.05903458411377542,0.1401157045879589,0.08306964958054547,0.18555220452059235
762,10,30,0.1,cosine,20,5.0,0.0,leaf,euclidean,-0.008017959703347417,0.05316201154413482,0.03817748059925539,0.08750899280120943,0.053162011544134816,0.1747427248519829
763,10,30,0.1,cosine,20,5.0,0.0,leaf,cosine,-0.007768358818127902,0.06299623098220862,0.04396877808585762,0.11105533804865769,0.06299623098220862,0.19319902958179913
764,10,30,0.1,cosine,20,5.0,0.1,eom,euclidean,-0.0002732949313096797,0.07385403815635475,0.0559763599297329,0.10850979711895804,0.07385403815635475,0.17034763808378522
765,10,30,0.1,cosine,20,5.0,0.1,eom,cosine,0.011027413476319572,0.08375221629543873,0.058952704180028695,0.1445668569527868,0.08375221629543872,0.20760355589973212
766,10,30,0.1,cosine,20,5.0,0.1,leaf,euclidean,-0.002948885976408912,0.06589802520377396,0.04736565179517766,0.10825348661165127,0.06589802520377397,0.1792627659078725
767,10,30,0.1,cosine,20,5.0,0.1,leaf,cosine,-0.0047742631723845875,0.06817978402224631,0.04871094288665618,0.11357260137469832,0.06817978402224631,0.18113426975837651
768,10,30,0.3,euclidean,5,,0.0,eom,euclidean,0.01155879394165294,0.18265834163173256,0.149787436876311,0.2340124559014901,0.18265834163173253,0.16979478934821501
769,10,30,0.3,euclidean,5,,0.0,eom,cosine,0.013605983334948444,0.19728333810115126,0.16437119307632034,0.24667528130177954,0.19728333810115123,0.17644198407683465
770,10,30,0.3,euclidean,5,,0.0,leaf,euclidean,-0.0010995408596358141,0.231035565502752,0.19063601976429365,0.2931625020956193,0.231035565502752,0.1820044395443694
771,10,30,0.3,euclidean,5,,0.0,leaf,cosine,-0.00365654185690107,0.18523070877617737,0.14961394261452127,0.24310336006212163,0.18523070877617737,0.1762430893695531
772,10,30,0.3,euclidean,5,,0.1,eom,euclidean,0.01396907534743211,0.1322942680245745,0.10284171416355249,0.18538663259771043,0.13229426802457453,0.1776940797416915
773,10,30,0.3,euclidean,5,,0.1,eom,cosine,-0.0009852895268247588,0.07493668696777239,0.047221879149042835,0.18140350829203494,0.07493668696777239,0.24894905490073937
774,10,30,0.3,euclidean,5,,0.1,leaf,euclidean,-0.007847484574879297,0.21905216949044207,0.18719080337440594,0.26398442118615795,0.21905216949044207,0.15676652147623502
775,10,30,0.3,euclidean,5,,0.1,leaf,cosine,0.0019116613602622999,0.058147808113744856,0.037761371934405305,0.12637405054653914,0.058147808113744856,0.23524942818569877
776,10,30,0.3,euclidean,5,5.0,0.0,eom,euclidean,-0.0013863775213311688,0.22002226024883967,0.18059312474538425,0.28147764670905223,0.22002226024883964,0.17311255514039112
777,10,30,0.3,euclidean,5,5.0,0.0,eom,cosine,0.013003984189794779,0.2213511305272146,0.19403396686252614,0.2576203304158444,0.22135113052721458,0.15680089532921576
778,10,30,0.3,euclidean,5,5.0,0.0,leaf,euclidean,-0.001751460772626665,0.17647961590585484,0.1429679228647356,0.23051154013512865,0.17647961590585484,0.1751596822162538
779,10,30,0.3,euclidean,5,5.0,0.0,leaf,cosine,0.014524859121579746,0.22470661280488696,0.18914955040667655,0.27672678095499503,0.22470661280488693,0.1847969027707296
780,10,30,0.3,euclidean,5,5.0,0.1,eom,euclidean,-0.0001768272404971358,0.1524390829847893,0.12138924354086665,0.20483271009547144,0.1524390829847893,0.1652095288941161
781,10,30,0.3,euclidean,5,5.0,0.1,eom,cosine,0.0012365897264286125,0.0634173742693183,0.04531016377015687,0.10563013454424819,0.0634173742693183,0.18709173048425756
782,10,30,0.3,euclidean,5,5.0,0.1,leaf,euclidean,-0.006795494889348291,0.20049400375826118,0.1655419025744006,0.2541558259794236,0.20049400375826118,0.17096624080583359
783,10,30,0.3,euclidean,5,5.0,0.1,leaf,cosine,-0.001094615824680913,0.06631893316653155,0.041562389491542076,0.1640127703787508,0.06631893316653155,0.2524607510585327
784,10,30,0.3,euclidean,10,,0.0,eom,euclidean,0.008338105036491034,0.10342071226204493,0.07226743482716985,0.1817853035844415,0.10342071226204491,0.20976347310402652
785,10,30,0.3,euclidean,10,,0.0,eom,cosine,-0.010347667248666731,0.07671821706608761,0.05169611973002157,0.14868526674930638,0.0767182170660876,0.20685903603801833
786,10,30,0.3,euclidean,10,,0.0,leaf,euclidean,-0.0008728238643186289,0.09945257415780213,0.06618867509113555,0.19992950333255904,0.09945257415780213,0.22793957976827403
787,10,30,0.3,euclidean,10,,0.0,leaf,cosine,0.00890869267519573,0.13269708270390496,0.09437126824182183,0.22343992495756396,0.13269708270390498,0.2191952062823931
788,10,30,0.3,euclidean,10,,0.1,eom,euclidean,0.00048237369967314383,0.09917676156883133,0.06710066621601726,0.19000451998134946,0.09917676156883135,0.22067646200405175
789,10,30,0.3,euclidean,10,,0.1,eom,cosine,-0.006577229971372136,0.08549504079019826,0.05523038665228085,0.18913621528943836,0.08549504079019825,0.2308516865845313
790,10,30,0.3,euclidean,10,,0.1,leaf,euclidean,0.015370468896666354,0.11572142870564507,0.079444891402841,0.21296796063145979,0.11572142870564507,0.22808828726432406
791,10,30,0.3,euclidean,10,,0.1,leaf,cosine,0.001384267153328417,0.07571033533253498,0.05313688790092615,0.13162823097567003,0.07571033533253498,0.19935218774341726
792,10,30,0.3,euclidean,10,5.0,0.0,eom,euclidean,0.0256900185108887,0.15708908452866432,0.12343576992548595,0.21597106056051052,0.15708908452866432,0.18529635719349227
793,10,30,0.3,euclidean,10,5.0,0.0,eom,cosine,-0.009693276552622785,0.08059607205086013,0.05914460978515888,0.12646392104039558,0.08059607205086014,0.1773589586898031
794,10,30,0.3,euclidean,10,5.0,0.0,leaf,euclidean,-0.006233524111664675,0.16808411034412526,0.13817020446798073,0.21452992755303577,0.1680841103441253,0.15678802766905292
795,10,30,0.3,euclidean,10,5.0,0.0,leaf,cosine,0.01829333885452627,0.14585068260712025,0.11588284270927258,0.1967245668221452,0.14585068260712025,0.17493046241633076
796,10,30,0.3,euclidean,10,5.0,0.1,eom,euclidean,0.015264264835410362,0.1689993020086317,0.13420719703420753,0.22814365659568855,0.1689993020086317,0.18343893520864973
797,10,30,0.3,euclidean,10,5.0,0.1,eom,cosine,0.011750506441510659,0.08325990140531923,0.05973004455865725,0.13737822744055106,0.08325990140531923,0.19535994025601205
798,10,30,0.3,euclidean,10,5.0,0.1,leaf,euclidean,0.012445789032288228,0.12886900190591372,0.09956561052947258,0.18261479651162543,0.12886900190591372,0.18461283135647305
799,10,30,0.3,euclidean,10,5.0,0.1,leaf,cosine,0.006084651151926339,0.0811244338395468,0.05821832467055883,0.13374772896296774,0.0811244338395468,0.18939497023659538
800,10,30,0.3,euclidean,20,,0.0,eom,euclidean,0.0,0.0,0.0,1.0,0.0,0.3156290382484226
801,10,30,0.3,euclidean,20,,0.0,eom,cosine,0.0,0.0,0.0,1.0,0.0,0.3156290382484226
802,10,30,0.3,euclidean,20,,0.0,leaf,euclidean,0.0,0.0,0.0,1.0,0.0,0.3156290382484226
803,10,30,0.3,euclidean,20,,0.0,leaf,cosine,0.0,0.0,0.0,1.0,0.0,0.3156290382484226
804,10,30,0.3,euclidean,20,,0.1,eom,euclidean,0.0,0.0,0.0,1.0,0.0,0.3156290382484226
805,10,30,0.3,euclidean,20,,0.1,eom,cosine,0.0,0.0,0.0,1.0,0.0,0.3156290382484226
806,10,30,0.3,euclidean,20,,0.1,leaf,euclidean,0.0,0.0,0.0,1.0,0.0,0.3156290382484226
807,10,30,0.3,euclidean,20,,0.1,leaf,cosine,0.0,0.0,0.0,1.0,0.0,0.3156290382484226
808,10,30,0.3,euclidean,20,5.0,0.0,eom,euclidean,-0.0005566839264287817,0.08515545751233733,0.060932025546910296,0.1413482241176867,0.08515545751233733,0.18440177384947923
809,10,30,0.3,euclidean,20,5.0,0.0,eom,cosine,-0.0021612596679249267,0.08941056637589972,0.06273091989993843,0.15557861192787623,0.08941056637589974,0.19521866769984567
810,10,30,0.3,euclidean,20,5.0,0.0,leaf,euclidean,0.0035745333219435846,0.065588776543884,0.047153191141121605,0.10769421884481864,0.06558877654388401,0.18567436234854268
811,10,30,0.3,euclidean,20,5.0,0.0,leaf,cosine,0.008900461725989376,0.0896981262224439,0.06408468970854901,0.14941745092936948,0.0896981262224439,0.19501800166499006
812,10,30,0.3,euclidean,20,5.0,0.1,eom,euclidean,0.004443985397027409,0.0726117573133177,0.05224813537435883,0.1189865711315574,0.0726117573133177,0.1859495017584742
813,10,30,0.3,euclidean,20,5.0,0.1,eom,cosine,0.0018154167387756165,0.08941762175218328,0.06248462924309335,0.15715807924084743,0.08941762175218328,0.20033455120447338
814,10,30,0.3,euclidean,20,5.0,0.1,leaf,euclidean,0.0030951803323303194,0.069605465513937,0.05009624658944921,0.11400168079600778,0.06960546551393701,0.1844459542887762
815,10,30,0.3,euclidean,20,5.0,0.1,leaf,cosine,0.010354996960165053,0.08819307536424034,0.06347391234589522,0.14444576812693322,0.08819307536424034,0.1917310727705591
816,10,30,0.3,cosine,5,,0.0,eom,euclidean,-0.00484961826356937,0.16882263696400943,0.13817394615591108,0.21694335785865662,0.16882263696400945,0.16653103677626788
817,10,30,0.3,cosine,5,,0.0,eom,cosine,-0.006497162821783359,0.046921913211790074,0.027912034119473902,0.14712011176204293,0.046921913211790074,0.26608155207185796
818,10,30,0.3,cosine,5,,0.0,leaf,euclidean,0.00898454514941575,0.20631083954540438,0.17218177007064675,0.25731452832402396,0.20631083954540436,0.17875317253265896
819,10,30,0.3,cosine,5,,0.0,leaf,cosine,0.008415891142167807,0.1982341289214963,0.16540566916835828,0.24732040213317713,0.19823412892149636,0.17742511589436816
820,10,30,0.3,cosine,5,,0.1,eom,euclidean,-0.0008769360064597841,0.18440750931775018,0.16027763818294105,0.21709059720530496,0.18440750931775018,0.14723318246641517
821,10,30,0.3,cosine,5,,0.1,eom,cosine,0.0038722719491664395,0.07569197668856872,0.04973623092988746,0.15830768821657998,0.07569197668856874,0.23129291954822195
822,10,30,0.3,cosine,5,,0.1,leaf,euclidean,0.0008710353387498996,0.21415366660190477,0.18515546173524872,0.25392173131818896,0.21415366660190482,0.1582759869613062
823,10,30,0.3,cosine,5,,0.1,leaf,cosine,0.012996205665093321,0.07593744725697145,0.05023941122832931,0.15545390628399608,0.07593744725697144,0.235256025463238
824,10,30,0.3,cosine,5,5.0,0.0,eom,euclidean,-0.0072189965785366605,0.19165533352519634,0.16584020094268992,0.22698906271410707,0.19165533352519634,0.14867549116357973
825,10,30,0.3,cosine,5,5.0,0.0,eom,cosine,0.008895174412806175,0.20861184324041723,0.1753442391646004,0.2574588348806103,0.20861184324041723,0.1806125136913856
826,10,30,0.3,cosine,5,5.0,0.0,leaf,euclidean,-0.012625096452517153,0.18811957047756225,0.1606622784546016,0.22689630189134524,0.18811957047756223,0.15020320008073573
827,10,30,0.3,cosine,5,5.0,0.0,leaf,cosine,0.005126857721189938,0.18506021976068193,0.14883957480500185,0.24457952547900177,0.18506021976068196,0.1898786116586661
828,10,30,0.3,cosine,5,5.0,0.1,eom,euclidean,0.009516518383061081,0.19383441153262965,0.16646927768505182,0.231966306597196,0.19383441153262967,0.164691036816592
829,10,30,0.3,cosine,5,5.0,0.1,eom,cosine,-0.0033770961821582763,0.05141368759777964,0.033935340488824454,0.10601821086899912,0.05141368759777964,0.22612261734043532
830,10,30,0.3,cosine,5,5.0,0.1,leaf,euclidean,0.00749581920114465,0.18207346785779613,0.15550308631032342,0.21959506890968888,0.18207346785779613,0.1646602749979589
831,10,30,0.3,cosine,5,5.0,0.1,leaf,cosine,0.010875972168872289,0.07484884941752894,0.04859932960598701,0.16275771189674665,0.07484884941752895,0.2441512071554357
832,10,30,0.3,cosine,10,,0.0,eom,euclidean,-0.009244208045016888,0.05424511156906674,0.03411557228141821,0.13231793643504727,0.05424511156906674,0.24313111577012905
833,10,30,0.3,cosine,10,,0.0,eom,cosine,-0.004491294690145296,0.07867007781669823,0.051379173551152874,0.16779966769309967,0.07867007781669824,0.23142513337538015
834,10,30,0.3,cosine,10,,0.0,leaf,euclidean,-0.00307526491392963,0.09880463548201322,0.06880273250617089,0.17520318477018684,0.09880463548201321,0.21596868601448996
835,10,30,0.3,cosine,10,,0.0,leaf,cosine,-0.009755683130936063,0.09657758667493721,0.0662594893340861,0.17804490085982907,0.0965775866749372,0.2153739173420394
836,10,30,0.3,cosine,10,,0.1,eom,euclidean,-0.009745123314378809,0.06305957144369409,0.04065671450748265,0.14045222951588593,0.06305957144369409,0.23251145931440553
837,10,30,0.3,cosine,10,,0.1,eom,cosine,-0.0047633562237402805,0.057034863004332505,0.03819046869080165,0.11259070483106479,0.0570348630043325,0.2126946222160396
838,10,30,0.3,cosine,10,,0.1,leaf,euclidean,-0.005657400927894231,0.07379803422912545,0.0500921921628841,0.14009915347552368,0.07379803422912547,0.21178809320453923
839,10,30,0.3,cosine,10,,0.1,leaf,cosine,0.011118815200043557,0.08580157073090207,0.057692909529331496,0.16732357715532747,0.0858015707309021,0.22434875846154967
840,10,30,0.3,cosine,10,5.0,0.0,eom,euclidean,-0.00017538573619287035,0.14063127380149787,0.10339131158508191,0.21979977713205717,0.14063127380149787,0.20492952730172043
841,10,30,0.3,cosine,10,5.0,0.0,eom,cosine,0.006645308812789932,0.1567416098940346,0.1251246410578661,0.20973934235390262,0.1567416098940346,0.1730238048659588
842,10,30,0.3,cosine,10,5.0,0.0,leaf,euclidean,0.011448898576105648,0.15822657132009924,0.12598928396357348,0.2126338973684536,0.15822657132009924,0.18240067068655647
843,10,30,0.3,cosine,10,5.0,0.0,leaf,cosine,0.00649187615806802,0.12997652013059288,0.09941379724320126,0.18767258956430968,0.12997652013059288,0.18714913509624273
844,10,30,0.3,cosine,10,5.0,0.1,eom,euclidean,0.003972134578262504,0.14862451744018607,0.11966306198701326,0.19608103453602496,0.14862451744018604,0.16866859723993094
845,10,30,0.3,cosine,10,5.0,0.1,eom,cosine,-0.0017494082297901507,0.053863988098946214,0.03598783347398677,0.10702752903846817,0.053863988098946214,0.2195712478793109
846,10,30,0.3,cosine,10,5.0,0.1,leaf,euclidean,0.00019933152901705232,0.1659664157004199,0.13371171207484353,0.218729626759349,0.16596641570041987,0.1773156850825778
847,10,30,0.3,cosine,10,5.0,0.1,leaf,cosine,-0.0076608464519362434,0.06491712558164262,0.04317559918272759,0.13076543233185947,0.06491712558164262,0.21895043364028974
848,10,30,0.3,cosine,20,,0.0,eom,euclidean,0.0,0.0,0.0,1.0,0.0,0.3156290382484226
849,10,30,0.3,cosine,20,,0.0,eom,cosine,0.0,0.0,0.0,1.0,0.0,0.3156290382484226
850,10,30,0.3,cosine,20,,0.0,leaf,euclidean,0.0,0.0,0.0,1.0,0.0,0.3156290382484226
851,10,30,0.3,cosine,20,,0.0,leaf,cosine,0.0,0.0,0.0,1.0,0.0,0.3156290382484226
852,10,30,0.3,cosine,20,,0.1,eom,euclidean,0.0,0.0,0.0,1.0,0.0,0.3156290382484226
853,10,30,0.3,cosine,20,,0.1,eom,cosine,0.0,0.0,0.0,1.0,0.0,0.3156290382484226
854,10,30,0.3,cosine,20,,0.1,leaf,euclidean,0.01135621255716331,0.0801316354439209,0.052047408963648435,0.17404382759965406,0.08013163544392089,0.2543727423193442
855,10,30,0.3,cosine,20,,0.1,leaf,cosine,0.0,0.0,0.0,1.0,0.0,0.3156290382484226
856,10,30,0.3,cosine,20,5.0,0.0,eom,euclidean,0.004600252727710108,0.0909255671077711,0.06494024490894718,0.15157849600685,0.0909255671077711,0.19089601545639345
857,10,30,0.3,cosine,20,5.0,0.0,eom,cosine,-0.0036040908983767236,0.06586364504257791,0.04595495243274987,0.116207113633855,0.0658636450425779,0.19808426189959674
858,10,30,0.3,cosine,20,5.0,0.0,leaf,euclidean,0.0,0.0,0.0,1.0,0.0,0.3156290382484226
859,10,30,0.3,cosine,20,5.0,0.0,leaf,cosine,0.0058373582732331565,0.06513427807589912,0.04451580215914049,0.12133175934397636,0.06513427807589912,0.21864698494429846
860,10,30,0.3,cosine,20,5.0,0.1,eom,euclidean,0.0,0.0,0.0,1.0,0.0,0.3156290382484226
861,10,30,0.3,cosine,20,5.0,0.1,eom,cosine,0.0,0.0,0.0,1.0,0.0,0.3156290382484226
862,10,30,0.3,cosine,20,5.0,0.1,leaf,euclidean,0.0004593059643225092,0.06865404408258251,0.048145864468002765,0.11959787222086789,0.0686540440825825,0.19901827003976305
863,10,30,0.3,cosine,20,5.0,0.1,leaf,cosine,0.00510232523663113,0.05786336778969634,0.03892374659970091,0.11270240849057148,0.057863367789696335,0.2273216196768657
864,50,10,0.0,euclidean,5,,0.0,eom,euclidean,0.029140724511931834,0.16500491939586104,0.13735059111113979,0.2066025097968,0.165004919395861,0.16958486008170423
865,50,10,0.0,euclidean,5,,0.0,eom,cosine,0.025509144125152077,0.2086603510953118,0.18825554443541825,0.23402618611105871,0.20866035109531184,0.14020861850379956
866,50,10,0.0,euclidean,5,,0.0,leaf,euclidean,0.0294227701518404,0.23598657603972628,0.2133209990994579,0.2640412300092992,0.23598657603972625,0.15619347043016896
867,50,10,0.0,euclidean,5,,0.0,leaf,cosine,0.005100245136646452,0.23906214773495443,0.21821193351300452,0.264317790067916,0.23906214773495443,0.1396594180218513
868,50,10,0.0,euclidean,5,,0.1,eom,euclidean,0.025093008192009353,0.22895452472648803,0.20832398807797786,0.2541203186166763,0.22895452472648803,0.14070844281326372
869,50,10,0.0,euclidean,5,,0.1,eom,cosine,0.011286915864290871,0.07851721869503481,0.04584705550145486,0.2731890949112324,0.07851721869503481,0.29543443270793784
870,50,10,0.0,euclidean,5,,0.1,leaf,euclidean,0.02898640780989092,0.2753342725858812,0.2582173608540171,0.294881612533895,0.2753342725858811,0.14809610244918392
871,50,10,0.0,euclidean,5,,0.1,leaf,cosine,0.010467630908924854,0.07746978334755102,0.045235446642807,0.269544697932927,0.07746978334755102,0.2943647931977715
872,50,10,0.0,euclidean,5,5.0,0.0,eom,euclidean,0.020379935040768928,0.20495529204292737,0.18705038039713182,0.22665085635486132,0.20495529204292737,0.13489096703138476
873,50,10,0.0,euclidean,5,5.0,0.0,eom,cosine,0.027547673578015634,0.24054918968096586,0.22180581737055416,0.2627527193381746,0.2405491896809659,0.14283207895368627
874,50,10,0.0,euclidean,5,5.0,0.0,leaf,euclidean,0.02193464559646923,0.23350351654570115,0.21967643239700635,0.2491881558208223,0.23350351654570117,0.1312568562955489
875,50,10,0.0,euclidean,5,5.0,0.0,leaf,cosine,0.015584138052553494,0.22317824173117767,0.20264698117568725,0.248338785893398,0.2231782417311777,0.14053607387543085
876,50,10,0.0,euclidean,5,5.0,0.1,eom,euclidean,0.011083151732296884,0.06692147790868996,0.038526900383469426,0.2544606156922477,0.06692147790868995,0.2958310142854265
877,50,10,0.0,euclidean,5,5.0,0.1,eom,cosine,-0.0016493272485027086,0.06655069567444004,0.044476571242131474,0.1321260477708078,0.06655069567444004,0.21853784278294627
878,50,10,0.0,euclidean,5,5.0,0.1,leaf,euclidean,0.028283542857253912,0.23715578804782433,0.21229464611865495,0.2686120836096917,0.23715578804782433,0.15478145998739762
879,50,10,0.0,euclidean,5,5.0,0.1,leaf,cosine,0.011799818026249239,0.08011092354343423,0.04697747966561516,0.27184336557934075,0.08011092354343423,0.29449282504565044
880,50,10,0.0,euclidean,10,,0.0,eom,euclidean,0.01202181257073307,0.08403793746561483,0.04956448174641999,0.2760115057787851,0.08403793746561483,0.2944244621340117
881,50,10,0.0,euclidean,10,,0.0,eom,cosine,0.014736960940664472,0.09055562511382848,0.05297912664188742,0.3114765790686166,0.09055562511382848,0.29982683319231374
882,50,10,0.0,euclidean,10,,0.0,leaf,euclidean,0.02444039509693494,0.1935113330495656,0.15344519656413116,0.26189478477390266,0.1935113330495656,0.19908545528235405
883,50,10,0.0,euclidean,10,,0.0,leaf,cosine,0.014249785602911992,0.16631754218674277,0.13101529614551008,0.22766113941672073,0.16631754218674277,0.19207075227634016
884,50,10,0.0,euclidean,10,,0.1,eom,euclidean,0.01811523463876411,0.1263898937329059,0.09218347304853433,0.20095984337652012,0.12638989373290593,0.20951095496743233
885,50,10,0.0,euclidean,10,,0.1,eom,cosine,0.011576318010319428,0.089247693768879,0.05266392994952395,0.2922938889283378,0.08924769376887899,0.29381224115368326
886,50,10,0.0,euclidean,10,,0.1,leaf,euclidean,0.017505264850559615,0.18782020253082915,0.1521318035814934,0.2453846677733211,0.18782020253082915,0.17962008318688313
887,50,10,0.0,euclidean,10,,0.1,leaf,cosine,0.01432321918126481,0.09155787465706866,0.06543399886409365,0.15240343703505416,0.09155787465706866,0.20067367735454256
888,50,10,0.0,euclidean,10,5.0,0.0,eom,euclidean,0.0118869127507009,0.1193868653928248,0.08572872067080631,0.19655790335583742,0.1193868653928248,0.21091023594851874
889,50,10,0.0,euclidean,10,5.0,0.0,eom,cosine,0.03456879091122503,0.22329407429244924,0.1966523927605723,0.25828557319425843,0.22329407429244924,0.16147237266892128
890,50,10,0.0,euclidean,10,5.0,0.0,leaf,euclidean,0.018155593052003184,0.19655395428991523,0.17454963136432639,0.22490642692091503,0.19655395428991523,0.14220540397422912
891,50,10,0.0,euclidean,10,5.0,0.0,leaf,cosine,0.027721953878888362,0.19225925227834242,0.1671163901717917,0.22630748602035086,0.19225925227834242,0.155365144966792
892,50,10,0.0,euclidean,10,5.0,0.1,eom,euclidean,0.02462425279696272,0.20982249699118022,0.1843345286613483,0.24348988737745084,0.2098224969911802,0.15450362611618665
893,50,10,0.0,euclidean,10,5.0,0.1,eom,cosine,-0.0006816499855055916,0.07636924781712014,0.05126401372130235,0.14966272219244875,0.07636924781712012,0.21852729875645818
894,50,10,0.0,euclidean,10,5.0,0.1,leaf,euclidean,0.018060328221562772,0.21698424194479715,0.19731664025347692,0.24100666097055606,0.21698424194479715,0.13592604827354018
895,50,10,0.0,euclidean,10,5.0,0.1,leaf,cosine,0.010183742812576977,0.07630368804900209,0.04412547207171875,0.28181669743762955,0.07630368804900209,0.2958731627143863
896,50,10,0.0,euclidean,20,,0.0,eom,euclidean,0.0259567163887859,0.11171563091862631,0.07755148127648644,0.1996830026905432,0.1117156309186263,0.23178222053801512
897,50,10,0.0,euclidean,20,,0.0,eom,cosine,0.018371419642808192,0.11146681771838995,0.0792154205503265,0.18801393507319564,0.11146681771838997,0.20779305095285514
898,50,10,0.0,euclidean,20,,0.0,leaf,euclidean,0.020683510959231197,0.12245228358045886,0.08719416624535115,0.20558215335343974,0.12245228358045884,0.20900417076783775
899,50,10,0.0,euclidean,20,,0.0,leaf,cosine,0.01883696459688475,0.10908988239842617,0.07741029048731637,0.184661064637291,0.1090898823984262,0.20896576472162712
900,50,10,0.0,euclidean,20,,0.1,eom,euclidean,0.02069669758187618,0.11694785921211166,0.08371345058356924,0.19394403011312303,0.11694785921211168,0.20572003082838305
901,50,10,0.0,euclidean,20,,0.1,eom,cosine,0.01718209479433881,0.10830733980954803,0.07735266546531923,0.18056517580388137,0.10830733980954804,0.20357731577285587
902,50,10,0.0,euclidean,20,,0.1,leaf,euclidean,0.03863019947042759,0.1494885590523359,0.10374014052764813,0.26741685860911835,0.14948855905233588,0.24627823423510375
903,50,10,0.0,euclidean,20,,0.1,leaf,cosine,0.009719837883321016,0.10288640727611373,0.07317939330978362,0.1731942207442833,0.10288640727611373,0.19829110350595974
904,50,10,0.0,euclidean,20,5.0,0.0,eom,euclidean,0.036914346853592864,0.14338015568117185,0.1108163555575281,0.20304597369069935,0.14338015568117185,0.19502086906309737
905,50,10,0.0,euclidean,20,5.0,0.0,eom,cosine,0.023065415003510815,0.14448692070211144,0.1156831561361111,0.19238973368868126,0.14448692070211147,0.1744859657189567
906,50,10,0.0,euclidean,20,5.0,0.0,leaf,euclidean,0.0033204470959960655,0.09720920029935874,0.07445809977304887,0.13998128764365347,0.09720920029935876,0.16853271164315778
907,50,10,0.0,euclidean,20,5.0,0.0,leaf,cosine,0.026467649866861103,0.12166711379635242,0.09432290280237413,0.17133800375928238,0.1216671137963524,0.1833496163040496
908,50,10,0.0,euclidean,20,5.0,0.1,eom,euclidean,0.015345466194975442,0.11628652261541837,0.08798444645969321,0.17143094804932596,0.11628652261541836,0.18691968746967239
909,50,10,0.0,euclidean,20,5.0,0.1,eom,cosine,0.0022401114486186643,0.06769140513863935,0.047117017995558445,0.12016205822958956,0.06769140513863933,0.20161229620996218
910,50,10,0.0,euclidean,20,5.0,0.1,leaf,euclidean,0.04391144019204897,0.14996981031471407,0.11544331010020388,0.21396062625661272,0.14996981031471407,0.20433318462399055
911,50,10,0.0,euclidean,20,5.0,0.1,leaf,cosine,0.008247063548225929,0.09730619894343653,0.06770245580985358,0.17291578038267985,0.09730619894343653,0.2113355834507572
912,50,10,0.0,cosine,5,,0.0,eom,euclidean,0.005961999115209562,0.20631236873573752,0.19269017046330472,0.22200712396520866,0.20631236873573752,0.1178979090361825
913,50,10,0.0,cosine,5,,0.0,eom,cosine,0.010312274942603604,0.20695311398508717,0.19506786250829172,0.22038064288517342,0.2069531139850872,0.11673995782066061
914,50,10,0.0,cosine,5,,0.0,leaf,euclidean,0.004786304073118801,0.19776163052633425,0.18293163159364897,0.2152082473331244,0.19776163052633425,0.12146014858275188
915,50,10,0.0,cosine,5,,0.0,leaf,cosine,0.01688232777764154,0.23582797194610852,0.22353613405458236,0.2495502795023393,0.23582797194610855,0.12378022025853966
916,50,10,0.0,cosine,5,,0.1,eom,euclidean,0.005379818437772758,0.1781843367133245,0.15813842697370536,0.20405009108084318,0.1781843367133245,0.13118765722902873
917,50,10,0.0,cosine,5,,0.1,eom,cosine,-0.002095947834187238,0.0583183644270572,0.033699234488609085,0.21643850320916402,0.058318364427057214,0.28249578598326136
918,50,10,0.0,cosine,5,,0.1,leaf,euclidean,-0.00034949641069330367,0.2003537842391563,0.18557123471291465,0.21769532964099642,0.2003537842391563,0.11787490328927247
919,50,10,0.0,cosine,5,,0.1,leaf,cosine,-0.0010091761632422952,0.06120358673003805,0.03612155130900333,0.20025955130636697,0.06120358673003805,0.27745214995366974
920,50,10,0.0,cosine,5,5.0,0.0,eom,euclidean,-0.0011175601831907112,0.1968786728413914,0.18604885943634972,0.20904720896002515,0.1968786728413914,0.10909053764276866
921,50,10,0.0,cosine,5,5.0,0.0,eom,cosine,0.006253726031388013,0.22077819980385516,0.20811893067604786,0.23507726604970575,0.2207781998038552,0.11829183922861056
922,50,10,0.0,cosine,5,5.0,0.0,leaf,euclidean,0.0035725475882073627,0.1994690975251819,0.18509717605029463,0.21626072108098301,0.1994690975251819,0.12090823333516597
923,50,10,0.0,cosine,5,5.0,0.0,leaf,cosine,-0.0009559445146744451,0.20248963708438883,0.18313136751969677,0.22642426998614432,0.20248963708438886,0.13084577527278635
924,50,10,0.0,cosine,5,5.0,0.1,eom,euclidean,0.0023944273777071288,0.17067201454470124,0.14975057838506395,0.19838859788021398,0.17067201454470127,0.13508784444335262
925,50,10,0.0,cosine,5,5.0,0.1,eom,cosine,-0.008175704385283733,0.053954155746794547,0.03378939535696668,0.1338074967936294,0.053954155746794547,0.24697192644168783
926,50,10,0.0,cosine,5,5.0,0.1,leaf,euclidean,0.0008947593957280897,0.2187595880353268,0.20745315290577968,0.23136949106673807,0.21875958803532683,0.11296388654226573
927,50,10,0.0,cosine,5,5.0,0.1,leaf,cosine,-0.004233159484432561,0.06174172769731886,0.03704444108551,0.18524007285018854,0.061741727697318866,0.2647550507719564
928,50,10,0.0,cosine,10,,0.0,eom,euclidean,0.014876990992652384,0.08508644615633164,0.054981950317764566,0.18805054026707188,0.08508644615633164,0.25941881308566667
929,50,10,0.0,cosine,10,,0.0,eom,cosine,0.006033264644514249,0.10463155635842138,0.07479102870024557,0.17409153520291273,0.10463155635842136,0.2120443041657323
930,50,10,0.0,cosine,10,,0.0,leaf,euclidean,-0.0008612417916932842,0.14253855062381587,0.11276206334407628,0.1936835512469612,0.1425385506238159,0.1761107318430903
931,50,10,0.0,cosine,10,,0.0,leaf,cosine,-0.011979945058940176,0.10147582140578655,0.07976563719839366,0.1394233123272272,0.10147582140578654,0.15313883521326108
932,50,10,0.0,cosine,10,,0.1,eom,euclidean,-0.002093848609484608,0.13648411093375865,0.11186312514252593,0.17500188893663485,0.13648411093375867,0.1510677125768048
933,50,10,0.0,cosine,10,,0.1,eom,cosine,0.01526531256130172,0.07397678889946217,0.047254316216229456,0.170258582464768,0.07397678889946217,0.2655950648960106
934,50,10,0.0,cosine,10,,0.1,leaf,euclidean,-0.0008091574428497878,0.14125790459378393,0.11335502114073066,0.18738317372524596,0.14125790459378393,0.1676044302626172
935,50,10,0.0,cosine,10,,0.1,leaf,cosine,0.018350517132544552,0.09441832687755392,0.06309002669706201,0.1875482039771707,0.0944183268775539,0.23975292400564
936,50,10,0.0,cosine,10,5.0,0.0,eom,euclidean,0.0030239644256553886,0.10514587511587929,0.06891467140138749,0.22170515999829,0.10514587511587929,0.24917196873707378
937,50,10,0.0,cosine,10,5.0,0.0,eom,cosine,-0.0015322671948628378,0.14276284637994058,0.11819161559684377,0.180231810565807,0.14276284637994058,0.14652198855356838
938,50,10,0.0,cosine,10,5.0,0.0,leaf,euclidean,-0.0031372035037683043,0.18171872650930368,0.16532768995269567,0.20171755299906616,0.18171872650930368,0.11814777239749602
939,50,10,0.0,cosine,10,5.0,0.0,leaf,cosine,-0.003695841956225987,0.20127546629809778,0.1852477463370192,0.2203393258066322,0.20127546629809778,0.12013624361093281
940,50,10,0.0,cosine,10,5.0,0.1,eom,euclidean,0.002753647201773696,0.11277424479611799,0.07817263487884504,0.20233308419895227,0.11277424479611797,0.22600427938719492
941,50,10,0.0,cosine,10,5.0,0.1,eom,cosine,0.0022993638918671535,0.053411106215311074,0.03523486608103204,0.11032149837921017,0.053411106215311074,0.23495748175682415
942,50,10,0.0,cosine,10,5.0,0.1,leaf,euclidean,-0.0066924222413207645,0.16984886003928293,0.14914392733567464,0.19722924577783613,0.16984886003928293,0.12985088014847987
943,50,10,0.0,cosine,10,5.0,0.1,leaf,cosine,0.011006418228874075,0.0830665391752191,0.04826912809538686,0.2976272003976658,0.0830665391752191,0.29810328329414665
944,50,10,0.0,cosine,20,,0.0,eom,euclidean,-0.0014190553344114736,0.0848328883540236,0.05686490666039121,0.16693867197053597,0.0848328883540236,0.2221869118581537
945,50,10,0.0,cosine,20,,0.0,eom,cosine,-0.003380301077090453,0.08382324685825816,0.057608471633500004,0.15381843144527504,0.08382324685825816,0.20740234306181138
946,50,10,0.0,cosine,20,,0.0,leaf,euclidean,4.6600054477682735e-05,0.0860854295505427,0.056518079962219005,0.18052880658225845,0.0860854295505427,0.2357080226002237
947,50,10,0.0,cosine,20,,0.0,leaf,cosine,0.0,0.0,0.0,1.0,0.0,0.3156290382484226
948,50,10,0.0,cosine,20,,0.1,eom,euclidean,-0.0025931303387977563,0.07512101152250142,0.05162776226852277,0.13784954167323832,0.07512101152250142,0.2082558506464279
949,50,10,0.0,cosine,20,,0.1,eom,cosine,0.0,0.0,0.0,1.0,0.0,0.3156290382484226
950,50,10,0.0,cosine,20,,0.1,leaf,euclidean,0.00045591853669558303,0.09020784562251749,0.0633538293889274,0.15657648538608962,0.0902078456225175,0.19810756885535813
951,50,10,0.0,cosine,20,,0.1,leaf,cosine,0.0,0.0,0.0,1.0,0.0,0.3156290382484226
952,50,10,0.0,cosine,20,5.0,0.0,eom,euclidean,-0.0024976506533535424,0.13723662388060517,0.11707081503699415,0.16579539119543346,0.13723662388060515,0.12830943135315345
953,50,10,0.0,cosine,20,5.0,0.0,eom,cosine,-0.006065958830269643,0.10142781758724971,0.07743745716614117,0.14695489106427106,0.1014278175872497,0.16037578284768672
954,50,10,0.0,cosine,20,5.0,0.0,leaf,euclidean,-0.007580930890808864,0.12604458932195334,0.10039235832440271,0.16930548593694347,0.12604458932195334,0.15006662702368018
955,50,10,0.0,cosine,20,5.0,0.0,leaf,cosine,-0.004120339688800189,0.10351213133969007,0.07908599663597,0.149769131891692,0.10351213133969009,0.16149027041286693
956,50,10,0.0,cosine,20,5.0,0.1,eom,euclidean,-0.00033904419700519004,0.13643408327762147,0.11507281596948435,0.16753382460583197,0.13643408327762147,0.1369414159920683
957,50,10,0.0,cosine,20,5.0,0.1,eom,cosine,0.0003443134617968005,0.051762634383201,0.03184395023942475,0.1382213814215568,0.05176263438320101,0.2540456167309108
958,50,10,0.0,cosine,20,5.0,0.1,leaf,euclidean,-0.005545040322540114,0.09587287062158761,0.07430187792139845,0.1350922575833038,0.09587287062158761,0.15314125065544903
959,50,10,0.0,cosine,20,5.0,0.1,leaf,cosine,0.0005323903357195653,0.05955229231179328,0.04086388760464435,0.10974003095566856,0.059552292311793285,0.212650096094291
960,50,10,0.1,euclidean,5,,0.0,eom,euclidean,0.015445107010336906,0.19905346365927842,0.1754597100505148,0.22997822445877555,0.19905346365927848,0.14947285415859088
961,50,10,0.1,euclidean,5,,0.0,eom,cosine,0.019492770792131357,0.24086488357883204,0.22223459407268215,0.2629046067688316,0.24086488357883204,0.1380168893116009
962,50,10,0.1,euclidean,5,,0.0,leaf,euclidean,0.017072170268231886,0.23197185012747293,0.2065172299861857,0.2645835270138525,0.23197185012747296,0.1619424129364345
963,50,10,0.1,euclidean,5,,0.0,leaf,cosine,0.0026545937117464875,0.23337032048599268,0.19822884112920125,0.28365611952473657,0.2333703204859927,0.17493013758498674
964,50,10,0.1,euclidean,5,,0.1,eom,euclidean,0.014508150386788697,0.2163798569392897,0.19291512043210632,0.24634317841982434,0.2163798569392897,0.14580050004971806
965,50,10,0.1,euclidean,5,,0.1,eom,cosine,0.009961335494301015,0.09024460783752612,0.057604423495818326,0.2082374141665332,0.09024460783752612,0.2603501871088528
966,50,10,0.1,euclidean,5,,0.1,leaf,euclidean,0.022246110989516385,0.21881401371985118,0.19478074490741581,0.24961280578358758,0.21881401371985118,0.15357014114840262
967,50,10,0.1,euclidean,5,,0.1,leaf,cosine,0.013321583344592618,0.09276948430934084,0.0590823579672494,0.21582948961850665,0.09276948430934084,0.26573130242056936
968,50,10,0.1,euclidean,5,5.0,0.0,eom,euclidean,0.0037461543156845616,0.23455971924295263,0.2134757103586678,0.2602648778673346,0.2345597192429526,0.13990866830447202
969,50,10,0.1,euclidean,5,5.0,0.0,eom,cosine,0.014660794401060799,0.25142045179557315,0.22586737066676055,0.28349288765121844,0.2514204517955731,0.15205340682425508
970,50,10,0.1,euclidean,5,5.0,0.0,leaf,euclidean,0.008335607972512081,0.23955312827348846,0.21514854836591596,0.27020255592412507,0.23955312827348846,0.1446319618636184
971,50,10,0.1,euclidean,5,5.0,0.0,leaf,cosine,0.009813510134040955,0.23221015096177453,0.2068024354919979,0.2647355157800443,0.23221015096177453,0.15038580178516373
972,50,10,0.1,euclidean,5,5.0,0.1,eom,euclidean,0.03073253006446398,0.20172781510920065,0.17229156866868806,0.24329511261580639,0.20172781510920065,0.1667822268585134
973,50,10,0.1,euclidean,5,5.0,0.1,eom,cosine,0.004814529146399908,0.07910518181992543,0.04991262717744146,0.19055664217971616,0.07910518181992543,0.25983921577189184
974,50,10,0.1,euclidean,5,5.0,0.1,leaf,euclidean,0.024324674066440784,0.22169090054559715,0.20245595245600279,0.2449645038023632,0.22169090054559715,0.14605840061431266
975,50,10,0.1,euclidean,5,5.0,0.1,leaf,cosine,-0.0036477162149864744,0.0596369732845917,0.03681974953232549,0.15681588119849596,0.05963697328459169,0.2573110326001648
976,50,10,0.1,euclidean,10,,0.0,eom,euclidean,0.01091661660464158,0.12653960624504476,0.09443076526817036,0.19173400035918634,0.12653960624504473,0.1875594878188564
977,50,10,0.1,euclidean,10,,0.0,eom,cosine,0.01435102028653421,0.09839189246260487,0.07003666130818187,0.16532637249859497,0.09839189246260487,0.20351537291934788
978,50,10,0.1,euclidean,10,,0.0,leaf,euclidean,0.031002351904147976,0.1745188310383043,0.13597951929272092,0.2435440907762448,0.1745188310383043,0.19892306330858608
979,50,10,0.1,euclidean,10,,0.0,leaf,cosine,0.006394904377781513,0.14515328833295113,0.10766801581968298,0.2226810439181383,0.14515328833295113,0.20182693223897524
980,50,10,0.1,euclidean,10,,0.1,eom,euclidean,0.011832775934905743,0.11727488748519953,0.08511805595557327,0.1884814889260423,0.11727488748519951,0.20574905994135317
981,50,10,0.1,euclidean,10,,0.1,eom,cosine,0.011320157035635983,0.09443437624007173,0.06692471417433328,0.16034467291038074,0.09443437624007174,0.20333023149216123
982,50,10,0.1,euclidean,10,,0.1,leaf,euclidean,0.010680328857345156,0.1788471650339277,0.13774431874537357,0.2549131369883365,0.1788471650339277,0.20268713391020057
983,50,10,0.1,euclidean,10,,0.1,leaf,cosine,0.0032222404379627988,0.09014002457248113,0.05742169241415672,0.2095258584905882,0.09014002457248113,0.25256270707096273
984,50,10,0.1,euclidean,10,5.0,0.0,eom,euclidean,0.03743360220815005,0.2109410817644208,0.18303245477033334,0.2488918985608203,0.21094108176442083,0.16435398062077908
985,50,10,0.1,euclidean,10,5.0,0.0,eom,cosine,0.024170220241398154,0.1682929099683981,0.13963240073533434,0.21175761472122062,0.1682929099683981,0.16754719226788461
986,50,10,0.1,euclidean,10,5.0,0.0,leaf,euclidean,0.01588291165215896,0.20591150116517887,0.18277552844089257,0.23575349648513244,0.2059115011651789,0.14292486511138658
987,50,10,0.1,euclidean,10,5.0,0.0,leaf,cosine,0.017263935429335214,0.20688386270710962,0.18320227438933878,0.2375967350428137,0.20688386270710962,0.1453521931366129
988,50,10,0.1,euclidean,10,5.0,0.1,eom,euclidean,0.03477362364255227,0.1575249914093216,0.1260214304860377,0.21002932933780713,0.15752499140932164,0.18731949631551845
989,50,10,0.1,euclidean,10,5.0,0.1,eom,cosine,-0.0018234090290047238,0.06836083696284367,0.04683122967120377,0.1265303073572246,0.06836083696284367,0.20824293962923326
990,50,10,0.1,euclidean,10,5.0,0.1,leaf,euclidean,0.037343228866977884,0.23574253786169586,0.209109783734413,0.27014946053974287,0.23574253786169586,0.16242447488104014
991,50,10,0.1,euclidean,10,5.0,0.1,leaf,cosine,0.01148471408694457,0.08208996604044937,0.049313921401131215,0.24478221669227418,0.08208996604044937,0.2871559601865067
992,50,10,0.1,euclidean,20,,0.0,eom,euclidean,0.037246776930308347,0.13416955762416802,0.09378673539293474,0.2356255198113285,0.13416955762416802,0.23809902645406988
993,50,10,0.1,euclidean,20,,0.0,eom,cosine,0.029825257089653133,0.11555702218239784,0.08021812317984758,0.2065491908483834,0.11555702218239784,0.23590017877092403
994,50,10,0.1,euclidean,20,,0.0,leaf,euclidean,0.033167593688165325,0.1410371040754366,0.09919881924478971,0.2439083655144307,0.1410371040754366,0.23047754959235658
995,50,10,0.1,euclidean,20,,0.0,leaf,cosine,0.02329991005881625,0.11496495868869197,0.07981527692168137,0.20543686885291748,0.11496495868869196,0.22932858416560745
996,50,10,0.1,euclidean,20,,0.1,eom,euclidean,0.04492577966640312,0.14774557346524658,0.10247935578802979,0.26463976088719293,0.14774557346524658,0.25230426919128274
997,50,10,0.1,euclidean,20,,0.1,eom,cosine,0.03874422194595693,0.13288557998453232,0.08714029496055609,0.2797363414961763,0.13288557998453232,0.2807937890162928
998,50,10,0.1,euclidean,20,,0.1,leaf,euclidean,0.021123609375241093,0.11939453892534162,0.08504048625620897,0.20031730244157003,0.1193945389253416,0.2092347325266006
999,50,10,0.1,euclidean,20,,0.1,leaf,cosine,0.03266450419310878,0.1147495709517918,0.08027583492384799,0.20111780545786648,0.1147495709517918,0.23386025964395252
1000,50,10,0.1,euclidean,20,5.0,0.0,eom,euclidean,0.015793329172016545,0.10410887168051612,0.0744939269215735,0.17280870254035194,0.10410887168051612,0.2009589753746966
1001,50,10,0.1,euclidean,20,5.0,0.0,eom,cosine,0.013247660193519814,0.09591748794480105,0.06729621002479727,0.16690096303968058,0.09591748794480107,0.21133485054734072
1002,50,10,0.1,euclidean,20,5.0,0.0,leaf,euclidean,0.024449098624382985,0.13441570775780753,0.10336385803794636,0.19213580784027667,0.13441570775780753,0.18592039789458728
1003,50,10,0.1,euclidean,20,5.0,0.0,leaf,cosine,0.03176245145754549,0.1422815039359725,0.11007747727461363,0.2011210353820388,0.14228150393597247,0.18958687853470577
1004,50,10,0.1,euclidean,20,5.0,0.1,eom,euclidean,0.01869976807619937,0.10717123258772593,0.08218172862944602,0.15399850598656828,0.10717123258772593,0.1823461403651312
1005,50,10,0.1,euclidean,20,5.0,0.1,eom,cosine,0.00291169716451072,0.06392396290950748,0.043669871399583615,0.11921666725449,0.06392396290950748,0.21094107075763588
1006,50,10,0.1,euclidean,20,5.0,0.1,leaf,euclidean,0.010432226829294266,0.11164695751929457,0.08591659872673953,0.1593774068414321,0.11164695751929458,0.17290312299505184
1007,50,10,0.1,euclidean,20,5.0,0.1,leaf,cosine,0.00639178445341626,0.08457406835972946,0.06013390391064362,0.14248349925772158,0.08457406835972946,0.19609873498211422
1008,50,10,0.1,cosine,5,,0.0,eom,euclidean,-0.0038766129853676132,0.19531840775420897,0.1791773993519008,0.21465541615045636,0.19531840775420897,0.12079214590519172
1009,50,10,0.1,cosine,5,,0.0,eom,cosine,-0.011629122125535895,0.18824130534907377,0.17085011973119243,0.20957430561519544,0.18824130534907374,0.12050802232238163
1010,50,10,0.1,cosine,5,,0.0,leaf,euclidean,0.0006258147912152972,0.22152372798823639,0.20566584649547856,0.24003136556930954,0.22152372798823639,0.12280628637804497
1011,50,10,0.1,cosine,5,,0.0,leaf,cosine,-0.007859456426561478,0.18470141893446893,0.16634542834128738,0.20761101005190524,0.18470141893446895,0.1293287594968603
1012,50,10,0.1,cosine,5,,0.1,eom,euclidean,-0.007850388253269768,0.20110828350327706,0.18663516142505812,0.21801482543973805,0.20110828350327706,0.11581917784235382
1013,50,10,0.1,cosine,5,,0.1,eom,cosine,-0.0028926531512759542,0.04689727736104839,0.02709956567187384,0.17405111779679802,0.04689727736104839,0.2814432681517291
1014,50,10,0.1,cosine,5,,0.1,leaf,euclidean,0.0034022081976761973,0.22241812577794748,0.20080827148318742,0.24923992122673821,0.22241812577794748,0.14212531615361024
1015,50,10,0.1,cosine,5,,0.1,leaf,cosine,-0.0042220909666996825,0.04067349686140191,0.02385771645747604,0.1377997113399172,0.04067349686140192,0.2749340307724177
1016,50,10,0.1,cosine,5,5.0,0.0,eom,euclidean,0.004764899364431877,0.18004450859905735,0.1604625665421968,0.20507010135123627,0.18004450859905732,0.12854773870936098
1017,50,10,0.1,cosine,5,5.0,0.0,eom,cosine,0.0019197969026799075,0.20517934645790115,0.18994420066668005,0.2230715917045022,0.20517934645790115,0.11965564458192207
1018,50,10,0.1,cosine,5,5.0,0.0,leaf,euclidean,0.01577843377836089,0.22619140672374644,0.2096502912006002,0.24556624054940437,0.22619140672374646,0.13880356278496736
1019,50,10,0.1,cosine,5,5.0,0.0,leaf,cosine,-0.008995983830219937,0.1969036357170532,0.17966261667738098,0.21780491597628784,0.1969036357170532,0.11950517245398161
1020,50,10,0.1,cosine,5,5.0,0.1,eom,euclidean,0.0021866727674015956,0.20218894445044994,0.18345161765421325,0.22518925794492878,0.20218894445044994,0.13112319732796762
1021,50,10,0.1,cosine,5,5.0,0.1,eom,cosine,0.0022353786228283953,0.0693352546387,0.042607523721101784,0.1860353937411105,0.0693352546387,0.26736872667707123
1022,50,10,0.1,cosine,5,5.0,0.1,leaf,euclidean,-0.011579924691803786,0.19141582447556582,0.17511399507427144,0.2110643703038137,0.19141582447556582,0.1164273641020133
1023,50,10,0.1,cosine,5,5.0,0.1,leaf,cosine,-0.0020645388259402544,0.05630442513199368,0.03797977864353665,0.10879751844416127,0.05630442513199368,0.21926008204665717
1024,50,10,0.1,cosine,10,,0.0,eom,euclidean,0.010510024085644476,0.14004292510437089,0.10686191330911216,0.2031090094526601,0.14004292510437089,0.19246135209626103
1025,50,10,0.1,cosine,10,,0.0,eom,cosine,-0.009036314413671415,0.0731175216838673,0.05159886891243131,0.12542401287555657,0.0731175216838673,0.18487005715097332
1026,50,10,0.1,cosine,10,,0.0,leaf,euclidean,6.353990664108365e-05,0.15657073838130472,0.12695587070120065,0.2042055639515076,0.15657073838130472,0.1724387737874852
1027,50,10,0.1,cosine,10,,0.0,leaf,cosine,0.0009497666122288243,0.12285752492382974,0.09246415882219046,0.18301550856941182,0.12285752492382973,0.19390984100376435
1028,50,10,0.1,cosine,10,,0.1,eom,euclidean,-0.00572301810857254,0.11746868726036452,0.09080697054169627,0.16629407458661002,0.11746868726036452,0.1692557238291068
1029,50,10,0.1,cosine,10,,0.1,eom,cosine,-0.0016082847120302882,0.07872961119376544,0.05604397437406821,0.1322703898247949,0.07872961119376544,0.18676721896180754
1030,50,10,0.1,cosine,10,,0.1,leaf,euclidean,-0.0073595425865533096,0.13100320174648006,0.10071576774813495,0.18734062470134646,0.13100320174648003,0.1835195736563623
1031,50,10,0.1,cosine,10,,0.1,leaf,cosine,0.014395571811274186,0.08085959735316346,0.050853825503444916,0.1972375897709574,0.08085959735316346,0.27192917025940644
1032,50,10,0.1,cosine,10,5.0,0.0,eom,euclidean,-0.0028847535762044694,0.14770969820674723,0.1258880437191415,0.1786829069683652,0.1477096982067472,0.13987208537885723
1033,50,10,0.1,cosine,10,5.0,0.0,eom,cosine,0.0026365398127270304,0.1545563850437382,0.12844947484351316,0.1939826949009527,0.15455638504373823,0.14536422987099976
1034,50,10,0.1,cosine,10,5.0,0.0,leaf,euclidean,-7.161143634638452e-05,0.1557895569377101,0.13271303200995205,0.1885804738488283,0.1557895569377101,0.1403100738727239
1035,50,10,0.1,cosine,10,5.0,0.0,leaf,cosine,-0.004502989447069998,0.17237590774114242,0.14921307543479054,0.2040514852376086,0.1723759077411424,0.14081692143140453
1036,50,10,0.1,cosine,10,5.0,0.1,eom,euclidean,0.004852867348203366,0.18126401560682787,0.16079167036603903,0.20771011990445284,0.18126401560682787,0.13071233963037282
1037,50,10,0.1,cosine,10,5.0,0.1,eom,cosine,0.002957838752231852,0.061551911945798364,0.03773642063498111,0.16685300140430664,0.06155191194579836,0.26850116623774845
1038,50,10,0.1,cosine,10,5.0,0.1,leaf,euclidean,0.00037910098822406253,0.18176525973283694,0.15889830868636284,0.21232010655913694,0.18176525973283694,0.13770715827495822
1039,50,10,0.1,cosine,10,5.0,0.1,leaf,cosine,-0.009836534633130185,0.061383052650691834,0.03913268231591506,0.1422840367862134,0.06138305265069183,0.2377319366722965
1040,50,10,0.1,cosine,20,,0.0,eom,euclidean,0.0,0.0,0.0,1.0,0.0,0.3156290382484226
1041,50,10,0.1,cosine,20,,0.0,eom,cosine,0.0,0.0,0.0,1.0,0.0,0.3156290382484226
1042,50,10,0.1,cosine,20,,0.0,leaf,euclidean,-0.00561159169091072,0.07499526310376586,0.050839120015812776,0.14288859866940026,0.07499526310376586,0.21278087302971294
1043,50,10,0.1,cosine,20,,0.0,leaf,cosine,0.0002996456732236965,0.08666840014476725,0.0571440377247604,0.17931356081383162,0.08666840014476725,0.2335491360985142
1044,50,10,0.1,cosine,20,,0.1,eom,euclidean,0.0010304438141980144,0.08124808115293053,0.056217313902123825,0.1464589501744857,0.08124808115293053,0.20805098748243586
1045,50,10,0.1,cosine,20,,0.1,eom,cosine,0.0,0.0,0.0,1.0,0.0,0.3156290382484226
1046,50,10,0.1,cosine,20,,0.1,leaf,euclidean,0.0,0.0,0.0,1.0,0.0,0.3156290382484226
1047,50,10,0.1,cosine,20,,0.1,leaf,cosine,-0.00544264005623914,0.08304840381907039,0.05738987086775324,0.15020284311682702,0.08304840381907039,0.20153561491562505
1048,50,10,0.1,cosine,20,5.0,0.0,eom,euclidean,-0.0068096354393685195,0.08578914978258127,0.06557906380269432,0.12400482437897413,0.0857891497825813,0.15855361043845584
1049,50,10,0.1,cosine,20,5.0,0.0,eom,cosine,0.0023235140997284807,0.07951101860882037,0.05230129688107509,0.16573409059274366,0.07951101860882036,0.2371537727389985
1050,50,10,0.1,cosine,20,5.0,0.0,leaf,euclidean,-0.010396745349568557,0.07575697459534499,0.0584870850833721,0.10749893478661013,0.07575697459534499,0.15105582796745554
1051,50,10,0.1,cosine,20,5.0,0.0,leaf,cosine,-0.005625426377060364,0.06424933095928555,0.04573404337708289,0.10795429854266965,0.06424933095928555,0.18280405884542705
1052,50,10,0.1,cosine,20,5.0,0.1,eom,euclidean,-0.00011376095684733083,0.06403555017297394,0.04363747184569303,0.12024192953153891,0.06403555017297392,0.21258114063365094
1053,50,10,0.1,cosine,20,5.0,0.1,eom,cosine,-0.0016853102974655019,0.05933022216528198,0.0388107526046864,0.12588786521357417,0.059330222165281984,0.23521190695746078
1054,50,10,0.1,cosine,20,5.0,0.1,leaf,euclidean,-0.007053726480118875,0.12645652811409888,0.1062156784632227,0.15622788803754778,0.12645652811409888,0.13389345464073954
1055,50,10,0.1,cosine,20,5.0,0.1,leaf,cosine,0.0009490439749055041,0.0702140017884002,0.047857404933359285,0.13177072292215267,0.07021400178840019,0.2151300593890715
1056,50,10,0.3,euclidean,5,,0.0,eom,euclidean,0.020608899585509374,0.20439851914389312,0.17783897048702776,0.24028398425816458,0.20439851914389312,0.1538417436585923
1057,50,10,0.3,euclidean,5,,0.0,eom,cosine,0.022693522755453922,0.22244306343905684,0.1902022699812265,0.26784489825543023,0.22244306343905684,0.17127570689228266
1058,50,10,0.3,euclidean,5,,0.0,leaf,euclidean,0.008995505336801091,0.2241180835662193,0.19377372281675836,0.2657306793212634,0.2241180835662193,0.16406142297901133
1059,50,10,0.3,euclidean,5,,0.0,leaf,cosine,0.0066240973784506335,0.20377345128529087,0.170718680055036,0.2527019240603009,0.20377345128529084,0.17584049444217173
1060,50,10,0.3,euclidean,5,,0.1,eom,euclidean,0.013114724423345839,0.14244516422255996,0.11131780871017814,0.1977377968360527,0.14244516422255996,0.1774507510337475
1061,50,10,0.3,euclidean,5,,0.1,eom,cosine,0.009975211672432533,0.08898089352161664,0.05848510694615113,0.1859300977963817,0.08898089352161664,0.24452541878228712
1062,50,10,0.3,euclidean,5,,0.1,leaf,euclidean,0.021267267318112532,0.22861498058320068,0.18966638543756167,0.287693821280883,0.22861498058320062,0.1938011417061898
1063,50,10,0.3,euclidean,5,,0.1,leaf,cosine,-0.002080494990581211,0.07194114585455756,0.05073870178992852,0.1235837112436063,0.07194114585455755,0.19125522328671543
1064,50,10,0.3,euclidean,5,5.0,0.0,eom,euclidean,0.007820590171837824,0.132258834857468,0.10275457241192487,0.18553095583780782,0.13225883485746798,0.17377804978651054
1065,50,10,0.3,euclidean,5,5.0,0.0,eom,cosine,0.011945191559083348,0.08856596878947888,0.05526946169250385,0.22277356456494263,0.08856596878947887,0.27319766507296733
1066,50,10,0.3,euclidean,5,5.0,0.0,leaf,euclidean,0.005772790554446666,0.21289925007519067,0.17542544265358714,0.27073216727189675,0.21289925007519067,0.18262773068283825
1067,50,10,0.3,euclidean,5,5.0,0.0,leaf,cosine,0.014045324232650782,0.22283358643521642,0.19117077851360265,0.2670667179809132,0.2228335864352164,0.1674467397450901
1068,50,10,0.3,euclidean,5,5.0,0.1,eom,euclidean,3.1084126171859957e-05,0.12588176312349797,0.09835298386366141,0.17481095744696892,0.125881763123498,0.16801255133649964
1069,50,10,0.3,euclidean,5,5.0,0.1,eom,cosine,-0.0011987132573975082,0.060066354427565374,0.04230155058844764,0.10355488265984872,0.06006635442756537,0.1946490112191053
1070,50,10,0.3,euclidean,5,5.0,0.1,leaf,euclidean,0.015259170449272517,0.1860054718737028,0.15486730927981357,0.23281633884960298,0.18600547187370278,0.16670374370595192
1071,50,10,0.3,euclidean,5,5.0,0.1,leaf,cosine,0.009800318231269993,0.08002299333280115,0.050836307520515246,0.18790506146498095,0.08002299333280115,0.26085174757827345
1072,50,10,0.3,euclidean,10,,0.0,eom,euclidean,0.002372221439984328,0.09629119024855903,0.07190723006170051,0.14569773478031597,0.09629119024855905,0.17754381982044853
1073,50,10,0.3,euclidean,10,,0.0,eom,cosine,0.003396025605490228,0.07318034074130406,0.05255333569495583,0.12046079004750063,0.07318034074130406,0.18623895675013968
1074,50,10,0.3,euclidean,10,,0.0,leaf,euclidean,0.01457335126006317,0.1387324085536952,0.09933131490036402,0.22994196040308,0.1387324085536952,0.21427513347119997
1075,50,10,0.3,euclidean,10,,0.0,leaf,cosine,0.012940467415402588,0.14169840276628123,0.10177313770829582,0.23317036528185145,0.14169840276628123,0.214436265142644
1076,50,10,0.3,euclidean,10,,0.1,eom,euclidean,0.011776577027009356,0.11783894550094538,0.08831172364250287,0.17702897997895806,0.1178389455009454,0.18512879886827602
1077,50,10,0.3,euclidean,10,,0.1,eom,cosine,0.012050354027382167,0.09708802547311987,0.06969226661700446,0.1599726529396328,0.09708802547311988,0.19519153813626877
1078,50,10,0.3,euclidean,10,,0.1,leaf,euclidean,0.015917803113821988,0.15131251784924388,0.10551604182758563,0.26734785738903405,0.15131251784924385,0.23213487768870955
1079,50,10,0.3,euclidean,10,,0.1,leaf,cosine,0.008622131198450756,0.09501801464165954,0.06777885762003055,0.15886186603926106,0.09501801464165954,0.19567027798172498
1080,50,10,0.3,euclidean,10,5.0,0.0,eom,euclidean,0.019868169387083932,0.15666464681093079,0.12619672768723636,0.20652681328100916,0.15666464681093079,0.1683652910017078
1081,50,10,0.3,euclidean,10,5.0,0.0,eom,cosine,0.027465893272294595,0.16734450244991966,0.13328570342760201,0.22478409315963468,0.16734450244991966,0.18202906700812116
1082,50,10,0.3,euclidean,10,5.0,0.0,leaf,euclidean,0.021598211561822064,0.18051803415695866,0.1482406111385359,0.23076378063387568,0.18051803415695866,0.17263746677602929
1083,50,10,0.3,euclidean,10,5.0,0.0,leaf,cosine,0.01712611948463797,0.20276285014449208,0.16953426973599234,0.25219234720455275,0.20276285014449208,0.17232342136148146
1084,50,10,0.3,euclidean,10,5.0,0.1,eom,euclidean,0.028342491310598232,0.17964972725497297,0.13823777755712693,0.2564850679155961,0.17964972725497297,0.20388716428078044
1085,50,10,0.3,euclidean,10,5.0,0.1,eom,cosine,-0.002408887919653706,0.06766798211941374,0.04764062007474165,0.11674626093975918,0.06766798211941374,0.1932519519740774
1086,50,10,0.3,euclidean,10,5.0,0.1,leaf,euclidean,0.017363338015698962,0.18981501511918303,0.15297432039266468,0.2500294188838436,0.18981501511918303,0.180263335045573
1087,50,10,0.3,euclidean,10,5.0,0.1,leaf,cosine,0.00114610218512247,0.06473191682718561,0.04109841327372028,0.1523271011632189,0.06473191682718561,0.25251037057232006
1088,50,10,0.3,euclidean,20,,0.0,eom,euclidean,0.024709744695076013,0.12795342127159895,0.08396160689464731,0.26878235239462167,0.12795342127159892,0.2643887249855814
1089,50,10,0.3,euclidean,20,,0.0,eom,cosine,0.0,0.0,0.0,1.0,0.0,0.3156290382484226
1090,50,10,0.3,euclidean,20,,0.0,leaf,euclidean,0.0204469645163186,0.11876660322655039,0.07906177462794864,0.23858300414424574,0.11876660322655039,0.25135966809877475
1091,50,10,0.3,euclidean,20,,0.0,leaf,cosine,0.0,0.0,0.0,1.0,0.0,0.3156290382484226
1092,50,10,0.3,euclidean,20,,0.1,eom,euclidean,0.0,0.0,0.0,1.0,0.0,0.3156290382484226
1093,50,10,0.3,euclidean,20,,0.1,eom,cosine,0.021262562608973898,0.10473789201602325,0.06994443852654303,0.2084104625173423,0.10473789201602325,0.2500131912620678
1094,50,10,0.3,euclidean,20,,0.1,leaf,euclidean,0.0,0.0,0.0,1.0,0.0,0.3156290382484226
1095,50,10,0.3,euclidean,20,,0.1,leaf,cosine,0.02948373049537047,0.14629588365556442,0.09729545057174285,0.2947286212417121,0.14629588365556442,0.26264580211634264
1096,50,10,0.3,euclidean,20,5.0,0.0,eom,euclidean,0.01517253913214057,0.11916636593491427,0.09158828693446516,0.17050785598814466,0.11916636593491427,0.17828817728594207
1097,50,10,0.3,euclidean,20,5.0,0.0,eom,cosine,0.008838686415565995,0.109454388838074,0.08435501009107922,0.1558168542890799,0.109454388838074,0.17049094940951462
1098,50,10,0.3,euclidean,20,5.0,0.0,leaf,euclidean,0.013172583165885243,0.09601452174589499,0.06879502426331133,0.15887522936212017,0.09601452174589499,0.19753453726742706
1099,50,10,0.3,euclidean,20,5.0,0.0,leaf,cosine,0.02024250389700692,0.10746406259890315,0.07696568337049405,0.1779970921145635,0.10746406259890316,0.20485125285535177
1100,50,10,0.3,euclidean,20,5.0,0.1,eom,euclidean,0.0033520238954879334,0.06900784577972499,0.049387611991770275,0.11449220312322057,0.069007845779725,0.18849044850474772
1101,50,10,0.3,euclidean,20,5.0,0.1,eom,cosine,0.007785165868811664,0.084915727621494,0.06095939896278237,0.1398914110574265,0.084915727621494,0.19090980735315177
1102,50,10,0.3,euclidean,20,5.0,0.1,leaf,euclidean,0.00586321141490464,0.0818357064953269,0.05888982313560438,0.13407796451185747,0.0818357064953269,0.1873240254086018
1103,50,10,0.3,euclidean,20,5.0,0.1,leaf,cosine,0.005543535823305176,0.07704051550422114,0.05507043536259167,0.1281755044939551,0.07704051550422113,0.19121786179940917
1104,50,10,0.3,cosine,5,,0.0,eom,euclidean,-0.008166286056184927,0.20174568745941993,0.18046420171508296,0.2287175100311503,0.20174568745941993,0.1374644685820919
1105,50,10,0.3,cosine,5,,0.0,eom,cosine,-0.014899360427477141,0.19328460747029746,0.17312962481544333,0.2187505791894833,0.19328460747029746,0.1310261359975716
1106,50,10,0.3,cosine,5,,0.0,leaf,euclidean,0.012913841946323609,0.19508294530239448,0.17038108011189035,0.22816187573476054,0.19508294530239448,0.16403774559095624
1107,50,10,0.3,cosine,5,,0.0,leaf,cosine,-0.005502259577875788,0.19706623990303035,0.17599101038290169,0.22387575029309245,0.19706623990303035,0.14119362272837618
1108,50,10,0.3,cosine,5,,0.1,eom,euclidean,-0.0030278215332617017,0.21476654143752597,0.19577154158870655,0.2378436442136394,0.21476654143752602,0.12573414611255365
1109,50,10,0.3,cosine,5,,0.1,eom,cosine,-0.010168642213321165,0.05454870759463214,0.0382711166969364,0.0949206586100581,0.054548707594632144,0.18769580902167177
1110,50,10,0.3,cosine,5,,0.1,leaf,euclidean,0.0009037295723977822,0.22442776902231604,0.20403386841229254,0.24935130647631185,0.22442776902231606,0.1350778638859855
1111,50,10,0.3,cosine,5,,0.1,leaf,cosine,-0.0015585381204200467,0.05438286883847529,0.03398751207612772,0.13598567473020595,0.05438286883847529,0.25324140685588137
1112,50,10,0.3,cosine,5,5.0,0.0,eom,euclidean,0.006086159351089152,0.1981989720336956,0.17556497006508892,0.2275327033179722,0.1981989720336956,0.14033466582927417
1113,50,10,0.3,cosine,5,5.0,0.0,eom,cosine,-0.0020514505504939003,0.1858932272479729,0.16101862775087578,0.2198574020731573,0.1858932272479729,0.14950260069679963
1114,50,10,0.3,cosine,5,5.0,0.0,leaf,euclidean,0.0026312128322513117,0.20230598576734074,0.18444678115808164,0.22399442177407936,0.20230598576734077,0.13609091652809677
1115,50,10,0.3,cosine,5,5.0,0.0,leaf,cosine,0.003918174349682346,0.21933250888651726,0.19519393848782,0.25028373401101395,0.21933250888651723,0.15149607015798813
1116,50,10,0.3,cosine,5,5.0,0.1,eom,euclidean,-0.002394479388731502,0.19309771540287898,0.16985986042549905,0.2237014211241408,0.19309771540287896,0.1475397325275527
1117,50,10,0.3,cosine,5,5.0,0.1,eom,cosine,-0.005432243234977367,0.04321750440473137,0.027185385922007192,0.10533994116294543,0.04321750440473136,0.24674474597609017
1118,50,10,0.3,cosine,5,5.0,0.1,leaf,euclidean,0.018397961739795646,0.22282311665383986,0.19931009426690122,0.25262591640574145,0.22282311665383986,0.15734942205601635
1119,50,10,0.3,cosine,5,5.0,0.1,leaf,cosine,-0.005883404045808493,0.04651192663180023,0.029450844661900115,0.1105602714282273,0.04651192663180023,0.24057347007141003
1120,50,10,0.3,cosine,10,,0.0,eom,euclidean,0.00101620457366932,0.10169208325461379,0.07583298792434515,0.15431286460087965,0.10169208325461379,0.18240933543246213
1121,50,10,0.3,cosine,10,,0.0,eom,cosine,0.0023160963242830302,0.09503442996323773,0.06822006411622498,0.15657880862648513,0.09503442996323773,0.20537491309293882
1122,50,10,0.3,cosine,10,,0.0,leaf,euclidean,-0.014189569990066639,0.08615352815490618,0.06356784688269897,0.13363359901979702,0.08615352815490618,0.175102542589705
1123,50,10,0.3,cosine,10,,0.0,leaf,cosine,-0.0012616829561819544,0.09024531746967215,0.06579394310812405,0.14361940884154578,0.09024531746967217,0.1926105198264324
1124,50,10,0.3,cosine,10,,0.1,eom,euclidean,0.0013236246525564037,0.09552716051574708,0.06680027419729341,0.16760369568496694,0.09552716051574707,0.2192247111618808
1125,50,10,0.3,cosine,10,,0.1,eom,cosine,-0.010424327421368588,0.07339499506473844,0.052078137185888114,0.12425603576456398,0.07339499506473844,0.17925249184496284
1126,50,10,0.3,cosine,10,,0.1,leaf,euclidean,-0.0009321910495670017,0.11253130932645039,0.08428436805035303,0.1692552788097692,0.11253130932645039,0.17810248269229315
1127,50,10,0.3,cosine,10,,0.1,leaf,cosine,-0.0015028608741119419,0.07033770835408401,0.04891514787180269,0.12514571132781435,0.070337708354084,0.19993849689046764
1128,50,10,0.3,cosine,10,5.0,0.0,eom,euclidean,-0.0052160461402580155,0.04722784456437139,0.02873907865886768,0.1324139831127405,0.04722784456437139,0.2612229034460072
1129,50,10,0.3,cosine,10,5.0,0.0,eom,cosine,0.012901989461868364,0.181282326963659,0.15383183888833954,0.22065750631226763,0.18128232696365904,0.15594501208219758
1130,50,10,0.3,cosine,10,5.0,0.0,leaf,euclidean,0.0024016468435498627,0.1827347560952295,0.16151151666621905,0.21037942860092523,0.18273475609522952,0.14209033190057554
1131,50,10,0.3,cosine,10,5.0,0.0,leaf,cosine,-0.005127975398366742,0.15836432158573785,0.13012227066520657,0.20226423901258023,0.15836432158573785,0.1591707705120801
1132,50,10,0.3,cosine,10,5.0,0.1,eom,euclidean,-0.017301839495610868,0.10517801428353056,0.08740667553269105,0.13202004890783067,0.10517801428353056,0.12779426560640603
1133,50,10,0.3,cosine,10,5.0,0.1,eom,cosine,-0.002591338979022775,0.05288849389739065,0.037138080848739506,0.09183690249393366,0.05288849389739065,0.19392484559139597
1134,50,10,0.3,cosine,10,5.0,0.1,leaf,euclidean,0.0006998195132654706,0.15957121320866707,0.13401662756075675,0.19716755717348472,0.15957121320866705,0.15296942359080828
1135,50,10,0.3,cosine,10,5.0,0.1,leaf,cosine,-0.005378905715581294,0.046135072449462425,0.029127834628181026,0.11087034593066633,0.04613507244946242,0.24438471456555513
1136,50,10,0.3,cosine,20,,0.0,eom,euclidean,0.0,0.0,0.0,1.0,0.0,0.3156290382484226
1137,50,10,0.3,cosine,20,,0.0,eom,cosine,-0.001026936870392394,0.07087044579286592,0.046644744181052265,0.14745205125490915,0.07087044579286592,0.23317028611493532
1138,50,10,0.3,cosine,20,,0.0,leaf,euclidean,0.0,0.0,0.0,1.0,0.0,0.3156290382484226
1139,50,10,0.3,cosine,20,,0.0,leaf,cosine,0.0,0.0,0.0,1.0,0.0,0.3156290382484226
1140,50,10,0.3,cosine,20,,0.1,eom,euclidean,4.108389889722012e-05,0.07048828324688966,0.04703255470425002,0.14061451762392624,0.07048828324688966,0.22766883404137045
1141,50,10,0.3,cosine,20,,0.1,eom,cosine,0.0,0.0,0.0,1.0,0.0,0.3156290382484226
1142,50,10,0.3,cosine,20,,0.1,leaf,euclidean,0.0,0.0,0.0,1.0,0.0,0.3156290382484226
1143,50,10,0.3,cosine,20,,0.1,leaf,cosine,0.0,0.0,0.0,1.0,0.0,0.3156290382484226
1144,50,10,0.3,cosine,20,5.0,0.0,eom,euclidean,-0.006464946951284683,0.04297336095244246,0.029997905014607074,0.07573004296831026,0.04297336095244246,0.19418229762161565
1145,50,10,0.3,cosine,20,5.0,0.0,eom,cosine,-0.0032436424903817917,0.08849600563699257,0.0683729774409176,0.12540397434047384,0.08849600563699259,0.15726872822769178
1146,50,10,0.3,cosine,20,5.0,0.0,leaf,euclidean,-0.007239933951479741,0.07468258686939984,0.05768983883162795,0.10586570971002089,0.07468258686939984,0.15348853553864844
1147,50,10,0.3,cosine,20,5.0,0.0,leaf,cosine,-0.004534441240010456,0.09454693802208063,0.06984998939601575,0.14626041802843737,0.09454693802208061,0.1846386580720781
1148,50,10,0.3,cosine,20,5.0,0.1,eom,euclidean,-0.002700356865745116,0.05302275612373648,0.03667518080431781,0.09566395653565256,0.05302275612373647,0.20416475124466849
1149,50,10,0.3,cosine,20,5.0,0.1,eom,cosine,-0.009040881583094278,0.05858900232988649,0.04167366474140122,0.09861807001533622,0.05858900232988649,0.17946839119633115
1150,50,10,0.3,cosine,20,5.0,0.1,leaf,euclidean,-0.002932024529154568,0.06343280592918578,0.04541618782209106,0.10514311933100873,0.06343280592918578,0.18190000959155123
1151,50,10,0.3,cosine,20,5.0,0.1,leaf,cosine,-0.011642745051089575,0.07227507079317165,0.05052805413846824,0.12688627683970818,0.07227507079317165,0.18815399424807772
1152,50,15,0.0,euclidean,5,,0.0,eom,euclidean,0.004809556712347455,0.21605580302586966,0.19326829650289343,0.2449351449233283,0.21605580302586969,0.13642023149460208
1153,50,15,0.0,euclidean,5,,0.0,eom,cosine,0.01073742056304301,0.20056343758433834,0.17293671984799686,0.23869508301721953,0.20056343758433837,0.14957104021712303
1154,50,15,0.0,euclidean,5,,0.0,leaf,euclidean,-0.007853370695416053,0.21785829690516584,0.1909655242398425,0.2535669297872333,0.2178582969051659,0.1477914653216572
1155,50,15,0.0,euclidean,5,,0.0,leaf,cosine,0.014784308357438814,0.22477510365512632,0.2045733898496613,0.24940384496757226,0.22477510365512635,0.1346138992143401
1156,50,15,0.0,euclidean,5,,0.1,eom,euclidean,0.025077529217969734,0.20578226095416866,0.1804594756476851,0.23937186508046762,0.20578226095416866,0.15871357379490175
1157,50,15,0.0,euclidean,5,,0.1,eom,cosine,0.005622957429856249,0.08353080486266413,0.05450825967946902,0.1786537632034931,0.08353080486266413,0.24250360129853418
1158,50,15,0.0,euclidean,5,,0.1,leaf,euclidean,0.019920645985862056,0.22892089375021366,0.20400165194189476,0.2607751395250114,0.22892089375021366,0.15053341276870066
1159,50,15,0.0,euclidean,5,,0.1,leaf,cosine,0.01329145087566323,0.09110981781478675,0.05712285073837288,0.22495153415695063,0.09110981781478675,0.2720642210331667
1160,50,15,0.0,euclidean,5,5.0,0.0,eom,euclidean,0.02545443746678874,0.2178521255214285,0.1908482234101759,0.2537572910204272,0.21785212552142846,0.1551175524981487
1161,50,15,0.0,euclidean,5,5.0,0.0,eom,cosine,0.007872719125655814,0.22668757044805993,0.204253743875631,0.2546573865000414,0.22668757044805993,0.13488291277028683
1162,50,15,0.0,euclidean,5,5.0,0.0,leaf,euclidean,0.01985920170363871,0.25809016474036933,0.2389911802211064,0.28050687691706716,0.2580901647403694,0.1474661622643851
1163,50,15,0.0,euclidean,5,5.0,0.0,leaf,cosine,0.0152252752831723,0.2631174655310585,0.2394316482169811,0.29200401316273206,0.2631174655310585,0.15336236411794982
1164,50,15,0.0,euclidean,5,5.0,0.1,eom,euclidean,0.02125753539839946,0.24013840069643022,0.21792215576749505,0.267398556017521,0.24013840069643025,0.14922685394535526
1165,50,15,0.0,euclidean,5,5.0,0.1,eom,cosine,0.0027875058457998937,0.06892894112385843,0.04688009392962207,0.1301342324367057,0.06892894112385844,0.21202277702060782
1166,50,15,0.0,euclidean,5,5.0,0.1,leaf,euclidean,0.01056360429454582,0.2425445750098418,0.21546974826482915,0.2774014187790803,0.2425445750098418,0.1580335229769597
1167,50,15,0.0,euclidean,5,5.0,0.1,leaf,cosine,0.009814345320082607,0.08325351019908289,0.0511487273170206,0.2236044694365337,0.08325351019908288,0.2768777360168015
1168,50,15,0.0,euclidean,10,,0.0,eom,euclidean,0.02520398242612944,0.11733420144363625,0.08396872713433207,0.1946990162591394,0.11733420144363627,0.21074696030575082
1169,50,15,0.0,euclidean,10,,0.0,eom,cosine,0.011397593955572015,0.09055788204269473,0.06456949101716666,0.15155805180144302,0.09055788204269473,0.1993168782325263
1170,50,15,0.0,euclidean,10,,0.0,leaf,euclidean,0.013950887890096911,0.13078233722625793,0.09699760349502089,0.20068023074776684,0.13078233722625793,0.19600412493598207
1171,50,15,0.0,euclidean,10,,0.0,leaf,cosine,0.038017818598090565,0.14275687210953236,0.10614120112885397,0.2179398825555244,0.14275687210953236,0.21762176310405354
1172,50,15,0.0,euclidean,10,,0.1,eom,euclidean,0.023449805343398022,0.13564081955142512,0.10333207676481516,0.197344264106658,0.13564081955142515,0.19065467715927176
1173,50,15,0.0,euclidean,10,,0.1,eom,cosine,0.015349583649700993,0.09771555181486982,0.06955964002020483,0.16416537591958355,0.09771555181486982,0.20450366104661494
1174,50,15,0.0,euclidean,10,,0.1,leaf,euclidean,0.004156771221951324,0.19846535849761213,0.15841510609567397,0.26561863459963103,0.19846535849761215,0.1839883756175335
1175,50,15,0.0,euclidean,10,,0.1,leaf,cosine,0.007551973453669072,0.08969552052602814,0.05524369123705137,0.23831976441847072,0.08969552052602814,0.27262876828656335
1176,50,15,0.0,euclidean,10,5.0,0.0,eom,euclidean,0.0351715122700164,0.20811673565291128,0.17806216282898904,0.25037713315916943,0.2081167356529113,0.16937113604994544
1177,50,15,0.0,euclidean,10,5.0,0.0,eom,cosine,0.03121803592250885,0.23459952858893465,0.2069502902494141,0.2707761054199192,0.23459952858893465,0.15898269310499924
1178,50,15,0.0,euclidean,10,5.0,0.0,leaf,euclidean,0.01016595003217367,0.2016689260038037,0.17151372163374434,0.24468980508809074,0.20166892600380376,0.164814566039335
1179,50,15,0.0,euclidean,10,5.0,0.0,leaf,cosine,0.018177236271201297,0.23946870584937743,0.2151289485436942,0.27001870789539834,0.23946870584937746,0.14622603028419257
1180,50,15,0.0,euclidean,10,5.0,0.1,eom,euclidean,0.030158192079482674,0.22759181573097717,0.20055904457303525,0.26304718137096134,0.22759181573097717,0.15719226430538924
1181,50,15,0.0,euclidean,10,5.0,0.1,eom,cosine,0.01595152879988204,0.09239305156855358,0.05580645844800372,0.26827081799994107,0.09239305156855358,0.2911243868532619
1182,50,15,0.0,euclidean,10,5.0,0.1,leaf,euclidean,0.030819313701757618,0.22387320934087715,0.19691500924590138,0.25938351812736626,0.22387320934087715,0.16192470122148933
1183,50,15,0.0,euclidean,10,5.0,0.1,leaf,cosine,0.011988821854599601,0.08752872359342007,0.05398189959089976,0.23121846297581133,0.08752872359342007,0.2780200933016833
1184,50,15,0.0,euclidean,20,,0.0,eom,euclidean,0.026517515315314738,0.12122802284064911,0.08268011044237598,0.2271164084589502,0.12122802284064911,0.24462486154581115
1185,50,15,0.0,euclidean,20,,0.0,eom,cosine,0.02577979218119762,0.10430857285723365,0.0730951698411653,0.18204706789781924,0.10430857285723366,0.22589703409980402
1186,50,15,0.0,euclidean,20,,0.0,leaf,euclidean,0.029659582224076067,0.12145003691654364,0.08472748706478032,0.2143562106164628,0.12145003691654366,0.23294465655489485
1187,50,15,0.0,euclidean,20,,0.0,leaf,cosine,0.02719313001109512,0.1315002262142702,0.08728591347616578,0.2664892219176817,0.1315002262142702,0.26130887119046214
1188,50,15,0.0,euclidean,20,,0.1,eom,euclidean,0.019768075997031082,0.11930858091360116,0.07880397969874849,0.24548677708060676,0.11930858091360116,0.25557270610874927
1189,50,15,0.0,euclidean,20,,0.1,eom,cosine,0.02992388361704155,0.1303083054521188,0.09063393619755906,0.2317593211804529,0.1303083054521188,0.23524124167903035
1190,50,15,0.0,euclidean,20,,0.1,leaf,euclidean,0.03597797872151602,0.14376252617916996,0.09900120503784161,0.26240217177044883,0.14376252617916996,0.24828692881113573
1191,50,15,0.0,euclidean,20,,0.1,leaf,cosine,0.018593639203602238,0.1040025673485428,0.0707795645735514,0.1960045349982905,0.10400256734854281,0.23718547130593878
1192,50,15,0.0,euclidean,20,5.0,0.0,eom,euclidean,0.03167747767320241,0.14642362906378054,0.11252567684880127,0.20954972363491645,0.1464236290637805,0.1930723248799076
1193,50,15,0.0,euclidean,20,5.0,0.0,eom,cosine,0.014664649302289834,0.11088059454950783,0.08559357971897805,0.15737369598842665,0.11088059454950784,0.17479561233334803
1194,50,15,0.0,euclidean,20,5.0,0.0,leaf,euclidean,0.033682403829428595,0.1389093088704944,0.10660755146292529,0.19929510857603377,0.1389093088704944,0.19617615560984097
1195,50,15,0.0,euclidean,20,5.0,0.0,leaf,cosine,0.034416961580008516,0.14130148752526855,0.10881503681676889,0.20144126010033014,0.14130148752526855,0.19463326659568786
1196,50,15,0.0,euclidean,20,5.0,0.1,eom,euclidean,0.030013229230766336,0.1386059464895223,0.10577952077707907,0.2009739351500442,0.1386059464895223,0.19534941966254518
1197,50,15,0.0,euclidean,20,5.0,0.1,eom,cosine,0.005357330362287729,0.07573521674489052,0.05403238289718455,0.12657628548107408,0.07573521674489053,0.19272070332908584
1198,50,15,0.0,euclidean,20,5.0,0.1,leaf,euclidean,0.03160100331295507,0.15784551250981238,0.12061469919087364,0.2283233602142332,0.15784551250981238,0.1963272566591186
1199,50,15,0.0,euclidean,20,5.0,0.1,leaf,cosine,-0.009919826015688455,0.05659306656285982,0.03933178835443607,0.10085433012888874,0.05659306656285982,0.19282205623466642
1200,50,15,0.0,cosine,5,,0.0,eom,euclidean,0.0015828096160479565,0.18588059846699967,0.16677453501017914,0.20993073234015344,0.18588059846699967,0.12828325112381378
1201,50,15,0.0,cosine,5,,0.0,eom,cosine,-0.011055049088012768,0.203892877093144,0.18619336296635267,0.22531089848274688,0.20389287709314402,0.11739005645650936
1202,50,15,0.0,cosine,5,,0.0,leaf,euclidean,0.00717557978328703,0.21179412829784966,0.19647323726710736,0.22970653643397476,0.21179412829784966,0.12280485956032301
1203,50,15,0.0,cosine,5,,0.0,leaf,cosine,0.008418679561323862,0.2125421530516546,0.19267226888867825,0.23698156091972108,0.2125421530516546,0.13965128626666176
1204,50,15,0.0,cosine,5,,0.1,eom,euclidean,-0.00256088972625918,0.19712582269843745,0.18182523362512285,0.21523810401851257,0.19712582269843743,0.11764869898499491
1205,50,15,0.0,cosine,5,,0.1,eom,cosine,-0.0018957034498856685,0.05461620745996667,0.0384535577029175,0.09421722480647612,0.05461620745996667,0.19166174359964053
1206,50,15,0.0,cosine,5,,0.1,leaf,euclidean,0.0026900497381036805,0.200319301221989,0.17779469298307313,0.22937907658150794,0.200319301221989,0.1478727041563384
1207,50,15,0.0,cosine,5,,0.1,leaf,cosine,0.0024560958989176263,0.0740142368487566,0.045297771589291116,0.20219637273693186,0.0740142368487566,0.26920187648907823
1208,50,15,0.0,cosine,5,5.0,0.0,eom,euclidean,-6.412078646281956e-06,0.1852316032813182,0.16881901555867893,0.20517912111915088,0.1852316032813182,0.11853624240740226
1209,50,15,0.0,cosine,5,5.0,0.0,eom,cosine,-0.0034079777264073336,0.21168247265861212,0.19355822316431626,0.2335515888153863,0.21168247265861212,0.12221797172051335
1210,50,15,0.0,cosine,5,5.0,0.0,leaf,euclidean,-0.0009999826900466437,0.2024162932534333,0.18529748250699074,0.2230201318967517,0.2024162932534333,0.1252199098574108
1211,50,15,0.0,cosine,5,5.0,0.0,leaf,cosine,-0.0009998672848829074,0.19901856308511845,0.1781395885790494,0.22544160314116402,0.19901856308511845,0.1368583875905642
1212,50,15,0.0,cosine,5,5.0,0.1,eom,euclidean,0.0023274831729257093,0.18449037421793532,0.16434990169326888,0.2102565348249336,0.1844903742179353,0.1323372702485511
1213,50,15,0.0,cosine,5,5.0,0.1,eom,cosine,0.015284633790592413,0.09145943535959813,0.05640610137485612,0.24160194734145046,0.09145943535959812,0.28212876463126485
1214,50,15,0.0,cosine,5,5.0,0.1,leaf,euclidean,-0.01291100451313577,0.17936287600226164,0.16418388089112168,0.19763441256099162,0.1793628760022616,0.1133710642868278
1215,50,15,0.0,cosine,5,5.0,0.1,leaf,cosine,0.003514739190414682,0.0905324716862605,0.06259362566554183,0.16352017532313387,0.09053247168626051,0.21097777757262745
1216,50,15,0.0,cosine,10,,0.0,eom,euclidean,-0.006748789116176628,0.0942137028586728,0.06876036115738517,0.1495870257500439,0.09421370285867281,0.18760492250264907
1217,50,15,0.0,cosine,10,,0.0,eom,cosine,0.002741462308757539,0.10882409599173941,0.08046760350905116,0.1680412110972678,0.1088240959917394,0.19026518008263008
1218,50,15,0.0,cosine,10,,0.0,leaf,euclidean,0.0038631210647695024,0.09976341635377749,0.07516546487007995,0.1482921161252592,0.09976341635377749,0.18049322701704826
1219,50,15,0.0,cosine,10,,0.0,leaf,cosine,-0.011250357050989394,0.13132246827280256,0.10395944503907419,0.17823562251375513,0.13132246827280256,0.16412864656308399
1220,50,15,0.0,cosine,10,,0.1,eom,euclidean,-0.0007994735635486898,0.1245897038077687,0.09666927091737862,0.17518835483708212,0.12458970380776872,0.170792952587701
1221,50,15,0.0,cosine,10,,0.1,eom,cosine,0.011940328474806089,0.0885450472570857,0.059515256060093016,0.1728620896556197,0.0885450472570857,0.2270288763434612
1222,50,15,0.0,cosine,10,,0.1,leaf,euclidean,-0.009023763324930555,0.0947027861160436,0.07154358485025648,0.1400323061307667,0.0947027861160436,0.18124150265151498
1223,50,15,0.0,cosine,10,,0.1,leaf,cosine,-0.005069708491761723,0.07769754537840265,0.055383729888534364,0.1301237074388426,0.07769754537840265,0.18195776923270374
1224,50,15,0.0,cosine,10,5.0,0.0,eom,euclidean,-0.0009067046619096419,0.16265797873345164,0.1385264074854805,0.19697065168232214,0.1626579787334516,0.13971274489281155
1225,50,15,0.0,cosine,10,5.0,0.0,eom,cosine,0.0007952492501318212,0.1760324070869987,0.15614246872280718,0.20172935170773598,0.1760324070869987,0.1269812101562624
1226,50,15,0.0,cosine,10,5.0,0.0,leaf,euclidean,-0.009410290859635384,0.16512343183254335,0.14659948159937697,0.18900573160493092,0.16512343183254333,0.11859561905133684
1227,50,15,0.0,cosine,10,5.0,0.0,leaf,cosine,-0.0027151008883224276,0.16126429749356222,0.14053862708497994,0.18916036792900237,0.16126429749356222,0.13672992138711149
1228,50,15,0.0,cosine,10,5.0,0.1,eom,euclidean,0.001476643441672584,0.15822203925849596,0.13620047622629963,0.18873815220038687,0.15822203925849596,0.13908150099602717
1229,50,15,0.0,cosine,10,5.0,0.1,eom,cosine,0.010805951616376595,0.09120297020896458,0.056857632967123484,0.23034456676176052,0.09120297020896458,0.27191441032353303
1230,50,15,0.0,cosine,10,5.0,0.1,leaf,euclidean,0.011935102962494573,0.19477746723387115,0.17679520863335968,0.21683195828531046,0.19477746723387118,0.13468650801332022
1231,50,15,0.0,cosine,10,5.0,0.1,leaf,cosine,0.0034491827756197987,0.0695919428132945,0.04325034609613466,0.17800699180745028,0.06959194281329452,0.2632020296326999
1232,50,15,0.0,cosine,20,,0.0,eom,euclidean,-0.002527027630758199,0.06649828404435637,0.04391148748307946,0.136932280902348,0.06649828404435636,0.22999047675292364
1233,50,15,0.0,cosine,20,,0.0,eom,cosine,0.0,0.0,0.0,1.0,0.0,0.3156290382484226
1234,50,15,0.0,cosine,20,,0.0,leaf,euclidean,0.0,0.0,0.0,1.0,0.0,0.3156290382484226
1235,50,15,0.0,cosine,20,,0.0,leaf,cosine,0.0,0.0,0.0,1.0,0.0,0.3156290382484226
1236,50,15,0.0,cosine,20,,0.1,eom,euclidean,0.0005540675377010325,0.06935980686448562,0.04620457274637416,0.13903827322901974,0.06935980686448563,0.22861863823589104
1237,50,15,0.0,cosine,20,,0.1,eom,cosine,0.0,0.0,0.0,1.0,0.0,0.3156290382484226
1238,50,15,0.0,cosine,20,,0.1,leaf,euclidean,0.0,0.0,0.0,1.0,0.0,0.3156290382484226
1239,50,15,0.0,cosine,20,,0.1,leaf,cosine,0.0,0.0,0.0,1.0,0.0,0.3156290382484226
1240,50,15,0.0,cosine,20,5.0,0.0,eom,euclidean,-0.0001396507258321358,0.07952351268089143,0.05476339205697023,0.1451500817972147,0.07952351268089143,0.2092949861802876
1241,50,15,0.0,cosine,20,5.0,0.0,eom,cosine,0.01515256374473056,0.09268606121102435,0.06559106236906316,0.15792204876623564,0.09268606121102434,0.20841173071939417
1242,50,15,0.0,cosine,20,5.0,0.0,leaf,euclidean,-0.002523215328546162,0.13304458155198962,0.10666797291274507,0.1767512104145295,0.13304458155198962,0.15165266736966393
1243,50,15,0.0,cosine,20,5.0,0.0,leaf,cosine,-0.007128115806267473,0.10409290912593179,0.08471909685260125,0.1349547608016134,0.10409290912593179,0.13856874780825523
1244,50,15,0.0,cosine,20,5.0,0.1,eom,euclidean,-0.0043624629331471656,0.09662877172051748,0.07248148435927913,0.1449035515455225,0.09662877172051748,0.1738681951582559
1245,50,15,0.0,cosine,20,5.0,0.1,eom,cosine,-0.005191300622308799,0.07175843080183365,0.05078752713080343,0.12222823473385097,0.07175843080183365,0.18573450936026073
1246,50,15,0.0,cosine,20,5.0,0.1,leaf,euclidean,-0.0018542724865356342,0.11644342667662858,0.08796460172327984,0.1721907354512542,0.11644342667662858,0.1720182316526138
1247,50,15,0.0,cosine,20,5.0,0.1,leaf,cosine,0.005261724972774483,0.07758401727937297,0.05474243340197927,0.13313557357464323,0.07758401727937297,0.200010546101583
1248,50,15,0.1,euclidean,5,,0.0,eom,euclidean,0.005778952643761331,0.19007483155011104,0.16280404529818085,0.22831998362238462,0.19007483155011104,0.14931664189505398
1249,50,15,0.1,euclidean,5,,0.0,eom,cosine,0.010544523442336985,0.23027830836817523,0.2046034041381316,0.2633215268417355,0.23027830836817526,0.1454506010543807
1250,50,15,0.1,euclidean,5,,0.0,leaf,euclidean,0.011606614085037529,0.22472152790490954,0.19573367883850895,0.263788134498798,0.22472152790490957,0.15853092701613714
1251,50,15,0.1,euclidean,5,,0.0,leaf,cosine,-0.000413391018011019,0.22339014910689153,0.20023924470597343,0.25259412706033363,0.22339014910689153,0.13864792054884112
1252,50,15,0.1,euclidean,5,,0.1,eom,euclidean,0.01444985650537802,0.18253305968129135,0.154744223481951,0.22248710499609456,0.18253305968129133,0.15566664837860036
1253,50,15,0.1,euclidean,5,,0.1,eom,cosine,0.0101217324156878,0.09530104186414567,0.05988829762776038,0.23318848273342163,0.09530104186414567,0.26789819549406346
1254,50,15,0.1,euclidean,5,,0.1,leaf,euclidean,0.021751097207172783,0.22234265859882446,0.1969114259264969,0.2553170084435878,0.2223426585988245,0.1558589584770007
1255,50,15,0.1,euclidean,5,,0.1,leaf,cosine,0.008111405057826208,0.07901733659245813,0.048143905373892,0.22027207484810926,0.07901733659245813,0.2779315381321014
1256,50,15,0.1,euclidean,5,5.0,0.0,eom,euclidean,0.018219518592275247,0.18734685496314982,0.15931129978377345,0.22735708766706758,0.1873468549631498,0.15807987386005323
1257,50,15,0.1,euclidean,5,5.0,0.0,eom,cosine,0.008659547504930053,0.16703264838730497,0.13351713465673448,0.22301359118233913,0.16703264838730497,0.17311638349060995
1258,50,15,0.1,euclidean,5,5.0,0.0,leaf,euclidean,-0.0008662607490718942,0.2211735054080498,0.19805596358729968,0.25040086272201734,0.2211735054080498,0.14227759078761465
1259,50,15,0.1,euclidean,5,5.0,0.0,leaf,cosine,0.03225883857211661,0.253859707104855,0.22652848009976845,0.28869099706762213,0.253859707104855,0.17327456282936232
1260,50,15,0.1,euclidean,5,5.0,0.1,eom,euclidean,0.024675015899814186,0.22158366396985682,0.1936207770469964,0.2589867658378036,0.2215836639698568,0.15601000911289914
1261,50,15,0.1,euclidean,5,5.0,0.1,eom,cosine,-0.0024850265363462634,0.0635455396739402,0.04388555826631374,0.11511517352888197,0.06354553967394021,0.20120099364477195
1262,50,15,0.1,euclidean,5,5.0,0.1,leaf,euclidean,0.020690736071569082,0.23546664801210895,0.207369901230411,0.2723703707422409,0.23546664801210893,0.1604853790893726
1263,50,15,0.1,euclidean,5,5.0,0.1,leaf,cosine,0.008882485317118858,0.09010004060989354,0.0569505519465141,0.2155889836557327,0.09010004060989356,0.26350188829169496
1264,50,15,0.1,euclidean,10,,0.0,eom,euclidean,0.009429336017409855,0.10847387228921865,0.08075758683318492,0.1651559809635818,0.10847387228921865,0.18680960395101184
1265,50,15,0.1,euclidean,10,,0.0,eom,cosine,0.009426081891960241,0.08747751578339615,0.06255978225372427,0.145384603787762,0.08747751578339615,0.19480892689753967
1266,50,15,0.1,euclidean,10,,0.0,leaf,euclidean,-0.0026085864651390965,0.13337556839580522,0.09967976744017477,0.20148600255804702,0.13337556839580522,0.1911382363071909
1267,50,15,0.1,euclidean,10,,0.0,leaf,cosine,0.023238654804874543,0.13023357100217176,0.09680683615101987,0.19891889900459517,0.13023357100217173,0.20142254684955369
1268,50,15,0.1,euclidean,10,,0.1,eom,euclidean,0.02247701705435052,0.14062555924609962,0.1033652355640012,0.2198897728471503,0.14062555924609962,0.2127297668952014
1269,50,15,0.1,euclidean,10,,0.1,eom,cosine,0.0182964899984899,0.0988219465589886,0.07055013748161222,0.1649048621146211,0.0988219465589886,0.20541477441789405
1270,50,15,0.1,euclidean,10,,0.1,leaf,euclidean,0.026202008683617516,0.11436304448227719,0.08177810445462902,0.19011570217856458,0.11436304448227717,0.2118960988995607
1271,50,15,0.1,euclidean,10,,0.1,leaf,cosine,0.021321798940038172,0.09748630214000274,0.06981804027672817,0.16147896443193469,0.09748630214000274,0.20604522296558328
1272,50,15,0.1,euclidean,10,5.0,0.0,eom,euclidean,0.033942616261058954,0.20313388983873257,0.16833785266008722,0.2560630368447777,0.2031338898387326,0.17777306012500552
1273,50,15,0.1,euclidean,10,5.0,0.0,eom,cosine,0.024334864438796962,0.19415334476796578,0.16787803849372232,0.23017975836879973,0.19415334476796575,0.15393795125675308
1274,50,15,0.1,euclidean,10,5.0,0.0,leaf,euclidean,0.008848978579962745,0.1930180335457414,0.16211523219897725,0.23847712540362614,0.1930180335457414,0.16054301250398856
1275,50,15,0.1,euclidean,10,5.0,0.0,leaf,cosine,-0.003126857204603166,0.19551370381260474,0.16622415942136576,0.23733298599815705,0.19551370381260477,0.15156556755819955
1276,50,15,0.1,euclidean,10,5.0,0.1,eom,euclidean,0.030266517678841486,0.18114819244173858,0.14975731610234796,0.22918884078285984,0.18114819244173858,0.17364941583308835
1277,50,15,0.1,euclidean,10,5.0,0.1,eom,cosine,0.004167375892637193,0.06438774206809829,0.04479774852935498,0.11442613110980754,0.06438774206809829,0.20457671128987936
1278,50,15,0.1,euclidean,10,5.0,0.1,leaf,euclidean,0.026152854036197038,0.2084142789108324,0.17728139433448986,0.2528111578125066,0.20841427891083242,0.16929814416759115
1279,50,15,0.1,euclidean,10,5.0,0.1,leaf,cosine,0.008829696507236248,0.09045899213862188,0.05706261617510558,0.21810928571008684,0.09045899213862188,0.2637055512329723
1280,50,15,0.1,euclidean,20,,0.0,eom,euclidean,0.031228256570968636,0.13418359121805482,0.09051265651162288,0.25928409190265694,0.13418359121805484,0.2563906521831121
1281,50,15,0.1,euclidean,20,,0.0,eom,cosine,0.03413474915478802,0.1303288475376646,0.08888706798762135,0.2441664812949777,0.1303288475376646,0.2529833420086521
1282,50,15,0.1,euclidean,20,,0.0,leaf,euclidean,0.024359353613646377,0.12014793011834843,0.08074871963085029,0.234628940569015,0.12014793011834844,0.25113781426311954
1283,50,15,0.1,euclidean,20,,0.0,leaf,cosine,0.01906686652402441,0.12244063971335072,0.08247575896250293,0.23754824913130868,0.12244063971335073,0.24389553241251294
1284,50,15,0.1,euclidean,20,,0.1,eom,euclidean,0.037884570511020496,0.14260990907195648,0.09606173664086672,0.2766788403599343,0.14260990907195648,0.26493961596138027
1285,50,15,0.1,euclidean,20,,0.1,eom,cosine,0.012154456546152093,0.10708341837505518,0.07035008173259374,0.22409448668193507,0.10708341837505517,0.24960275173586935
1286,50,15,0.1,euclidean,20,,0.1,leaf,euclidean,0.0,0.0,0.0,1.0,0.0,0.3156290382484226
1287,50,15,0.1,euclidean,20,,0.1,leaf,cosine,0.022753175960929295,0.13612232195060084,0.08733330378925683,0.30842476132964924,0.1361223219506008,0.2738449945877397
1288,50,15,0.1,euclidean,20,5.0,0.0,eom,euclidean,0.00781155710169398,0.08075932823249946,0.05779491919921309,0.13400546898523583,0.08075932823249946,0.19285956215549055
1289,50,15,0.1,euclidean,20,5.0,0.0,eom,cosine,0.018235211778116843,0.0970349980668854,0.06965738664889355,0.15986850312958772,0.09703499806688541,0.20142454523641856
1290,50,15,0.1,euclidean,20,5.0,0.0,leaf,euclidean,0.03518346564144059,0.15846219237684395,0.12203204888091025,0.2258999483591053,0.15846219237684392,0.19554627327985682
1291,50,15,0.1,euclidean,20,5.0,0.0,leaf,cosine,-6.46819657178273e-05,0.06341461660245308,0.04437077949635263,0.11109734158814787,0.06341461660245308,0.19783504780625275
1292,50,15,0.1,euclidean,20,5.0,0.1,eom,euclidean,0.013268558999591784,0.11696381638257082,0.08974181968056077,0.16789148175541121,0.11696381638257082,0.176813007844787
1293,50,15,0.1,euclidean,20,5.0,0.1,eom,cosine,0.01006958497705695,0.08588201833530024,0.06152098286417691,0.1421838982294846,0.08588201833530024,0.19449802861289803
1294,50,15,0.1,euclidean,20,5.0,0.1,leaf,euclidean,0.027842525206394155,0.14472084280199235,0.11093425374795789,0.2081009031408709,0.14472084280199235,0.19096251206270987
1295,50,15,0.1,euclidean,20,5.0,0.1,leaf,cosine,-0.004448295522069232,0.05234576338236195,0.03688019520130302,0.09014968926041673,0.05234576338236195,0.1895673888074587
1296,50,15,0.1,cosine,5,,0.0,eom,euclidean,0.006269909789939289,0.19875775952939131,0.18140802853225424,0.21977707835226556,0.1987577595293913,0.13322287157473914
1297,50,15,0.1,cosine,5,,0.0,eom,cosine,0.019460792694937855,0.2438136665476062,0.22408702530078092,0.26734868167944253,0.24381366654760625,0.1463967785707971
1298,50,15,0.1,cosine,5,,0.0,leaf,euclidean,-0.00849476457883938,0.20472630111682974,0.18872572552846878,0.22369133693866136,0.2047263011168297,0.11972521530732558
1299,50,15,0.1,cosine,5,,0.0,leaf,cosine,0.0024671350361480044,0.20202657165221471,0.1844732745816976,0.22327167652956184,0.20202657165221477,0.12962375673037219
1300,50,15,0.1,cosine,5,,0.1,eom,euclidean,0.007003306463482828,0.1921119978930912,0.17080312918223484,0.21949558658724014,0.1921119978930912,0.13765637041974466
1301,50,15,0.1,cosine,5,,0.1,eom,cosine,-0.0035764501727524214,0.047438639116349816,0.029893791332284713,0.11483741692512443,0.047438639116349816,0.24582818921731636
1302,50,15,0.1,cosine,5,,0.1,leaf,euclidean,-0.0006662342762092594,0.18738943352894064,0.16517059491405706,0.21651517279583246,0.18738943352894064,0.1469240803868146
1303,50,15,0.1,cosine,5,,0.1,leaf,cosine,-0.003088145386999466,0.06535315514279398,0.042666300063754596,0.1395623016339411,0.06535315514279398,0.23477604133196942
1304,50,15,0.1,cosine,5,5.0,0.0,eom,euclidean,0.0014644041812743606,0.20479544674096317,0.18973109253532347,0.2224582895862045,0.20479544674096317,0.11945031513920386
1305,50,15,0.1,cosine,5,5.0,0.0,eom,cosine,-0.002703204560583993,0.16201547264107358,0.14196677476437253,0.18865794720474732,0.16201547264107358,0.12959921991987194
1306,50,15,0.1,cosine,5,5.0,0.0,leaf,euclidean,-0.00344065250861642,0.19811752750881334,0.17162423532935972,0.23428338868385198,0.19811752750881334,0.1472550614317172
1307,50,15,0.1,cosine,5,5.0,0.0,leaf,cosine,0.009408147088931286,0.21579592208540962,0.19546397710313157,0.24084873944901322,0.21579592208540962,0.14405637773057908
1308,50,15,0.1,cosine,5,5.0,0.1,eom,euclidean,-0.0026959037013364797,0.18954588086813112,0.17160176691448928,0.2116810158269335,0.18954588086813115,0.12983144923567475
1309,50,15,0.1,cosine,5,5.0,0.1,eom,cosine,-0.005136703167693904,0.057473508733200646,0.03656702784156034,0.1341993610261385,0.05747350873320065,0.23991727877764163
1310,50,15,0.1,cosine,5,5.0,0.1,leaf,euclidean,-0.0022441518196799227,0.19834094582394576,0.1809931961983637,0.21936670083708415,0.19834094582394574,0.12490003415964251
1311,50,15,0.1,cosine,5,5.0,0.1,leaf,cosine,0.009747759151371556,0.07345774725688634,0.04760052652351297,0.16081397559356486,0.07345774725688632,0.24693338055026565
1312,50,15,0.1,cosine,10,,0.0,eom,euclidean,-0.0027167474652488345,0.10476529340867174,0.07798932264089364,0.15953992407019027,0.10476529340867174,0.18069853073960698
1313,50,15,0.1,cosine,10,,0.0,eom,cosine,0.0017897144193065207,0.11274788003026637,0.08246094257744283,0.17819786766795684,0.11274788003026637,0.19527583970033768
1314,50,15,0.1,cosine,10,,0.0,leaf,euclidean,-0.012792808747993828,0.0757860658014807,0.05168026689599189,0.14203879142715128,0.0757860658014807,0.21300612232802166
1315,50,15,0.1,cosine,10,,0.0,leaf,cosine,-0.01347084909306965,0.08085205036132286,0.06014550586078176,0.12330161092339406,0.08085205036132286,0.17137079157963273
1316,50,15,0.1,cosine,10,,0.1,eom,euclidean,-0.005242463958060288,0.08427248301142261,0.06274367737775327,0.12829265898782963,0.08427248301142262,0.1769560759053815
1317,50,15,0.1,cosine,10,,0.1,eom,cosine,-0.006917991155479662,0.06856232816936171,0.048998214845585066,0.11413399805891175,0.06856232816936171,0.17875231245127818
1318,50,15,0.1,cosine,10,,0.1,leaf,euclidean,-0.012407542505860474,0.08001885188064818,0.05815419057619182,0.128230695061114,0.08001885188064818,0.1843849982347657
1319,50,15,0.1,cosine,10,,0.1,leaf,cosine,-0.005648177128448307,0.07445410669424052,0.0520095304797605,0.13097680100269576,0.07445410669424052,0.1938545322880709
1320,50,15,0.1,cosine,10,5.0,0.0,eom,euclidean,0.0032604595579012333,0.12377112550434151,0.09875671737510192,0.16575599795603593,0.12377112550434151,0.1574936989198165
1321,50,15,0.1,cosine,10,5.0,0.0,eom,cosine,0.00265848335165827,0.13344125978189547,0.10737654934788317,0.1762161845975682,0.13344125978189547,0.1529025818183167
1322,50,15,0.1,cosine,10,5.0,0.0,leaf,euclidean,0.0008672904520585105,0.176080312054324,0.14793092015153775,0.21746026255962014,0.17608031205432403,0.15245646549515404
1323,50,15,0.1,cosine,10,5.0,0.0,leaf,cosine,0.00485123010351843,0.15828321340137874,0.12951035663910274,0.20349239799141913,0.15828321340137874,0.172678011777998
1324,50,15,0.1,cosine,10,5.0,0.1,eom,euclidean,-0.0011664386275360235,0.13978045580118728,0.11591652844278655,0.17601746164424636,0.13978045580118728,0.14297785491993273
1325,50,15,0.1,cosine,10,5.0,0.1,eom,cosine,-0.0020123116125384853,0.061478322262205926,0.04232315766910639,0.11230824861692933,0.061478322262205926,0.20785460524311525
1326,50,15,0.1,cosine,10,5.0,0.1,leaf,euclidean,-0.006579991226678365,0.1651181585837641,0.13949077727613,0.2022815153837959,0.16511815858376408,0.14194100041270766
1327,50,15,0.1,cosine,10,5.0,0.1,leaf,cosine,-0.0045215113479372335,0.05020879786692804,0.031862682793938474,0.11835748785687977,0.05020879786692805,0.24284472253204328
1328,50,15,0.1,cosine,20,,0.0,eom,euclidean,-0.0007310983032908226,0.06793806328644464,0.04451337614963976,0.14340163886465387,0.06793806328644464,0.23601968154123987
1329,50,15,0.1,cosine,20,,0.0,eom,cosine,0.0,0.0,0.0,1.0,0.0,0.3156290382484226
1330,50,15,0.1,cosine,20,,0.0,leaf,euclidean,-0.0042341128043749555,0.06388408949519163,0.040727133488833486,0.14808136362187174,0.06388408949519161,0.24446927900713888
1331,50,15,0.1,cosine,20,,0.0,leaf,cosine,0.0,0.0,0.0,1.0,0.0,0.3156290382484226
1332,50,15,0.1,cosine,20,,0.1,eom,euclidean,0.0,0.0,0.0,1.0,0.0,0.3156290382484226
1333,50,15,0.1,cosine,20,,0.1,eom,cosine,-0.004472440241504148,0.07171920016043214,0.04684172608944346,0.15295085516439424,0.07171920016043214,0.23308632755143305
1334,50,15,0.1,cosine,20,,0.1,leaf,euclidean,0.0,0.0,0.0,1.0,0.0,0.3156290382484226
1335,50,15,0.1,cosine,20,,0.1,leaf,cosine,0.0,0.0,0.0,1.0,0.0,0.3156290382484226
1336,50,15,0.1,cosine,20,5.0,0.0,eom,euclidean,0.005669058156317186,0.06176103131306548,0.043439281780370695,0.10681203932774051,0.06176103131306549,0.20068293309258162
1337,50,15,0.1,cosine,20,5.0,0.0,eom,cosine,-0.008978199706733924,0.0479398373791098,0.033230196404580546,0.0860152503378274,0.0479398373791098,0.19628689143272157
1338,50,15,0.1,cosine,20,5.0,0.0,leaf,euclidean,-0.009366562268472588,0.07488315167403242,0.05797588554155555,0.10571129716342326,0.07488315167403242,0.15000585105517067
1339,50,15,0.1,cosine,20,5.0,0.0,leaf,cosine,-0.003989902631803092,0.09751717647056476,0.07556862354298825,0.13743433593243268,0.09751717647056476,0.15463907040498684
1340,50,15,0.1,cosine,20,5.0,0.1,eom,euclidean,-0.0044150681554066176,0.0787123304403484,0.060872180006963615,0.11134476330334062,0.07871233044034838,0.15539034470552998
1341,50,15,0.1,cosine,20,5.0,0.1,eom,cosine,0.0020360079530704666,0.06976246635637377,0.049605481327347545,0.1175136647771071,0.06976246635637377,0.19117525155842394
1342,50,15,0.1,cosine,20,5.0,0.1,leaf,euclidean,-0.007395606293107099,0.07779186044106907,0.060250323368819705,0.10974286917193167,0.07779186044106909,0.15169700216639154
1343,50,15,0.1,cosine,20,5.0,0.1,leaf,cosine,-0.003361307794681482,0.05799465903695158,0.039023342385841146,0.11286368101100336,0.05799465903695158,0.2190797040870226
1344,50,15,0.3,euclidean,5,,0.0,eom,euclidean,-0.0036735925028900784,0.19154815116100238,0.16439529796436406,0.22944516499928466,0.19154815116100243,0.14654262607374285
1345,50,15,0.3,euclidean,5,,0.0,eom,cosine,0.01824998753717159,0.16323998040834592,0.1342521155725267,0.2081933093377921,0.1632399804083459,0.16467341729105028
1346,50,15,0.3,euclidean,5,,0.0,leaf,euclidean,0.0008758134034047246,0.21310839489054811,0.17969839955871122,0.26177903639557365,0.2131083948905481,0.16626246109962092
1347,50,15,0.3,euclidean,5,,0.0,leaf,cosine,0.009476261247220456,0.22233030068656467,0.18985464488098827,0.26820886657814874,0.22233030068656465,0.1674857487865858
1348,50,15,0.3,euclidean,5,,0.1,eom,euclidean,0.0033710183381622794,0.21108979565996094,0.18185376562504482,0.2515269544352225,0.21108979565996094,0.15002712956210032
1349,50,15,0.3,euclidean,5,,0.1,eom,cosine,-0.008265710496668173,0.055201039230644684,0.03520124884726854,0.12782625582941648,0.055201039230644684,0.2349913100380614
1350,50,15,0.3,euclidean,5,,0.1,leaf,euclidean,-0.01652613803754686,0.18258074406396432,0.15425704041490815,0.22364503267649452,0.18258074406396435,0.1481934759940056
1351,50,15,0.3,euclidean,5,,0.1,leaf,cosine,-0.007695631719890708,0.06351694918289223,0.0405037034707415,0.14709001391380996,0.06351694918289223,0.2365603900877238
1352,50,15,0.3,euclidean,5,5.0,0.0,eom,euclidean,0.010746612995535285,0.19522772728228624,0.1640036041147926,0.2411370391645298,0.1952277272822862,0.16376168168705224
1353,50,15,0.3,euclidean,5,5.0,0.0,eom,cosine,-0.002005676394118625,0.08346190152323979,0.061924581931352606,0.12796963843652182,0.08346190152323978,0.17571317234631284
1354,50,15,0.3,euclidean,5,5.0,0.0,leaf,euclidean,0.004385798972100146,0.23119592124275984,0.19848919011616267,0.2768078809141314,0.23119592124275984,0.163725483540848
1355,50,15,0.3,euclidean,5,5.0,0.0,leaf,cosine,-0.0036793270826609584,0.2328396946649638,0.19665976162455162,0.2853330493529122,0.23283969466496376,0.16549855583780418
1356,50,15,0.3,euclidean,5,5.0,0.1,eom,euclidean,0.028191983198491043,0.19354124379676285,0.15985734938553106,0.24520997888526902,0.19354124379676288,0.172048193493997
1357,50,15,0.3,euclidean,5,5.0,0.1,eom,cosine,-0.0022685759996724183,0.07020387588218334,0.0492446135670076,0.12222449380049272,0.07020387588218333,0.1954673450646346
1358,50,15,0.3,euclidean,5,5.0,0.1,leaf,euclidean,-0.0077998662055660615,0.20566190610423932,0.17655901789334058,0.24625265994731085,0.20566190610423932,0.15015817471031442
1359,50,15,0.3,euclidean,5,5.0,0.1,leaf,cosine,-0.004417637707943268,0.06775340908394877,0.047999536656370856,0.11513739654257961,0.06775340908394878,0.18676222375977505
1360,50,15,0.3,euclidean,10,,0.0,eom,euclidean,0.02522190139145347,0.11322889707221456,0.08060242276951217,0.1902312246698788,0.11322889707221456,0.21417674256371105
1361,50,15,0.3,euclidean,10,,0.0,eom,cosine,0.016654274376157636,0.09700289958681681,0.06932333019466386,0.16147830811407568,0.09700289958681681,0.2026721517304727
1362,50,15,0.3,euclidean,10,,0.0,leaf,euclidean,0.013941608654774007,0.12981219107741193,0.09308841603073931,0.21438992669698534,0.12981219107741193,0.21688080210145233
1363,50,15,0.3,euclidean,10,,0.0,leaf,cosine,0.012132583951915785,0.09091691683553989,0.06426634679596799,0.15533105018174254,0.09091691683553989,0.20605939034850454
1364,50,15,0.3,euclidean,10,,0.1,eom,euclidean,0.017874030844507695,0.1300574530230666,0.09548765636909604,0.20386273320470769,0.1300574530230666,0.2075325388554139
1365,50,15,0.3,euclidean,10,,0.1,eom,cosine,0.014952868942375713,0.1089257947305001,0.07609657146931005,0.1915735506528065,0.1089257947305001,0.2168385368864657
1366,50,15,0.3,euclidean,10,,0.1,leaf,euclidean,0.006221957563484823,0.08570035654732705,0.0613581485330821,0.1420581277326458,0.08570035654732704,0.19092099355950365
1367,50,15,0.3,euclidean,10,,0.1,leaf,cosine,0.014223824472399569,0.09577960106454368,0.06850684619178353,0.1591294530458562,0.09577960106454368,0.19967104653724535
1368,50,15,0.3,euclidean,10,5.0,0.0,eom,euclidean,0.0222946115477233,0.14235681879253803,0.11235440775389699,0.194220136768116,0.14235681879253803,0.18019105633876878
1369,50,15,0.3,euclidean,10,5.0,0.0,eom,cosine,-0.009437765973760875,0.05387357660680225,0.032749756634215844,0.15175951617822372,0.053873576606802254,0.2559803222579712
1370,50,15,0.3,euclidean,10,5.0,0.0,leaf,euclidean,0.017346405491818925,0.19012336168038174,0.16319470501191025,0.22769520583075295,0.19012336168038174,0.15186066228305456
1371,50,15,0.3,euclidean,10,5.0,0.0,leaf,cosine,0.01081505962317047,0.19486343676361909,0.16439337776002083,0.2391985120213524,0.19486343676361906,0.15575945907883046
1372,50,15,0.3,euclidean,10,5.0,0.1,eom,euclidean,0.02411684413358505,0.1720917486479535,0.14204464413702075,0.21826114463966473,0.17209174864795349,0.16869354343419365
1373,50,15,0.3,euclidean,10,5.0,0.1,eom,cosine,0.0010458696605575046,0.06276004152685916,0.04489360736022996,0.10424784871270408,0.06276004152685916,0.1865104354681232
1374,50,15,0.3,euclidean,10,5.0,0.1,leaf,euclidean,0.018099661528652864,0.20118138368132443,0.17136741715169318,0.2435541765246032,0.20118138368132443,0.15720644208822762
1375,50,15,0.3,euclidean,10,5.0,0.1,leaf,cosine,-0.0007967924274578844,0.06853146073829168,0.04864733045635507,0.11590756928909085,0.06853146073829168,0.18987948600628698
1376,50,15,0.3,euclidean,20,,0.0,eom,euclidean,0.0,0.0,0.0,1.0,0.0,0.3156290382484226
1377,50,15,0.3,euclidean,20,,0.0,eom,cosine,0.0,0.0,0.0,1.0,0.0,0.3156290382484226
1378,50,15,0.3,euclidean,20,,0.0,leaf,euclidean,0.0,0.0,0.0,1.0,0.0,0.3156290382484226
1379,50,15,0.3,euclidean,20,,0.0,leaf,cosine,0.0,0.0,0.0,1.0,0.0,0.3156290382484226
1380,50,15,0.3,euclidean,20,,0.1,eom,euclidean,0.0,0.0,0.0,1.0,0.0,0.3156290382484226
1381,50,15,0.3,euclidean,20,,0.1,eom,cosine,0.0,0.0,0.0,1.0,0.0,0.3156290382484226
1382,50,15,0.3,euclidean,20,,0.1,leaf,euclidean,0.0,0.0,0.0,1.0,0.0,0.3156290382484226
1383,50,15,0.3,euclidean,20,,0.1,leaf,cosine,0.0,0.0,0.0,1.0,0.0,0.3156290382484226
1384,50,15,0.3,euclidean,20,5.0,0.0,eom,euclidean,0.015016703288924302,0.09255209617403408,0.06647002730937167,0.15232115207431413,0.09255209617403408,0.19784145028891653
1385,50,15,0.3,euclidean,20,5.0,0.0,eom,cosine,0.005380766076362256,0.0745670352647131,0.05303062759053486,0.12555753684820067,0.07456703526471312,0.1947906117805085
1386,50,15,0.3,euclidean,20,5.0,0.0,leaf,euclidean,-0.009088341599789293,0.052565816630830736,0.036573567935033746,0.09341089573806693,0.05256581663083074,0.1929585761941696
1387,50,15,0.3,euclidean,20,5.0,0.0,leaf,cosine,0.009547183764222773,0.08770018298231373,0.0630028794054501,0.14424438042639165,0.08770018298231373,0.19213259351825837
1388,50,15,0.3,euclidean,20,5.0,0.1,eom,euclidean,0.005214739851454789,0.08545014210437861,0.061431956746256546,0.14030580823462413,0.08545014210437862,0.18732333537117626
1389,50,15,0.3,euclidean,20,5.0,0.1,eom,cosine,0.004170635780693399,0.07367782651510728,0.052693167305642316,0.12243773902893511,0.07367782651510729,0.18987420593166654
1390,50,15,0.3,euclidean,20,5.0,0.1,leaf,euclidean,0.017301290126889024,0.09045751550110531,0.06496571957041505,0.1488739158214132,0.09045751550110531,0.20014193226902022
1391,50,15,0.3,euclidean,20,5.0,0.1,leaf,cosine,0.0007388902438375794,0.06925340335674586,0.04891433891745414,0.1185459984143908,0.06925340335674586,0.1936452788925079
1392,50,15,0.3,cosine,5,,0.0,eom,euclidean,0.008700135241741342,0.19488521679990048,0.17345802975222666,0.22235228807906843,0.19488521679990048,0.14944670222079143
1393,50,15,0.3,cosine,5,,0.0,eom,cosine,-0.004663640582728682,0.17204361249987313,0.1510629353773325,0.19979214280125546,0.17204361249987313,0.13735367635193615
1394,50,15,0.3,cosine,5,,0.0,leaf,euclidean,-0.004601346579234565,0.2027360343776519,0.17095771448495167,0.24902600835767363,0.20273603437765192,0.16594278520970532
1395,50,15,0.3,cosine,5,,0.0,leaf,cosine,0.004921562958378699,0.20644074339454763,0.1841958673399461,0.23479653617472485,0.20644074339454765,0.14453348920286752
1396,50,15,0.3,cosine,5,,0.1,eom,euclidean,0.014414843242029952,0.21493321126863932,0.18732130160112712,0.2520926816181653,0.21493321126863932,0.16781504328470825
1397,50,15,0.3,cosine,5,,0.1,eom,cosine,-0.010164847385864354,0.04603131223210153,0.029132604140207095,0.10961446721602994,0.04603131223210153,0.23460861389176108
1398,50,15,0.3,cosine,5,,0.1,leaf,euclidean,0.0001125498046815147,0.17153432739940971,0.14985402656379218,0.20054897763702106,0.1715343273994097,0.1464680375109956
1399,50,15,0.3,cosine,5,,0.1,leaf,cosine,-0.004651791472364739,0.060356652383913106,0.04272276518134103,0.10277873283579468,0.060356652383913106,0.18743006539138038
1400,50,15,0.3,cosine,5,5.0,0.0,eom,euclidean,0.011670908409795972,0.1851317530813543,0.16144068085283064,0.2169719142102741,0.18513175308135427,0.15836337829411468
1401,50,15,0.3,cosine,5,5.0,0.0,eom,cosine,0.006345702126985342,0.21048627970259204,0.1891557241132464,0.23723905659225913,0.21048627970259207,0.13279498817866084
1402,50,15,0.3,cosine,5,5.0,0.0,leaf,euclidean,0.014088788450443637,0.22546746649428667,0.1990901179089475,0.2599017123329939,0.22546746649428664,0.16632819624135323
1403,50,15,0.3,cosine,5,5.0,0.0,leaf,cosine,0.005867461660392659,0.23666396699705303,0.20639316823752343,0.2773402725670555,0.23666396699705308,0.1646250071903987
1404,50,15,0.3,cosine,5,5.0,0.1,eom,euclidean,-0.004972597907149711,0.16799192705943,0.14563607805592513,0.19845587236530296,0.16799192705943,0.14081096568897528
1405,50,15,0.3,cosine,5,5.0,0.1,eom,cosine,-0.004548958728619073,0.05447406439327202,0.03508630187653305,0.12174976435317958,0.05447406439327202,0.2298581099440613
1406,50,15,0.3,cosine,5,5.0,0.1,leaf,euclidean,0.007945932828358863,0.20674585731375145,0.1828023283759643,0.2379070232980499,0.20674585731375142,0.152786091803287
1407,50,15,0.3,cosine,5,5.0,0.1,leaf,cosine,-0.007448244038347885,0.044322973100152915,0.031044481036377712,0.07745044196557392,0.04432297310015292,0.19063622474543301
1408,50,15,0.3,cosine,10,,0.0,eom,euclidean,-0.009295445637461885,0.09380022826877386,0.06980565794708883,0.1429301723510688,0.09380022826877386,0.17260720432402835
1409,50,15,0.3,cosine,10,,0.0,eom,cosine,-0.011379479917670906,0.12024460694025962,0.0905785865933179,0.17880689015898657,0.12024460694025961,0.1779671143286752
1410,50,15,0.3,cosine,10,,0.0,leaf,euclidean,0.003096367938190598,0.1317877938514888,0.10030779792175722,0.19206400628253295,0.13178779385148884,0.18819888888269048
1411,50,15,0.3,cosine,10,,0.0,leaf,cosine,-0.009109024571688412,0.10332082444619323,0.07308529659634917,0.17622576084136385,0.10332082444619323,0.20073503371448148
1412,50,15,0.3,cosine,10,,0.1,eom,euclidean,0.009877982220722803,0.1149070076524492,0.0847793696366451,0.17825132684163408,0.1149070076524492,0.19978393566567682
1413,50,15,0.3,cosine,10,,0.1,eom,cosine,-0.009622160758186638,0.07474021258495947,0.05124997549549918,0.1379852362972662,0.07474021258495947,0.20132207607540825
1414,50,15,0.3,cosine,10,,0.1,leaf,euclidean,-0.011557699620741354,0.07309512311483057,0.053064162593895486,0.11741917992749316,0.07309512311483057,0.18621044766367514
1415,50,15,0.3,cosine,10,,0.1,leaf,cosine,-0.0025173952674291595,0.08262607964376288,0.05797321659972281,0.14375896714207795,0.0826260796437629,0.1945752432805363
1416,50,15,0.3,cosine,10,5.0,0.0,eom,euclidean,0.00293666700556526,0.13640522385747053,0.11066251345858479,0.1777552982587204,0.13640522385747053,0.15925901721627925
1417,50,15,0.3,cosine,10,5.0,0.0,eom,cosine,-0.0002170519871428617,0.11481698472235309,0.09081335404698933,0.15606883187046963,0.11481698472235309,0.1609591404759806
1418,50,15,0.3,cosine,10,5.0,0.0,leaf,euclidean,0.0015907508657300915,0.1668913394903441,0.1368716428342207,0.21377890275179076,0.16689133949034407,0.16678965163340348
1419,50,15,0.3,cosine,10,5.0,0.0,leaf,cosine,0.012445608338497007,0.1390047896182433,0.10695400987425688,0.1984843592932101,0.13900478961824334,0.18883217753561346
1420,50,15,0.3,cosine,10,5.0,0.1,eom,euclidean,-0.0010746412167326664,0.08880790808591087,0.06539569825574493,0.1383318865988222,0.08880790808591087,0.1875180734850266
1421,50,15,0.3,cosine,10,5.0,0.1,eom,cosine,-0.005400891157001974,0.06552372961331251,0.04675395103879213,0.10947235442216932,0.06552372961331251,0.18130505911062947
1422,50,15,0.3,cosine,10,5.0,0.1,leaf,euclidean,0.010262453317149587,0.18501171303113553,0.15530707819823658,0.22876647789198867,0.18501171303113553,0.16044223028674584
1423,50,15,0.3,cosine,10,5.0,0.1,leaf,cosine,-0.0033678983225446306,0.06631226320035918,0.047423394565047024,0.11020868648722992,0.0663122632003592,0.1818432745249913
1424,50,15,0.3,cosine,20,,0.0,eom,euclidean,0.0,0.0,0.0,1.0,0.0,0.3156290382484226
1425,50,15,0.3,cosine,20,,0.0,eom,cosine,0.009122651383813988,0.07789068481603838,0.052245676443297376,0.15298305689359631,0.07789068481603838,0.23453558034031602
1426,50,15,0.3,cosine,20,,0.0,leaf,euclidean,0.0,0.0,0.0,1.0,0.0,0.3156290382484226
1427,50,15,0.3,cosine,20,,0.0,leaf,cosine,0.0,0.0,0.0,1.0,0.0,0.3156290382484226
1428,50,15,0.3,cosine,20,,0.1,eom,euclidean,0.0,0.0,0.0,1.0,0.0,0.3156290382484226
1429,50,15,0.3,cosine,20,,0.1,eom,cosine,0.0,0.0,0.0,1.0,0.0,0.3156290382484226
1430,50,15,0.3,cosine,20,,0.1,leaf,euclidean,0.0,0.0,0.0,1.0,0.0,0.3156290382484226
1431,50,15,0.3,cosine,20,,0.1,leaf,cosine,0.0057152330641411534,0.0956216433189111,0.06255071710612034,0.20289161419448623,0.09562164331891111,0.24382030828851958
1432,50,15,0.3,cosine,20,5.0,0.0,eom,euclidean,-0.006112083755315376,0.06754621527553907,0.048207526572395694,0.11279414788041987,0.06754621527553908,0.18029761192977628
1433,50,15,0.3,cosine,20,5.0,0.0,eom,cosine,-0.00018950161076369148,0.059231165707464346,0.04208443416338241,0.0999574873311285,0.05923116570746435,0.18987542728611134
1434,50,15,0.3,cosine,20,5.0,0.0,leaf,euclidean,-0.007725774097798745,0.07881704974435877,0.0607689563481878,0.11211453899673085,0.07881704974435877,0.1543943775501908
1435,50,15,0.3,cosine,20,5.0,0.0,leaf,cosine,-0.0051392413195002085,0.06633048428084763,0.04691314538196946,0.11317259067259754,0.06633048428084762,0.18749412924355577
1436,50,15,0.3,cosine,20,5.0,0.1,eom,euclidean,-0.001741156914766678,0.09140556849459755,0.06823658509397884,0.13839662236928071,0.09140556849459755,0.177195495370676
1437,50,15,0.3,cosine,20,5.0,0.1,eom,cosine,0.0017120038638676624,0.08292399698453293,0.05687642743542622,0.1529872016192733,0.08292399698453291,0.2125817139175274
1438,50,15,0.3,cosine,20,5.0,0.1,leaf,euclidean,-0.0032230381340357882,0.06555696735283567,0.047145409501014014,0.10756337539526892,0.06555696735283567,0.17862851060778182
1439,50,15,0.3,cosine,20,5.0,0.1,leaf,cosine,-0.0016486822073002434,0.06246230337150988,0.044721334018990595,0.10353446171704977,0.06246230337150989,0.18319929537434798
1440,50,30,0.0,euclidean,5,,0.0,eom,euclidean,0.004494426184990272,0.20090509650001898,0.17428063084457704,0.23713108702954674,0.20090509650001898,0.14284505691143182
1441,50,30,0.0,euclidean,5,,0.0,eom,cosine,0.009128794586684811,0.21801329752806387,0.19155765317761242,0.25294735014222425,0.21801329752806387,0.14964821857871533
1442,50,30,0.0,euclidean,5,,0.0,leaf,euclidean,0.015396775222753518,0.22687001790095693,0.20021158040920628,0.26171813467543403,0.22687001790095693,0.15365130344929606
1443,50,30,0.0,euclidean,5,,0.0,leaf,cosine,0.005617674270976267,0.22150783770861118,0.19454091581225086,0.2571540881758404,0.22150783770861118,0.15528926107484908
1444,50,30,0.0,euclidean,5,,0.1,eom,euclidean,0.0005855401325720286,0.1685769996367547,0.13887914974199048,0.21443077164649735,0.16857699963675468,0.1566104238811492
1445,50,30,0.0,euclidean,5,,0.1,eom,cosine,-0.004750424000075747,0.06384961544866896,0.04532538954406301,0.10798071051620099,0.06384961544866896,0.18580118125857584
1446,50,30,0.0,euclidean,5,,0.1,leaf,euclidean,0.007178067236361325,0.2534421333463081,0.22367460743592188,0.29234914598254486,0.25344213334630816,0.15799529688622177
1447,50,30,0.0,euclidean,5,,0.1,leaf,cosine,-0.0014884443452148214,0.07485354902807875,0.04728179115704575,0.17956387090532772,0.07485354902807875,0.24804534895484318
1448,50,30,0.0,euclidean,5,5.0,0.0,eom,euclidean,0.012857865596455843,0.1933465402096966,0.1628671029760572,0.23786045850876827,0.19334654020969663,0.16285236080198512
1449,50,30,0.0,euclidean,5,5.0,0.0,eom,cosine,0.0034009610832708794,0.22194334523020068,0.19633004883844205,0.25524236598878103,0.22194334523020065,0.13996709734287563
1450,50,30,0.0,euclidean,5,5.0,0.0,leaf,euclidean,-0.012460578201422974,0.21831306441208118,0.18794145341433602,0.2603929406521,0.21831306441208118,0.15309878439126126
1451,50,30,0.0,euclidean,5,5.0,0.0,leaf,cosine,0.0047985918824960515,0.22925390746430818,0.20611700727120824,0.2582418934294474,0.2292539074643082,0.1381979578388203
1452,50,30,0.0,euclidean,5,5.0,0.1,eom,euclidean,0.006528273543956953,0.2301652451406595,0.2055784323744321,0.2614320507519713,0.2301652451406595,0.1446439714452742
1453,50,30,0.0,euclidean,5,5.0,0.1,eom,cosine,0.0016409449247394424,0.07890188460522021,0.054738825408209214,0.14125554388239694,0.07890188460522021,0.205751486261423
1454,50,30,0.0,euclidean,5,5.0,0.1,leaf,euclidean,-0.003625209146681539,0.22095369780798307,0.191078063837528,0.26190302968575374,0.22095369780798305,0.15308151428643663
1455,50,30,0.0,euclidean,5,5.0,0.1,leaf,cosine,-0.007162706181364417,0.05922288001385532,0.03719998277382381,0.14515897083312845,0.059222880013855325,0.24581605695481398
1456,50,30,0.0,euclidean,10,,0.0,eom,euclidean,0.012180327092792901,0.09565575321735385,0.0683548276627545,0.15926701702794657,0.09565575321735385,0.19829822687861692
1457,50,30,0.0,euclidean,10,,0.0,eom,cosine,0.014348609960462352,0.13295980100135868,0.10352167982700909,0.18579320701451452,0.13295980100135865,0.17805970542017233
1458,50,30,0.0,euclidean,10,,0.0,leaf,euclidean,-0.01447139510584081,0.1036594455037901,0.07192894581597657,0.18548265809042155,0.10365944550379011,0.20404966937383154
1459,50,30,0.0,euclidean,10,,0.0,leaf,cosine,-0.004447890436712341,0.0801045811704845,0.05654526351215892,0.13731710683353907,0.08010458117048448,0.18816245942378784
1460,50,30,0.0,euclidean,10,,0.1,eom,euclidean,0.017132074026917177,0.10109397382975546,0.07244703236905808,0.16721331491490082,0.10109397382975545,0.2013331987435082
1461,50,30,0.0,euclidean,10,,0.1,eom,cosine,0.00909202725104684,0.09989160719116927,0.06999994145581039,0.174338251388433,0.09989160719116927,0.2083809539155946
1462,50,30,0.0,euclidean,10,,0.1,leaf,euclidean,0.00390872918761178,0.08315486995583836,0.05942179758110875,0.13845302183884214,0.08315486995583836,0.18990123355802402
1463,50,30,0.0,euclidean,10,,0.1,leaf,cosine,0.0026344134286736725,0.09404210612417467,0.0655952838805276,0.16605583047384426,0.09404210612417467,0.204804819051062
1464,50,30,0.0,euclidean,10,5.0,0.0,eom,euclidean,0.027085201703196293,0.15269638160240567,0.1211215579441931,0.2065382258727436,0.15269638160240567,0.18365721324028514
1465,50,30,0.0,euclidean,10,5.0,0.0,eom,cosine,0.0012451200663467928,0.06864412042013246,0.04836906217134652,0.11818364293857354,0.06864412042013245,0.1966882340385124
1466,50,30,0.0,euclidean,10,5.0,0.0,leaf,euclidean,-0.006065643216833908,0.16950535458848187,0.14251188093129033,0.20911409255333613,0.16950535458848187,0.14299854660989594
1467,50,30,0.0,euclidean,10,5.0,0.0,leaf,cosine,0.01136096520422936,0.15079266724138682,0.12443901394147039,0.19130776191664264,0.1507926672413868,0.15861165804899233
1468,50,30,0.0,euclidean,10,5.0,0.1,eom,euclidean,0.0064579603932682405,0.09729203352250607,0.07213300712539394,0.14940115439477028,0.09729203352250607,0.1871319835464568
1469,50,30,0.0,euclidean,10,5.0,0.1,eom,cosine,0.011070884214041832,0.09736635635965901,0.062025065922584305,0.22632309566272574,0.097366356359659,0.26197948104397184
1470,50,30,0.0,euclidean,10,5.0,0.1,leaf,euclidean,-0.001204216068225166,0.16480787996869514,0.13249052352048105,0.21797735796453818,0.16480787996869514,0.16561823888475427
1471,50,30,0.0,euclidean,10,5.0,0.1,leaf,cosine,0.0006413004077977927,0.0766138022832979,0.05438784395085015,0.12955893110574015,0.0766138022832979,0.19045962401499852
1472,50,30,0.0,euclidean,20,,0.0,eom,euclidean,0.0128956115852906,0.11231074851983978,0.07337324925823392,0.23930376269812476,0.1123107485198398,0.253298516017315
1473,50,30,0.0,euclidean,20,,0.0,eom,cosine,0.006489132903025974,0.08390752518443474,0.05498032258097213,0.17707141431021262,0.08390752518443474,0.24439860726008056
1474,50,30,0.0,euclidean,20,,0.0,leaf,euclidean,0.008720928736848117,0.11716355076971065,0.07518167174552698,0.26531947619196966,0.11716355076971066,0.25707443976350763
1475,50,30,0.0,euclidean,20,,0.0,leaf,cosine,0.011289975734814252,0.10195101980120003,0.06764761150491622,0.20683484133326416,0.10195101980120001,0.24323223098839516
1476,50,30,0.0,euclidean,20,,0.1,eom,euclidean,0.014749629290288876,0.10850223822631207,0.07520990649351028,0.19467832377999864,0.10850223822631205,0.22166127412907635
1477,50,30,0.0,euclidean,20,,0.1,eom,cosine,0.0,0.0,0.0,1.0,0.0,0.3156290382484226
1478,50,30,0.0,euclidean,20,,0.1,leaf,euclidean,0.008569499202075939,0.09156623732153264,0.06271213687975462,0.1695997468427091,0.09156623732153264,0.2225270625384585
1479,50,30,0.0,euclidean,20,,0.1,leaf,cosine,0.028661611429665997,0.12340417551076817,0.08418042598572588,0.2310717090485693,0.12340417551076815,0.24691739538780433
1480,50,30,0.0,euclidean,20,5.0,0.0,eom,euclidean,0.008495152910477196,0.08459459138106568,0.06081447943927795,0.138913565583821,0.08459459138106566,0.19062128141644344
1481,50,30,0.0,euclidean,20,5.0,0.0,eom,cosine,0.004913236759481238,0.09691170110139001,0.07410376153720026,0.1400020764334455,0.09691170110139,0.16966811956548072
1482,50,30,0.0,euclidean,20,5.0,0.0,leaf,euclidean,0.009425216014864868,0.10035122845371527,0.07722805325644637,0.14323902563640964,0.10035122845371527,0.17095901111265208
1483,50,30,0.0,euclidean,20,5.0,0.0,leaf,cosine,0.015377926279378609,0.11483138356348192,0.08822172165663077,0.16442596464598064,0.11483138356348192,0.17803209991795058
1484,50,30,0.0,euclidean,20,5.0,0.1,eom,euclidean,0.006758559499798862,0.08488896837430608,0.060473977309807594,0.14236599754627277,0.08488896837430608,0.1951854343980633
1485,50,30,0.0,euclidean,20,5.0,0.1,eom,cosine,5.2670368158070404e-05,0.06903848802946554,0.04908005664064261,0.11635383923700374,0.06903848802946555,0.18952485698456906
1486,50,30,0.0,euclidean,20,5.0,0.1,leaf,euclidean,-0.00048130904275475224,0.06361660165435858,0.044695514843393694,0.11031774439189004,0.06361660165435856,0.19640008147794052
1487,50,30,0.0,euclidean,20,5.0,0.1,leaf,cosine,0.003550759742461254,0.06321696330686793,0.0450065994533601,0.10617836731610374,0.06321696330686795,0.19147603745364536
1488,50,30,0.0,cosine,5,,0.0,eom,euclidean,0.01573888396298403,0.2078320466196017,0.19196446433264097,0.22655919308178904,0.2078320466196017,0.13364148179835322
1489,50,30,0.0,cosine,5,,0.0,eom,cosine,0.0015532261744726592,0.20221453494906605,0.18583024313268431,0.22176732995173223,0.20221453494906605,0.12395783197295047
1490,50,30,0.0,cosine,5,,0.0,leaf,euclidean,0.007519573883970423,0.2098876943051249,0.19251407890226702,0.23070817179953412,0.20988769430512488,0.12981126169327753
1491,50,30,0.0,cosine,5,,0.0,leaf,cosine,0.0005001543752596026,0.20441270823703925,0.18944917974073008,0.2219427192316279,0.20441270823703925,0.11850993706793406
1492,50,30,0.0,cosine,5,,0.1,eom,euclidean,0.00435659648666533,0.17924033126753317,0.15962755338625342,0.20434768720078073,0.1792403312675332,0.1344059587273177
1493,50,30,0.0,cosine,5,,0.1,eom,cosine,0.005090225920424852,0.07744050140272096,0.052831263422836866,0.1449676082772202,0.07744050140272096,0.22102791064940971
1494,50,30,0.0,cosine,5,,0.1,leaf,euclidean,0.0015100618646486537,0.198855336051511,0.17956554209107256,0.2227883296897059,0.19885533605151098,0.13219358053447067
1495,50,30,0.0,cosine,5,,0.1,leaf,cosine,-7.538542676561079e-05,0.05292532607669724,0.035292182953139246,0.10577303798955431,0.05292532607669725,0.22428166187634171
1496,50,30,0.0,cosine,5,5.0,0.0,eom,euclidean,-0.012977107356038754,0.166019770714368,0.149998873383822,0.1858721806388023,0.166019770714368,0.11106438120936094
1497,50,30,0.0,cosine,5,5.0,0.0,eom,cosine,0.006254692399417039,0.19616273269371032,0.17630501558194034,0.22106149471641262,0.19616273269371032,0.1410686234688328
1498,50,30,0.0,cosine,5,5.0,0.0,leaf,euclidean,0.013842225110979963,0.20028383713759557,0.1804064665063802,0.22508380277947432,0.20028383713759554,0.14039406219453415
1499,50,30,0.0,cosine,5,5.0,0.0,leaf,cosine,0.01119272585241508,0.21484515048689654,0.19690952185196,0.23637556905178422,0.21484515048689654,0.1402750576670855
1500,50,30,0.0,cosine,5,5.0,0.1,eom,euclidean,0.009169618585430469,0.20597369934112342,0.18259700300964893,0.23621472023992252,0.20597369934112342,0.15234619861202453
1501,50,30,0.0,cosine,5,5.0,0.1,eom,cosine,-0.0010166953696120631,0.06001061732600078,0.037015300669547585,0.15843891416797753,0.06001061732600077,0.2584769499461305
1502,50,30,0.0,cosine,5,5.0,0.1,leaf,euclidean,-0.0010237012586155063,0.20774323138017006,0.1835948058175194,0.23920629721527775,0.20774323138017006,0.14614554435696306
1503,50,30,0.0,cosine,5,5.0,0.1,leaf,cosine,-9.359966259013197e-05,0.0602883997299011,0.042412867628804654,0.10420870328032644,0.0602883997299011,0.19414447473379806
1504,50,30,0.0,cosine,10,,0.0,eom,euclidean,-0.0019482171115429363,0.12819313182481293,0.09874550568566738,0.1826678638698105,0.12819313182481296,0.17386709119137636
1505,50,30,0.0,cosine,10,,0.0,eom,cosine,0.0026480436045632997,0.1318864422271002,0.1012918412401964,0.18896099083838835,0.1318864422271002,0.18289812363526975
1506,50,30,0.0,cosine,10,,0.0,leaf,euclidean,-0.01754845950917503,0.11066174807808525,0.08214841992187866,0.16949141785986435,0.11066174807808522,0.17613017556426872
1507,50,30,0.0,cosine,10,,0.0,leaf,cosine,-0.012048268880865588,0.11360990513058228,0.0827856028120531,0.18100517870655722,0.11360990513058228,0.19392755257787309
1508,50,30,0.0,cosine,10,,0.1,eom,euclidean,-0.0041964000269836665,0.07506614437552683,0.05266679857748526,0.1306186395869869,0.07506614437552683,0.19309011524828973
1509,50,30,0.0,cosine,10,,0.1,eom,cosine,0.010111926544016622,0.07944733589061978,0.05462577356839169,0.14561271711331003,0.0794473358906198,0.21467461418359904
1510,50,30,0.0,cosine,10,,0.1,leaf,euclidean,-0.018190727113470775,0.08606106381260388,0.05970790268928336,0.15405682617258878,0.08606106381260388,0.19713579472639764
1511,50,30,0.0,cosine,10,,0.1,leaf,cosine,0.01178378581416168,0.07442682027167889,0.05208218047253205,0.13035076195307385,0.07442682027167889,0.20920878244389315
1512,50,30,0.0,cosine,10,5.0,0.0,eom,euclidean,0.006382613857669545,0.15790084490423337,0.13572477805384134,0.18873888485394003,0.1579008449042334,0.14156354417161474
1513,50,30,0.0,cosine,10,5.0,0.0,eom,cosine,0.001224094907175261,0.12570959116803296,0.09911765800347869,0.1718016647585842,0.12570959116803296,0.1622077174466173
1514,50,30,0.0,cosine,10,5.0,0.0,leaf,euclidean,0.004555756908004103,0.1815677811592094,0.158855800484773,0.21185754343070387,0.18156778115920943,0.13940800572433423
1515,50,30,0.0,cosine,10,5.0,0.0,leaf,cosine,-0.002482008297222599,0.17929741385679748,0.1568562180122586,0.209231927975012,0.17929741385679748,0.13530699948622488
1516,50,30,0.0,cosine,10,5.0,0.1,eom,euclidean,0.010878925085858183,0.1736406723131072,0.14661076006933405,0.21289020281835758,0.1736406723131072,0.15558863685635918
1517,50,30,0.0,cosine,10,5.0,0.1,eom,cosine,-0.010966010794543308,0.06095626387163188,0.0426557344158124,0.1067588717467014,0.06095626387163188,0.18850522470917028
1518,50,30,0.0,cosine,10,5.0,0.1,leaf,euclidean,-0.0065815371979484625,0.13516129872268035,0.10900770687237527,0.1778260889966278,0.13516129872268037,0.15939741013450526
1519,50,30,0.0,cosine,10,5.0,0.1,leaf,cosine,0.004770027587475198,0.058402906540965034,0.04130996743749857,0.09962502971812148,0.05840290654096504,0.19697703514000112
1520,50,30,0.0,cosine,20,,0.0,eom,euclidean,0.0,0.0,0.0,1.0,0.0,0.3156290382484226
1521,50,30,0.0,cosine,20,,0.0,eom,cosine,0.0,0.0,0.0,1.0,0.0,0.3156290382484226
1522,50,30,0.0,cosine,20,,0.0,leaf,euclidean,0.0,0.0,0.0,1.0,0.0,0.3156290382484226
1523,50,30,0.0,cosine,20,,0.0,leaf,cosine,0.0,0.0,0.0,1.0,0.0,0.3156290382484226
1524,50,30,0.0,cosine,20,,0.1,eom,euclidean,0.0,0.0,0.0,1.0,0.0,0.3156290382484226
1525,50,30,0.0,cosine,20,,0.1,eom,cosine,0.0,0.0,0.0,1.0,0.0,0.3156290382484226
1526,50,30,0.0,cosine,20,,0.1,leaf,euclidean,0.0,0.0,0.0,1.0,0.0,0.3156290382484226
1527,50,30,0.0,cosine,20,,0.1,leaf,cosine,-0.00017475855795864902,0.07234544579166421,0.04697659294928526,0.15728357254738287,0.07234544579166421,0.24086953742640663
1528,50,30,0.0,cosine,20,5.0,0.0,eom,euclidean,0.0027092932821260354,0.06181721720895593,0.043553305753027544,0.10646139366856257,0.06181721720895593,0.19698927678686984
1529,50,30,0.0,cosine,20,5.0,0.0,eom,cosine,-0.0010050060352166548,0.100115370502939,0.0773353356799088,0.14191940403508965,0.10011537050293899,0.15964867038610872
1530,50,30,0.0,cosine,20,5.0,0.0,leaf,euclidean,0.0044625033525561115,0.11549127234825685,0.09466378473624067,0.1480686514668548,0.11549127234825685,0.1453750550057487
1531,50,30,0.0,cosine,20,5.0,0.0,leaf,cosine,-0.0026630649456556364,0.09185118651215361,0.07079399484139756,0.1307384473788603,0.09185118651215361,0.15885855299330584
1532,50,30,0.0,cosine,20,5.0,0.1,eom,euclidean,-0.0024212820161910076,0.07727168105891,0.0553054738748985,0.1281835913697878,0.07727168105891,0.18232059604221626
1533,50,30,0.0,cosine,20,5.0,0.1,eom,cosine,-0.005712773734698742,0.062028319242231386,0.04389254339976568,0.10570350834192814,0.062028319242231386,0.18688626328188565
1534,50,30,0.0,cosine,20,5.0,0.1,leaf,euclidean,-0.00018826783745471727,0.07524089338695775,0.053999254032541646,0.12403076828273521,0.07524089338695775,0.18295560873677008
1535,50,30,0.0,cosine,20,5.0,0.1,leaf,cosine,-0.0065951300303805655,0.06508454863299187,0.04316093611021719,0.1322723192376225,0.06508454863299187,0.2221962994089958
1536,50,30,0.1,euclidean,5,,0.0,eom,euclidean,0.021113545926346823,0.20614591453476339,0.17852477091261182,0.24387851258242105,0.20614591453476339,0.15947140664500065
1537,50,30,0.1,euclidean,5,,0.0,eom,cosine,-0.011060890755065432,0.2198094525256862,0.18759283232254828,0.26538604081088263,0.21980945252568623,0.15487350943743985
1538,50,30,0.1,euclidean,5,,0.0,leaf,euclidean,0.006417368404123168,0.21308577158272166,0.18419772559774653,0.25272033643130803,0.2130857715827216,0.1626333776007918
1539,50,30,0.1,euclidean,5,,0.0,leaf,cosine,0.0004257637195853913,0.20365811170242087,0.17155564653335387,0.25054070967088315,0.20365811170242087,0.16604479249950507
1540,50,30,0.1,euclidean,5,,0.1,eom,euclidean,0.016169245983483335,0.13455729973887698,0.10635125814081026,0.18312494036576485,0.13455729973887698,0.17480492204139184
1541,50,30,0.1,euclidean,5,,0.1,eom,cosine,0.00033431572387468677,0.062323489955324086,0.03926683239619618,0.15096974949496147,0.06232348995532407,0.25154196171203763
1542,50,30,0.1,euclidean,5,,0.1,leaf,euclidean,-0.012700608615796055,0.238372354957407,0.21078666466729146,0.2742655371849342,0.238372354957407,0.14377492010823564
1543,50,30,0.1,euclidean,5,,0.1,leaf,cosine,-0.010841990411510814,0.04416025446616534,0.02751998663458661,0.11170229991172449,0.044160254466165345,0.24322922360136184
1544,50,30,0.1,euclidean,5,5.0,0.0,eom,euclidean,-0.002616275755464626,0.19754442207247244,0.1726867694623849,0.23076176601320855,0.19754442207247247,0.13546546390888506
1545,50,30,0.1,euclidean,5,5.0,0.0,eom,cosine,-0.014489010388852414,0.19937026699458754,0.1669583473237202,0.24739809791746173,0.19937026699458754,0.15343843301940463
1546,50,30,0.1,euclidean,5,5.0,0.0,leaf,euclidean,0.015143460816236264,0.20993294699304405,0.17213794535193183,0.2689938537810096,0.20993294699304405,0.1928552699041354
1547,50,30,0.1,euclidean,5,5.0,0.0,leaf,cosine,-0.01962288943582268,0.19197791285974442,0.16095168181160746,0.23782228781110845,0.1919779128597444,0.14825069905940916
1548,50,30,0.1,euclidean,5,5.0,0.1,eom,euclidean,-0.006622364955224454,0.1743405640212123,0.14529268540317733,0.2179057234631153,0.1743405640212123,0.15453750295517146
1549,50,30,0.1,euclidean,5,5.0,0.1,eom,cosine,-0.0012205698133812995,0.06307013668754576,0.044607219798904044,0.10760980928139216,0.06307013668754576,0.1915430057886824
1550,50,30,0.1,euclidean,5,5.0,0.1,leaf,euclidean,-0.0010993807125241537,0.2199668439135672,0.18808954345956094,0.2648541654092515,0.21996684391356724,0.16312332754242032
1551,50,30,0.1,euclidean,5,5.0,0.1,leaf,cosine,0.002400804232253653,0.06822884930526438,0.043546454762266616,0.15750185618673546,0.06822884930526436,0.24487028257638796
1552,50,30,0.1,euclidean,10,,0.0,eom,euclidean,0.014652868783593807,0.09983223606110707,0.0712350386167999,0.16678971062921394,0.09983223606110707,0.20210625020446904
1553,50,30,0.1,euclidean,10,,0.0,eom,cosine,0.018242027571381162,0.09630738419853678,0.06816998799156121,0.16399820575296473,0.09630738419853677,0.21126139887642215
1554,50,30,0.1,euclidean,10,,0.0,leaf,euclidean,0.017564065255378618,0.0983006131510918,0.06989603779958095,0.16559607608746216,0.09830061315109179,0.2072152108143506
1555,50,30,0.1,euclidean,10,,0.0,leaf,cosine,0.015825242796108863,0.10553551787402934,0.07535335055316297,0.17605150684840734,0.10553551787402934,0.2023998402753944
1556,50,30,0.1,euclidean,10,,0.1,eom,euclidean,0.023446151215402035,0.10248715576425863,0.07301988550615893,0.17182895532528372,0.10248715576425863,0.2121603634759003
1557,50,30,0.1,euclidean,10,,0.1,eom,cosine,0.013130013911785796,0.08190682087672521,0.05802722218754511,0.1391846578698737,0.08190682087672521,0.20535618273478407
1558,50,30,0.1,euclidean,10,,0.1,leaf,euclidean,-0.0027201663309805984,0.08027561694012236,0.056848808147597726,0.13654399001914777,0.08027561694012238,0.1892065199100645
1559,50,30,0.1,euclidean,10,,0.1,leaf,cosine,0.026885110154489418,0.11908181391838667,0.08481928916084333,0.1997840432977172,0.11908181391838668,0.21582488275487902
1560,50,30,0.1,euclidean,10,5.0,0.0,eom,euclidean,-0.012023289520213969,0.09104497140059555,0.06663176567177374,0.1436924236202087,0.09104497140059555,0.17940278574486865
1561,50,30,0.1,euclidean,10,5.0,0.0,eom,cosine,0.001833945911071446,0.14536755988316588,0.11239323707942901,0.20572341954827567,0.14536755988316588,0.17469887863479114
1562,50,30,0.1,euclidean,10,5.0,0.0,leaf,euclidean,0.0002177017584338443,0.1887750945874205,0.16324428746999947,0.22377225329799189,0.18877509458742048,0.14214449436305768
1563,50,30,0.1,euclidean,10,5.0,0.0,leaf,cosine,-0.005585182750831138,0.17202412131615066,0.1453443527696078,0.21070089898479255,0.17202412131615066,0.14198477858305128
1564,50,30,0.1,euclidean,10,5.0,0.1,eom,euclidean,0.012863553558505462,0.1269959437591392,0.09946466808533452,0.17560146923033107,0.1269959437591392,0.17391239504378836
1565,50,30,0.1,euclidean,10,5.0,0.1,eom,cosine,0.0005057260883001483,0.06735662540089538,0.04735161233043332,0.11663040012942237,0.06735662540089536,0.19568903774422805
1566,50,30,0.1,euclidean,10,5.0,0.1,leaf,euclidean,0.020238037474866657,0.2149432662422428,0.18758608648034578,0.25164227201859113,0.21494326624224278,0.15802812472735384
1567,50,30,0.1,euclidean,10,5.0,0.1,leaf,cosine,0.001715168528915819,0.06703399098539853,0.047571859394630406,0.11344583683162314,0.06703399098539851,0.19258682714751596
1568,50,30,0.1,euclidean,20,,0.0,eom,euclidean,0.0,0.0,0.0,1.0,0.0,0.3156290382484226
1569,50,30,0.1,euclidean,20,,0.0,eom,cosine,0.0,0.0,0.0,1.0,0.0,0.3156290382484226
1570,50,30,0.1,euclidean,20,,0.0,leaf,euclidean,0.0006183322181336191,0.08577872249600804,0.05633889184724156,0.17965973361817972,0.08577872249600806,0.23629403738341154
1571,50,30,0.1,euclidean,20,,0.0,leaf,cosine,0.010794272570862956,0.10974505388815575,0.07425092444359736,0.2102514334456714,0.10974505388815575,0.2321330892032732
1572,50,30,0.1,euclidean,20,,0.1,eom,euclidean,0.0,0.0,0.0,1.0,0.0,0.3156290382484226
1573,50,30,0.1,euclidean,20,,0.1,eom,cosine,0.0,0.0,0.0,1.0,0.0,0.3156290382484226
1574,50,30,0.1,euclidean,20,,0.1,leaf,euclidean,0.0,0.0,0.0,1.0,0.0,0.3156290382484226
1575,50,30,0.1,euclidean,20,,0.1,leaf,cosine,0.0,0.0,0.0,1.0,0.0,0.3156290382484226
1576,50,30,0.1,euclidean,20,5.0,0.0,eom,euclidean,0.008738187626331839,0.07768241068812816,0.05577265172651582,0.12794400250044585,0.07768241068812816,0.19171992235589222
1577,50,30,0.1,euclidean,20,5.0,0.0,eom,cosine,-0.0021125336229672934,0.0643011509750263,0.04586770806753489,0.10750593843587086,0.0643011509750263,0.18474615737190783
1578,50,30,0.1,euclidean,20,5.0,0.0,leaf,euclidean,0.007049745434762012,0.08060906757139787,0.05761090358045879,0.13416913178905432,0.08060906757139787,0.19326995588061302
1579,50,30,0.1,euclidean,20,5.0,0.0,leaf,cosine,0.011058783537936162,0.08125735547874367,0.05838488712102266,0.13359274565330073,0.08125735547874367,0.19355286450782316
1580,50,30,0.1,euclidean,20,5.0,0.1,eom,euclidean,-0.004914274217402206,0.05148290686080566,0.03633592403595363,0.08828562853646497,0.05148290686080566,0.18932723999996884
1581,50,30,0.1,euclidean,20,5.0,0.1,eom,cosine,0.0030021123954491616,0.08218524969848787,0.058826536855443395,0.13631153742817145,0.08218524969848785,0.18798937119196804
1582,50,30,0.1,euclidean,20,5.0,0.1,leaf,euclidean,0.0025002034631827386,0.06797725638139909,0.048544487542104955,0.11335370162238774,0.06797725638139909,0.1891824031843086
1583,50,30,0.1,euclidean,20,5.0,0.1,leaf,cosine,0.006407745725317574,0.07360151826213733,0.052038465768660495,0.1256786923288275,0.07360151826213732,0.19937744044904676
1584,50,30,0.1,cosine,5,,0.0,eom,euclidean,-0.00534894422572138,0.19582258874476288,0.17642460672887308,0.220013155546533,0.1958225887447629,0.13000242346451
1585,50,30,0.1,cosine,5,,0.0,eom,cosine,0.006178355860746323,0.16924023163759042,0.1480913434809455,0.19743602099241395,0.16924023163759042,0.13839110134419316
1586,50,30,0.1,cosine,5,,0.0,leaf,euclidean,-0.00023358859569674024,0.19945601141532093,0.1703840772237884,0.24048979601122916,0.1994560114153209,0.15926507352677163
1587,50,30,0.1,cosine,5,,0.0,leaf,cosine,-0.001029751628004348,0.1843002891890712,0.15872086834824228,0.21970845656678606,0.18430028918907124,0.1581313579479583
1588,50,30,0.1,cosine,5,,0.1,eom,euclidean,0.006756923666219682,0.17790057603401968,0.15469965436273284,0.20928838674035508,0.17790057603401968,0.14217162784587598
1589,50,30,0.1,cosine,5,,0.1,eom,cosine,0.0024414390517389305,0.08261741221176175,0.05856572962844341,0.14019071770602795,0.08261741221176173,0.19405774196229172
1590,50,30,0.1,cosine,5,,0.1,leaf,euclidean,0.0004012685038654294,0.20432359556758636,0.17601329788081427,0.24348638716525717,0.2043235955675864,0.16050719038160105
1591,50,30,0.1,cosine,5,,0.1,leaf,cosine,-0.008678523924088355,0.05001207694643574,0.031580524507733646,0.1201164329346622,0.05001207694643574,0.237569950772118
1592,50,30,0.1,cosine,5,5.0,0.0,eom,euclidean,0.012929333378084192,0.1978088044888213,0.17294127031061876,0.23102885643629337,0.1978088044888213,0.15392133248954976
1593,50,30,0.1,cosine,5,5.0,0.0,eom,cosine,0.0008149926321664663,0.19178396034541143,0.16874996430991884,0.22210013663398212,0.19178396034541145,0.14305306546532218
1594,50,30,0.1,cosine,5,5.0,0.0,leaf,euclidean,0.006349420404677219,0.2178423406765826,0.19836651579025463,0.24155883066500491,0.21784234067658262,0.13913546115888842
1595,50,30,0.1,cosine,5,5.0,0.0,leaf,cosine,-0.005273875321107415,0.19238076129068907,0.1692210656819593,0.22288492450807004,0.19238076129068912,0.1431576375591023
1596,50,30,0.1,cosine,5,5.0,0.1,eom,euclidean,0.0005797804646878746,0.2024319241097955,0.1804112761058528,0.23057552199182757,0.2024319241097955,0.14082337742254297
1597,50,30,0.1,cosine,5,5.0,0.1,eom,cosine,-0.008117882688686144,0.04890919862900713,0.030895578072704294,0.11730189008867399,0.048909198629007125,0.23912079970426137
1598,50,30,0.1,cosine,5,5.0,0.1,leaf,euclidean,-0.01125168791075121,0.17209368260888544,0.15009015182050228,0.20165702508179925,0.1720936826088855,0.14264559343209054
1599,50,30,0.1,cosine,5,5.0,0.1,leaf,cosine,-0.007741559502467613,0.07394944652147147,0.0522671755525737,0.12637373750109207,0.07394944652147147,0.18553312488131252
1600,50,30,0.1,cosine,10,,0.0,eom,euclidean,-0.00936640773868156,0.08699242796738577,0.06198236860877903,0.1458387870760881,0.08699242796738575,0.19681690056253912
1601,50,30,0.1,cosine,10,,0.0,eom,cosine,0.0014554025941912907,0.06091140861404827,0.041290999408729996,0.11606019556733681,0.060911408614048264,0.2105863083416064
1602,50,30,0.1,cosine,10,,0.0,leaf,euclidean,0.001387886172961176,0.10152209158315612,0.07581701319645462,0.15359817549478774,0.10152209158315613,0.18026640330978938
1603,50,30,0.1,cosine,10,,0.0,leaf,cosine,-0.008428769289469444,0.09907487343716632,0.07278950491027968,0.15507461373081807,0.09907487343716634,0.1946498732359703
1604,50,30,0.1,cosine,10,,0.1,eom,euclidean,-0.0012699386453284517,0.1151508874776168,0.08505387261104903,0.1782130441319486,0.1151508874776168,0.18322760674470107
1605,50,30,0.1,cosine,10,,0.1,eom,cosine,0.015577084070917435,0.09517541916747861,0.06525754395571112,0.1757490752057309,0.09517541916747861,0.2216796947871267
1606,50,30,0.1,cosine,10,,0.1,leaf,euclidean,-0.010337615010524168,0.09898674639907618,0.07416317998829416,0.1487885971809932,0.09898674639907619,0.17961693493963646
1607,50,30,0.1,cosine,10,,0.1,leaf,cosine,0.00588848424868316,0.08931604556540074,0.061094299087656206,0.1659956640986264,0.08931604556540074,0.21211135614307278
1608,50,30,0.1,cosine,10,5.0,0.0,eom,euclidean,0.0025115167804229143,0.12199893008846785,0.095284683191345,0.16952829865751065,0.12199893008846782,0.16921863538224896
1609,50,30,0.1,cosine,10,5.0,0.0,eom,cosine,-0.0012967512781425156,0.1439977153860238,0.11870546473686723,0.18298605708926,0.1439977153860238,0.14764624401121526
1610,50,30,0.1,cosine,10,5.0,0.0,leaf,euclidean,0.004649007836252701,0.17976307369486244,0.14958741425056654,0.22518966759490594,0.1797630736948624,0.17186863023314913
1611,50,30,0.1,cosine,10,5.0,0.0,leaf,cosine,0.008887093235713225,0.15993421198557792,0.1276788735051677,0.2139956355207054,0.1599342119855779,0.1767808213128387
1612,50,30,0.1,cosine,10,5.0,0.1,eom,euclidean,-0.00017622545889084103,0.13323200700618582,0.10798672483352556,0.17388249004268547,0.13323200700618582,0.15701588921297752
1613,50,30,0.1,cosine,10,5.0,0.1,eom,cosine,-0.00113382508894899,0.06622481666276525,0.04706156471152455,0.11171440802400223,0.06622481666276525,0.18764721620140407
1614,50,30,0.1,cosine,10,5.0,0.1,leaf,euclidean,-0.012776237311997273,0.1426826802362738,0.11516875807901025,0.18746925836318137,0.14268268023627384,0.16321476049131114
1615,50,30,0.1,cosine,10,5.0,0.1,leaf,cosine,-0.006775579859501202,0.06096753469348219,0.040716348762711366,0.12129761322534972,0.0609675346934822,0.21703951570076233
1616,50,30,0.1,cosine,20,,0.0,eom,euclidean,0.0,0.0,0.0,1.0,0.0,0.3156290382484226
1617,50,30,0.1,cosine,20,,0.0,eom,cosine,0.004146400937340337,0.08570179880681861,0.05562530852566295,0.18659137006692936,0.08570179880681861,0.24602445590135558
1618,50,30,0.1,cosine,20,,0.0,leaf,euclidean,0.0,0.0,0.0,1.0,0.0,0.3156290382484226
1619,50,30,0.1,cosine,20,,0.0,leaf,cosine,0.006473806014548716,0.08731690500141134,0.05783199868952498,0.17813859242926872,0.08731690500141134,0.23890811853971397
1620,50,30,0.1,cosine,20,,0.1,eom,euclidean,-0.002153456780676337,0.08548170223067632,0.056613038827952065,0.17442738765221197,0.08548170223067632,0.22903810525204313
1621,50,30,0.1,cosine,20,,0.1,eom,cosine,0.0,0.0,0.0,1.0,0.0,0.3156290382484226
1622,50,30,0.1,cosine,20,,0.1,leaf,euclidean,-0.0027368400326845646,0.08460250984225007,0.0578072979412382,0.15770117774998257,0.08460250984225005,0.21143338779894824
1623,50,30,0.1,cosine,20,,0.1,leaf,cosine,0.0,0.0,0.0,1.0,0.0,0.3156290382484226
1624,50,30,0.1,cosine,20,5.0,0.0,eom,euclidean,-0.00441152932285656,0.07181174952671898,0.05024619676363533,0.12580844755755877,0.07181174952671898,0.1932836279947592
1625,50,30,0.1,cosine,20,5.0,0.0,eom,cosine,0.010470438517494516,0.10566402256555824,0.08091639597461582,0.15221896409698926,0.10566402256555824,0.17490012422217413
1626,50,30,0.1,cosine,20,5.0,0.0,leaf,euclidean,-0.0054185959759838,0.06359835517791132,0.044541981181280936,0.11115280554120298,0.06359835517791133,0.19061437134057035
1627,50,30,0.1,cosine,20,5.0,0.0,leaf,cosine,-0.004141838733676842,0.09817528256533747,0.07505927417825653,0.1418656555254821,0.09817528256533749,0.1618452085772043
1628,50,30,0.1,cosine,20,5.0,0.1,eom,euclidean,-1.5467298732361127e-05,0.08361757918400475,0.06388851630602722,0.12097529875164831,0.08361757918400477,0.1667342185115895
1629,50,30,0.1,cosine,20,5.0,0.1,eom,cosine,-0.0058677998098385425,0.06156406641545691,0.04268469376284702,0.11038890463062433,0.06156406641545691,0.19911251663707466
1630,50,30,0.1,cosine,20,5.0,0.1,leaf,euclidean,0.002764072131250191,0.10051436967783066,0.07772610234967116,0.14220782785001673,0.10051436967783067,0.16238657736451104
1631,50,30,0.1,cosine,20,5.0,0.1,leaf,cosine,0.0,0.0,0.0,1.0,0.0,0.3156290382484226
1632,50,30,0.3,euclidean,5,,0.0,eom,euclidean,-0.009428688062154892,0.16110605641319956,0.1312693375749444,0.20849590169382823,0.16110605641319953,0.15876873627230587
1633,50,30,0.3,euclidean,5,,0.0,eom,cosine,-0.007336166323714871,0.14766167279383877,0.1185140343904866,0.1958228299837128,0.14766167279383877,0.1623011758730446
1634,50,30,0.3,euclidean,5,,0.0,leaf,euclidean,-0.005070693303402362,0.20656951247379624,0.1747646213913148,0.2525259565087527,0.20656951247379618,0.15659039616587642
1635,50,30,0.3,euclidean,5,,0.0,leaf,cosine,-0.00036201970833753315,0.21579033047243998,0.17438645769333483,0.2829762360224375,0.21579033047243998,0.19088955062249247
1636,50,30,0.3,euclidean,5,,0.1,eom,euclidean,-0.01039310241730217,0.20547859365156135,0.1756283177116597,0.2475534675193643,0.20547859365156138,0.15029409662333792
1637,50,30,0.3,euclidean,5,,0.1,eom,cosine,0.0007132227343924574,0.06204076552451885,0.03975018146770039,0.14124791253535007,0.06204076552451886,0.24064160942081997
1638,50,30,0.3,euclidean,5,,0.1,leaf,euclidean,0.010112147931694744,0.2087964989417831,0.17628386846170108,0.2560140336234899,0.2087964989417831,0.17019639478697263
1639,50,30,0.3,euclidean,5,,0.1,leaf,cosine,0.002067206989049793,0.06305651352242787,0.040363268854985854,0.14403868276297993,0.06305651352242787,0.2440538346260907
1640,50,30,0.3,euclidean,5,5.0,0.0,eom,euclidean,0.003480430978730754,0.1897383463260743,0.15776724912820503,0.23796035486504194,0.18973834632607434,0.1645903073579968
1641,50,30,0.3,euclidean,5,5.0,0.0,eom,cosine,0.007504260529594569,0.1687599178884481,0.13578868475134326,0.22287740971050898,0.16875991788844807,0.17380094423648368
1642,50,30,0.3,euclidean,5,5.0,0.0,leaf,euclidean,-0.004146898718687343,0.2269496724228274,0.18949216811249026,0.28286434425102447,0.2269496724228274,0.1719263580625358
1643,50,30,0.3,euclidean,5,5.0,0.0,leaf,cosine,-0.001304602141264356,0.18701233065195821,0.15570057208734,0.234087986252701,0.18701233065195821,0.15800074024844524
1644,50,30,0.3,euclidean,5,5.0,0.1,eom,euclidean,0.013258941249023598,0.12177942359393781,0.09524215859885415,0.16881672567460815,0.1217794235939378,0.17537232007831377
1645,50,30,0.3,euclidean,5,5.0,0.1,eom,cosine,0.0010166771121101962,0.07410828805569238,0.048274673819292575,0.15941998727733694,0.07410828805569239,0.23228058669309376
1646,50,30,0.3,euclidean,5,5.0,0.1,leaf,euclidean,0.004939505295021562,0.21896210420025763,0.18342073202703515,0.2715875256580354,0.2189621042002576,0.17004141350913315
1647,50,30,0.3,euclidean,5,5.0,0.1,leaf,cosine,0.005501921957262223,0.05910760098424451,0.03843394942587853,0.12791106116913534,0.05910760098424451,0.23988807354847694
1648,50,30,0.3,euclidean,10,,0.0,eom,euclidean,0.012283781870987413,0.0937463052790355,0.0650568508068242,0.16770074327329837,0.0937463052790355,0.21816561772312998
1649,50,30,0.3,euclidean,10,,0.0,eom,cosine,0.010689958749281117,0.10731354200090565,0.0737722921098936,0.19678252243046757,0.10731354200090565,0.2225706569973515
1650,50,30,0.3,euclidean,10,,0.0,leaf,euclidean,0.011650342859537347,0.10502388028542248,0.07447886457981875,0.1780417504466784,0.10502388028542246,0.20334833608738415
1651,50,30,0.3,euclidean,10,,0.0,leaf,cosine,-0.006768743363862045,0.10429727290732758,0.07233080613478345,0.18689531270029427,0.10429727290732757,0.21117778984417096
1652,50,30,0.3,euclidean,10,,0.1,eom,euclidean,-0.002922873191592306,0.10100829254898876,0.06863000172686136,0.1912240586459926,0.10100829254898876,0.21453688714961416
1653,50,30,0.3,euclidean,10,,0.1,eom,cosine,0.0027727134055109777,0.09550397153847161,0.06699925748751229,0.1662234334778509,0.09550397153847161,0.2009886438945445
1654,50,30,0.3,euclidean,10,,0.1,leaf,euclidean,0.0023070463704698064,0.10693124753736262,0.07205363808909727,0.20725143841777446,0.1069312475373626,0.22440730231438336
1655,50,30,0.3,euclidean,10,,0.1,leaf,cosine,0.006502546486023443,0.08784563212306883,0.06155861617077957,0.15331472109702185,0.08784563212306883,0.2056629414732173
1656,50,30,0.3,euclidean,10,5.0,0.0,eom,euclidean,0.016483634693903897,0.1024157708458902,0.0734978885681293,0.16885019854464667,0.1024157708458902,0.1998805049209744
1657,50,30,0.3,euclidean,10,5.0,0.0,eom,cosine,-0.010990732803889326,0.1234780226813154,0.08778230944519506,0.20809933429290964,0.12347802268131539,0.19566272776200555
1658,50,30,0.3,euclidean,10,5.0,0.0,leaf,euclidean,0.007110409715307129,0.19695565195889897,0.15823769683007707,0.26075866881927123,0.196955651958899,0.18177518939323634
1659,50,30,0.3,euclidean,10,5.0,0.0,leaf,cosine,-0.008993088072535332,0.10103494670155307,0.0713121726055895,0.17324178316043864,0.10103494670155307,0.20065298198652326
1660,50,30,0.3,euclidean,10,5.0,0.1,eom,euclidean,0.016541240563664954,0.11321099004747667,0.08525238334838393,0.16845645875042808,0.11321099004747669,0.18734970431626763
1661,50,30,0.3,euclidean,10,5.0,0.1,eom,cosine,0.02218476145692723,0.11816854895013125,0.07873446454765924,0.2367391204255772,0.11816854895013124,0.248183901380056
1662,50,30,0.3,euclidean,10,5.0,0.1,leaf,euclidean,-0.007598006344444779,0.16995548881272898,0.13625839096632103,0.22579533405883653,0.169955488812729,0.17226941032920595
1663,50,30,0.3,euclidean,10,5.0,0.1,leaf,cosine,0.01592478186494702,0.09316025337785445,0.06662817402041911,0.15480553969203248,0.09316025337785447,0.20134440361518657
1664,50,30,0.3,euclidean,20,,0.0,eom,euclidean,0.0,0.0,0.0,1.0,0.0,0.3156290382484226
1665,50,30,0.3,euclidean,20,,0.0,eom,cosine,0.0,0.0,0.0,1.0,0.0,0.3156290382484226
1666,50,30,0.3,euclidean,20,,0.0,leaf,euclidean,0.0,0.0,0.0,1.0,0.0,0.3156290382484226
1667,50,30,0.3,euclidean,20,,0.0,leaf,cosine,0.0,0.0,0.0,1.0,0.0,0.3156290382484226
1668,50,30,0.3,euclidean,20,,0.1,eom,euclidean,0.0,0.0,0.0,1.0,0.0,0.3156290382484226
1669,50,30,0.3,euclidean,20,,0.1,eom,cosine,0.0,0.0,0.0,1.0,0.0,0.3156290382484226
1670,50,30,0.3,euclidean,20,,0.1,leaf,euclidean,0.0,0.0,0.0,1.0,0.0,0.3156290382484226
1671,50,30,0.3,euclidean,20,,0.1,leaf,cosine,0.0,0.0,0.0,1.0,0.0,0.3156290382484226
1672,50,30,0.3,euclidean,20,5.0,0.0,eom,euclidean,0.006236807265109503,0.0807009622221962,0.0578848540401099,0.13320588760260613,0.08070096222219621,0.18979692688188773
1673,50,30,0.3,euclidean,20,5.0,0.0,eom,cosine,0.008780613082495827,0.09630943659176305,0.06900627609649794,0.15936352659351175,0.09630943659176305,0.19319485924195734
1674,50,30,0.3,euclidean,20,5.0,0.0,leaf,euclidean,0.0007119147111568248,0.1018023254351853,0.07643333822087227,0.1523781545888901,0.1018023254351853,0.1780782855079213
1675,50,30,0.3,euclidean,20,5.0,0.0,leaf,cosine,0.00639543593048034,0.07109941429067236,0.05099559377501177,0.11736965755796647,0.07109941429067235,0.19003977959210575
1676,50,30,0.3,euclidean,20,5.0,0.1,eom,euclidean,0.011564068553167491,0.0921778514623735,0.06628795939977276,0.15125183153684593,0.09217785146237352,0.193486704650943
1677,50,30,0.3,euclidean,20,5.0,0.1,eom,cosine,0.007678199983835368,0.07109481937882076,0.05084584316998657,0.1181453003316877,0.07109481937882074,0.19343232563396354
1678,50,30,0.3,euclidean,20,5.0,0.1,leaf,euclidean,-0.014375086017594157,0.07051028437222708,0.04845465958157402,0.1294195736062004,0.07051028437222708,0.1950323338930473
1679,50,30,0.3,euclidean,20,5.0,0.1,leaf,cosine,0.008382406521560961,0.07722360479342129,0.0552976955657952,0.1279610070940594,0.07722360479342129,0.19299106713962294
1680,50,30,0.3,cosine,5,,0.0,eom,euclidean,0.007969464986856507,0.20282999296905438,0.16872919887231067,0.25420595511026933,0.20282999296905438,0.18032405971126098
1681,50,30,0.3,cosine,5,,0.0,eom,cosine,-0.003990209901455596,0.17134663269719352,0.1438670570462855,0.2118022959633795,0.17134663269719352,0.15368079046872882
1682,50,30,0.3,cosine,5,,0.0,leaf,euclidean,-0.00525115290135141,0.1808898260763858,0.14773080160477453,0.2332424238942667,0.1808898260763858,0.17611935834858414
1683,50,30,0.3,cosine,5,,0.0,leaf,cosine,-0.0060923351298295125,0.2021668360542118,0.176015424533989,0.23744513949127144,0.20216683605421176,0.15345755977014588
1684,50,30,0.3,cosine,5,,0.1,eom,euclidean,0.0032488242580233305,0.20514235776057793,0.177784188561744,0.24245185619197374,0.2051423577605779,0.16016914361245413
1685,50,30,0.3,cosine,5,,0.1,eom,cosine,0.007664200014201586,0.06678940340451657,0.04344648648413981,0.14434078003383843,0.06678940340451657,0.2375180090832638
1686,50,30,0.3,cosine,5,,0.1,leaf,euclidean,0.007252607475081993,0.18326004391284215,0.15195415944481322,0.23081246655166818,0.18326004391284217,0.18116530937703562
1687,50,30,0.3,cosine,5,,0.1,leaf,cosine,-0.0014081200956049477,0.04737859694737924,0.030364707999596795,0.10775647967023043,0.04737859694737923,0.23651166860711131
1688,50,30,0.3,cosine,5,5.0,0.0,eom,euclidean,0.007934918371187913,0.2158859626114677,0.1868613495333187,0.2555852536290649,0.2158859626114677,0.16580848971980316
1689,50,30,0.3,cosine,5,5.0,0.0,eom,cosine,0.009056800933638576,0.15777339857759146,0.12531434901182542,0.21292560416133793,0.15777339857759148,0.18427313848886198
1690,50,30,0.3,cosine,5,5.0,0.0,leaf,euclidean,-0.003223102963808292,0.17913210075591524,0.15658021949932036,0.20927323298554695,0.17913210075591524,0.14875716485666252
1691,50,30,0.3,cosine,5,5.0,0.0,leaf,cosine,-0.012069220559123787,0.19181899215735282,0.1664419700606533,0.22632646458620617,0.1918189921573528,0.14739582712679422
1692,50,30,0.3,cosine,5,5.0,0.1,eom,euclidean,0.0038794503744451654,0.16149081615576216,0.13761281188088298,0.19539493468980948,0.16149081615576216,0.15970837803038113
1693,50,30,0.3,cosine,5,5.0,0.1,eom,cosine,0.010241330343874512,0.053740809658038825,0.03501547728556262,0.11551524617666989,0.05374080965803883,0.23728639782791175
1694,50,30,0.3,cosine,5,5.0,0.1,leaf,euclidean,-0.013349754552391775,0.17938916040264277,0.1529807785978846,0.2168173640202996,0.17938916040264272,0.15174732239032546
1695,50,30,0.3,cosine,5,5.0,0.1,leaf,cosine,-0.0027731488954670937,0.06355342743549737,0.040510916246160066,0.14738652828469084,0.06355342743549737,0.23647079428714762
1696,50,30,0.3,cosine,10,,0.0,eom,euclidean,-0.010137642475695067,0.05631216293916654,0.03510770658033427,0.14219631106938777,0.056312162939166535,0.24507109197360072
1697,50,30,0.3,cosine,10,,0.0,eom,cosine,0.0033060463768497723,0.09456734326027667,0.06525541682361473,0.17168703806771207,0.09456734326027666,0.21187288021046968
1698,50,30,0.3,cosine,10,,0.0,leaf,euclidean,0.0010298912546028139,0.07037195363067539,0.048632710246215086,0.12725688539798066,0.07037195363067539,0.20891834816132976
1699,50,30,0.3,cosine,10,,0.0,leaf,cosine,0.001089933317766232,0.09698051984930096,0.06765812993569516,0.1711593570233539,0.09698051984930096,0.20309576321367515
1700,50,30,0.3,cosine,10,,0.1,eom,euclidean,-0.004804301469046628,0.08721014266084759,0.05796899991084333,0.17597848401386468,0.08721014266084758,0.22373707768289836
1701,50,30,0.3,cosine,10,,0.1,eom,cosine,-0.006423689011260849,0.09050788457497919,0.060530424296702794,0.17931093861192765,0.09050788457497919,0.2191128356305551
1702,50,30,0.3,cosine,10,,0.1,leaf,euclidean,0.001093958428851369,0.08243602549680809,0.05783672777850425,0.1434476118389755,0.08243602549680809,0.1995024808794866
1703,50,30,0.3,cosine,10,,0.1,leaf,cosine,-0.0025473438664897494,0.058883452453849974,0.0396510891129528,0.11434567693353533,0.058883452453849974,0.21980407836831142
1704,50,30,0.3,cosine,10,5.0,0.0,eom,euclidean,-0.0037236189462739626,0.08002288898670232,0.05878745828871742,0.12527531934412547,0.08002288898670232,0.18052074809268323
1705,50,30,0.3,cosine,10,5.0,0.0,eom,cosine,-0.01136956193226966,0.13830922887479535,0.10503649989765919,0.2024352555364142,0.13830922887479538,0.18507339636713832
1706,50,30,0.3,cosine,10,5.0,0.0,leaf,euclidean,0.004109854006571932,0.1639559790335081,0.12578895519276467,0.23537316493716007,0.1639559790335081,0.19848827244978037
1707,50,30,0.3,cosine,10,5.0,0.0,leaf,cosine,0.014915003971389406,0.13651533703072605,0.09779512589650015,0.22599329386165726,0.13651533703072602,0.23239981771829785
1708,50,30,0.3,cosine,10,5.0,0.1,eom,euclidean,0.011170804386534646,0.06644044530892519,0.044901462205374304,0.1276950588567504,0.06644044530892519,0.22687983834150935
1709,50,30,0.3,cosine,10,5.0,0.1,eom,cosine,-0.0016260563030917555,0.08029944960611313,0.055612068276173335,0.14440302926261928,0.08029944960611314,0.19927566452367582
1710,50,30,0.3,cosine,10,5.0,0.1,leaf,euclidean,-0.0030358414900628393,0.1561760787481709,0.1256512226318496,0.20629102066410096,0.15617607874817088,0.17435421489844008
1711,50,30,0.3,cosine,10,5.0,0.1,leaf,cosine,-0.0013774892753035603,0.05752627223489475,0.03787453653553818,0.11956344796283128,0.05752627223489475,0.22752151321056424
1712,50,30,0.3,cosine,20,,0.0,eom,euclidean,0.0018772993907972871,0.09670537544924189,0.06655450772602461,0.17680041493071413,0.09670537544924189,0.21167337063724664
1713,50,30,0.3,cosine,20,,0.0,eom,cosine,0.003560259599241179,0.08546640441357259,0.057346413805310116,0.16769728409488785,0.0854664044135726,0.22753016230448347
1714,50,30,0.3,cosine,20,,0.0,leaf,euclidean,0.008976908470520555,0.09420417573370486,0.06196626138982582,0.1963607518610334,0.09420417573370486,0.24483694032233536
1715,50,30,0.3,cosine,20,,0.0,leaf,cosine,0.0,0.0,0.0,1.0,0.0,0.3156290382484226
1716,50,30,0.3,cosine,20,,0.1,eom,euclidean,0.007488854639676449,0.09677233898051928,0.0631785511165099,0.20665827584164329,0.09677233898051929,0.24711941689556008
1717,50,30,0.3,cosine,20,,0.1,eom,cosine,0.0,0.0,0.0,1.0,0.0,0.3156290382484226
1718,50,30,0.3,cosine,20,,0.1,leaf,euclidean,0.010314598838811199,0.09550555970681861,0.06459485120193124,0.18314752652916752,0.09550555970681861,0.23105326986336064
1719,50,30,0.3,cosine,20,,0.1,leaf,cosine,0.0,0.0,0.0,1.0,0.0,0.3156290382484226
1720,50,30,0.3,cosine,20,5.0,0.0,eom,euclidean,-0.0049537218094120716,0.08093366273006135,0.05645916632377924,0.14286366365686587,0.08093366273006135,0.19602694408987456
1721,50,30,0.3,cosine,20,5.0,0.0,eom,cosine,-0.004081181434214455,0.0581692846584843,0.041085520226549405,0.09957252052103262,0.05816928465848429,0.18866404985347238
1722,50,30,0.3,cosine,20,5.0,0.0,leaf,euclidean,-0.008910793477541066,0.09389388779592683,0.07037510613906324,0.14102242103854934,0.09389388779592685,0.1695853453009432
1723,50,30,0.3,cosine,20,5.0,0.0,leaf,cosine,-0.0015432110744801172,0.0733459969702637,0.05204480789789528,0.12416489887089815,0.07334599697026369,0.18854926378804607
1724,50,30,0.3,cosine,20,5.0,0.1,eom,euclidean,0.0027435961432410853,0.0838155311900626,0.059014175108935946,0.14457459440797082,0.08381553119006259,0.19884751539278245
1725,50,30,0.3,cosine,20,5.0,0.1,eom,cosine,0.004515150062081996,0.09076189876140625,0.06312695232566204,0.1614313396055598,0.09076189876140624,0.2078722383253994
1726,50,30,0.3,cosine,20,5.0,0.1,leaf,euclidean,-0.003087588184777785,0.10086702035072032,0.07424086805538277,0.15727186499937473,0.1008670203507203,0.1877586323543669
1727,50,30,0.3,cosine,20,5.0,0.1,leaf,cosine,0.0019818948015148533,0.06857732759717902,0.04826833375476069,0.11839025337679678,0.06857732759717904,0.1976853559326052
1728,100,10,0.0,euclidean,5,,0.0,eom,euclidean,0.027546043858211085,0.23403115721693926,0.2112445349958962,0.26232808298108523,0.23403115721693923,0.14873653942478168
1729,100,10,0.0,euclidean,5,,0.0,eom,cosine,0.007373175931644317,0.17221815770106302,0.14380196232769993,0.21463053615334435,0.17221815770106302,0.1600312340570491
1730,100,10,0.0,euclidean,5,,0.0,leaf,euclidean,0.017017228655014115,0.26671114008707725,0.24467646962689507,0.2931073159259081,0.2667111400870772,0.1514926935065599
1731,100,10,0.0,euclidean,5,,0.0,leaf,cosine,0.01656529019061223,0.23494184355808032,0.20523905106788692,0.27469675734633586,0.23494184355808032,0.1656072471317052
1732,100,10,0.0,euclidean,5,,0.1,eom,euclidean,0.03335247551200632,0.16455634294146373,0.13643568429461733,0.20727832652920922,0.16455634294146373,0.17594606277689917
1733,100,10,0.0,euclidean,5,,0.1,eom,cosine,0.01433485359111545,0.08954474066160013,0.05383038459455263,0.2660753056838577,0.08954474066160013,0.2907406212653856
1734,100,10,0.0,euclidean,5,,0.1,leaf,euclidean,0.03597060637279932,0.25861619605380687,0.23784910578638915,0.28335664207936095,0.25861619605380687,0.15834047875279467
1735,100,10,0.0,euclidean,5,,0.1,leaf,cosine,0.006783815600625702,0.07670069115746758,0.05216583262853023,0.14480688965185623,0.0767006911574676,0.216332183057612
1736,100,10,0.0,euclidean,5,5.0,0.0,eom,euclidean,0.01041197835393546,0.1051200815318461,0.07380263465319134,0.18260808951063062,0.10512008153184613,0.21585274440043783
1737,100,10,0.0,euclidean,5,5.0,0.0,eom,cosine,0.035233701812598134,0.20083955601509335,0.1731239944467104,0.23912056193694908,0.20083955601509332,0.16533494170155713
1738,100,10,0.0,euclidean,5,5.0,0.0,leaf,euclidean,0.028683212234365152,0.23423502517068384,0.21188771815692992,0.2618519433217665,0.2342350251706838,0.1560464182480696
1739,100,10,0.0,euclidean,5,5.0,0.0,leaf,cosine,0.005848080940096047,0.25091950563022736,0.22827311440651882,0.27855414962107555,0.25091950563022736,0.14665027478650092
1740,100,10,0.0,euclidean,5,5.0,0.1,eom,euclidean,0.029549060170062792,0.25348405621397757,0.23424299817103875,0.27616897447874655,0.2534840562139775,0.14656356741211807
1741,100,10,0.0,euclidean,5,5.0,0.1,eom,cosine,0.007225681252580902,0.07382445155930203,0.043740565334806074,0.23645010772040848,0.07382445155930203,0.2865733424506928
1742,100,10,0.0,euclidean,5,5.0,0.1,leaf,euclidean,0.020847134508089327,0.24914230927641234,0.22644751031308563,0.27689278476618967,0.24914230927641234,0.1543769841734397
1743,100,10,0.0,euclidean,5,5.0,0.1,leaf,cosine,0.007635237759080254,0.0672851109272129,0.038432858698669435,0.26991601928889875,0.0672851109272129,0.29586747710962125
1744,100,10,0.0,euclidean,10,,0.0,eom,euclidean,0.009967624563780164,0.14639073356273874,0.11216747091936194,0.2106670747314743,0.14639073356273874,0.18791351398832418
1745,100,10,0.0,euclidean,10,,0.0,eom,cosine,0.016414682870945704,0.13160420193505498,0.09672130190107221,0.20584182906551626,0.13160420193505498,0.20365040989814667
1746,100,10,0.0,euclidean,10,,0.0,leaf,euclidean,0.02932208928000823,0.1880324013618176,0.1509070510080824,0.24938469912381214,0.18803240136181762,0.19188297852620465
1747,100,10,0.0,euclidean,10,,0.0,leaf,cosine,0.008173522739972634,0.17627096703393189,0.14115571535954433,0.23464301818472882,0.17627096703393186,0.1757245086693365
1748,100,10,0.0,euclidean,10,,0.1,eom,euclidean,0.010291413860239225,0.1122448407646118,0.0815102827609551,0.1801866689823431,0.11224484076461179,0.20432826680971564
1749,100,10,0.0,euclidean,10,,0.1,eom,cosine,0.007701714871401925,0.08229138250845906,0.05196763427330823,0.19758413357496066,0.08229138250845908,0.2621911181600226
1750,100,10,0.0,euclidean,10,,0.1,leaf,euclidean,0.028563976873969082,0.15631897449086343,0.12207816969485082,0.2172553140272208,0.15631897449086343,0.195470831471406
1751,100,10,0.0,euclidean,10,,0.1,leaf,cosine,0.012852270070848427,0.0914007317077409,0.05674123904604931,0.2348632520517737,0.09140073170774092,0.2760577217001649
1752,100,10,0.0,euclidean,10,5.0,0.0,eom,euclidean,0.01969478539059314,0.1373039365521611,0.10577111370007511,0.1956239848552482,0.1373039365521611,0.1933385054952439
1753,100,10,0.0,euclidean,10,5.0,0.0,eom,cosine,0.027079856724735778,0.20115314373178667,0.177594043974459,0.23191880540526413,0.2011531437317867,0.15333496952326786
1754,100,10,0.0,euclidean,10,5.0,0.0,leaf,euclidean,0.02923553769478319,0.21007097021487103,0.18857844469461166,0.23709273070025022,0.21007097021487106,0.14709050138407284
1755,100,10,0.0,euclidean,10,5.0,0.0,leaf,cosine,0.02048687201009085,0.23447090412099275,0.21508791014030076,0.2576933566398559,0.23447090412099275,0.13470230810111197
1756,100,10,0.0,euclidean,10,5.0,0.1,eom,euclidean,0.010989920862470602,0.10944530758565567,0.07889113843149742,0.1786265262490423,0.10944530758565567,0.2072815342264049
1757,100,10,0.0,euclidean,10,5.0,0.1,eom,cosine,0.009118122485807819,0.08282362258558111,0.04970462398639624,0.24820993611623293,0.08282362258558111,0.28421087359122044
1758,100,10,0.0,euclidean,10,5.0,0.1,leaf,euclidean,0.022469869736995777,0.2076244496076308,0.18701611422987657,0.23333715558598542,0.2076244496076308,0.13873979716889936
1759,100,10,0.0,euclidean,10,5.0,0.1,leaf,cosine,0.003320347146443335,0.06786775051194496,0.04615835477691489,0.1281307601143578,0.06786775051194496,0.21259736449220842
1760,100,10,0.0,euclidean,20,,0.0,eom,euclidean,0.03266375415623446,0.12284599880167289,0.0868923228463732,0.20955354803762394,0.12284599880167289,0.22574193550965208
1761,100,10,0.0,euclidean,20,,0.0,eom,cosine,0.029889513607492885,0.1287515780497295,0.09138771272972422,0.21779848701021196,0.1287515780497295,0.22032725857003002
1762,100,10,0.0,euclidean,20,,0.0,leaf,euclidean,0.013687913489470589,0.10266829200132299,0.07332528025375742,0.17116400631112938,0.10266829200132299,0.20002842437269513
1763,100,10,0.0,euclidean,20,,0.0,leaf,cosine,0.030854504416623445,0.12116786255041083,0.08637225916472945,0.2029123809708463,0.12116786255041083,0.2188474398614332
1764,100,10,0.0,euclidean,20,,0.1,eom,euclidean,0.018242378634210202,0.11469454176265897,0.08138263481208416,0.19417521686173056,0.11469454176265896,0.20865369421106786
1765,100,10,0.0,euclidean,20,,0.1,eom,cosine,0.023256893673352423,0.11709700086318986,0.0831397720168885,0.19794458212256735,0.11709700086318986,0.21329469690738287
1766,100,10,0.0,euclidean,20,,0.1,leaf,euclidean,0.04300047111118297,0.1485297145684522,0.10428525908841049,0.25798221934424104,0.1485297145684522,0.24211442611566988
1767,100,10,0.0,euclidean,20,,0.1,leaf,cosine,0.008664374465666634,0.09959659635380834,0.07125511463473064,0.16537324873818907,0.09959659635380834,0.19393794379798301
1768,100,10,0.0,euclidean,20,5.0,0.0,eom,euclidean,0.02009027923150871,0.12079843261236538,0.0938152945681616,0.16957017592031082,0.12079843261236539,0.17618157898960393
1769,100,10,0.0,euclidean,20,5.0,0.0,eom,cosine,0.006009883616881862,0.09003853676365917,0.06277658978468237,0.15915441746515913,0.09003853676365917,0.20748749040824715
1770,100,10,0.0,euclidean,20,5.0,0.0,leaf,euclidean,0.035579917191232546,0.15561896106737727,0.12596028161789471,0.20354602332421645,0.15561896106737727,0.18161986027613505
1771,100,10,0.0,euclidean,20,5.0,0.0,leaf,cosine,0.03407665718393442,0.1351069214372508,0.10465891398609763,0.19053996683047342,0.1351069214372508,0.19110793607591028
1772,100,10,0.0,euclidean,20,5.0,0.1,eom,euclidean,0.04029482176301416,0.15221052920182274,0.11724834225267719,0.21688256252203916,0.1522105292018227,0.20006248003364768
1773,100,10,0.0,euclidean,20,5.0,0.1,eom,cosine,0.011606409166149724,0.08663569731582185,0.06046284696649596,0.15276294620627787,0.08663569731582185,0.21269020094160765
1774,100,10,0.0,euclidean,20,5.0,0.1,leaf,euclidean,0.016041449798255607,0.12802125108638346,0.09711922130038365,0.18776580418258396,0.12802125108638346,0.18624316536198543
1775,100,10,0.0,euclidean,20,5.0,0.1,leaf,cosine,0.013849477471033057,0.09091395214466874,0.06344463823215925,0.1603321975036055,0.09091395214466874,0.2147755502691402
1776,100,10,0.0,cosine,5,,0.0,eom,euclidean,0.016625958126512793,0.20742438593033882,0.19167224072248917,0.22599747183769517,0.2074243859303388,0.1262111688721155
1777,100,10,0.0,cosine,5,,0.0,eom,cosine,0.0065025701159337305,0.19466681713293804,0.18249776541011253,0.20857469276427587,0.19466681713293807,0.11709850975904952
1778,100,10,0.0,cosine,5,,0.0,leaf,euclidean,-0.008317132762710434,0.19391581250568923,0.177403982069575,0.2138167522499083,0.19391581250568923,0.1176045221219432
1779,100,10,0.0,cosine,5,,0.0,leaf,cosine,0.003433330095746965,0.2158679755545771,0.2034052743362491,0.22995754205623184,0.2158679755545771,0.11674605257604238
1780,100,10,0.0,cosine,5,,0.1,eom,euclidean,0.005143941823528493,0.22101704234453393,0.20794067666334962,0.23584838653939488,0.22101704234453393,0.11830345872900369
1781,100,10,0.0,cosine,5,,0.1,eom,cosine,-0.0030879671094017785,0.07219840593136012,0.048526563466021855,0.14096076666792579,0.07219840593136011,0.21719385830693005
1782,100,10,0.0,cosine,5,,0.1,leaf,euclidean,0.010433741856252822,0.20870538431309196,0.19557075736706275,0.22373128602594744,0.208705384313092,0.12048185403253846
1783,100,10,0.0,cosine,5,,0.1,leaf,cosine,-0.0017073091233943257,0.0596981381515503,0.03615195047276494,0.17120773800391245,0.059698138151550284,0.2672464169988158
1784,100,10,0.0,cosine,5,5.0,0.0,eom,euclidean,-0.0006584295175308743,0.1931479720998519,0.18073981431599562,0.20738540410058348,0.19314797209985193,0.11173386023238527
1785,100,10,0.0,cosine,5,5.0,0.0,eom,cosine,0.0038979299207884954,0.2112982438181518,0.1960142910464491,0.22916725468865057,0.21129824381815182,0.12180920815732106
1786,100,10,0.0,cosine,5,5.0,0.0,leaf,euclidean,-0.0027116768517524204,0.21893426740426297,0.2042880468224697,0.23584277138189638,0.21893426740426297,0.11631208789851438
1787,100,10,0.0,cosine,5,5.0,0.0,leaf,cosine,0.0130243438123807,0.20707347416905283,0.19251112548348748,0.22401922782155206,0.20707347416905283,0.1277594885000675
1788,100,10,0.0,cosine,5,5.0,0.1,eom,euclidean,0.0037120865152186666,0.22965292484304167,0.21616494062370795,0.2449361375040146,0.2296529248430417,0.11765194321800758
1789,100,10,0.0,cosine,5,5.0,0.1,eom,cosine,0.005036684331039136,0.06481349719083113,0.038084934802297285,0.2173597100276549,0.06481349719083113,0.2855785890962493
1790,100,10,0.0,cosine,5,5.0,0.1,leaf,euclidean,0.0010670135054135978,0.21358418791882178,0.19909947232719336,0.23034182025318797,0.21358418791882178,0.11952393394111
1791,100,10,0.0,cosine,5,5.0,0.1,leaf,cosine,0.004488847855421083,0.06524726718572894,0.04170371135738339,0.14983644788838876,0.06524726718572894,0.24980048683007097
1792,100,10,0.0,cosine,10,,0.0,eom,euclidean,0.006838394489294376,0.15478735660648918,0.12492595225550981,0.20340871910102784,0.15478735660648918,0.1667657885343823
1793,100,10,0.0,cosine,10,,0.0,eom,cosine,0.008748041004033605,0.14076494738543824,0.11133598617770192,0.19134139278232742,0.14076494738543824,0.16879814739783044
1794,100,10,0.0,cosine,10,,0.0,leaf,euclidean,0.0014569832853114687,0.14244469768420664,0.11667577966333907,0.18282279094154408,0.14244469768420664,0.1533256732160893
1795,100,10,0.0,cosine,10,,0.0,leaf,cosine,-0.013763686649309811,0.1357339994014154,0.10884761008652416,0.18025989978230314,0.13573399940141542,0.15136583904870907
1796,100,10,0.0,cosine,10,,0.1,eom,euclidean,-0.0009021964338799734,0.11725851687534822,0.09416017050149425,0.15537290348617122,0.11725851687534822,0.15103293334070042
1797,100,10,0.0,cosine,10,,0.1,eom,cosine,-0.0026643227236862648,0.07374515636915413,0.0526419276168627,0.12308964299222065,0.07374515636915413,0.18365939396668285
1798,100,10,0.0,cosine,10,,0.1,leaf,euclidean,-0.005815315025045147,0.1332164362279815,0.10564906904337867,0.18024956082820093,0.1332164362279815,0.16623879767240746
1799,100,10,0.0,cosine,10,,0.1,leaf,cosine,0.009231500304273678,0.07599942725718702,0.04522851843804315,0.23775309941202438,0.07599942725718702,0.2875508687261246
1800,100,10,0.0,cosine,10,5.0,0.0,eom,euclidean,0.007502657396623496,0.1712473468971173,0.14745104363374315,0.20420244257405198,0.17124734689711726,0.14164786801536444
1801,100,10,0.0,cosine,10,5.0,0.0,eom,cosine,0.011877095303553239,0.1909606724552564,0.17163144697089763,0.21519618169803306,0.19096067245525639,0.13015185477780286
1802,100,10,0.0,cosine,10,5.0,0.0,leaf,euclidean,0.013161502604880724,0.1994495647579852,0.1833058272910987,0.21871147644336614,0.1994495647579852,0.12608450904019652
1803,100,10,0.0,cosine,10,5.0,0.0,leaf,cosine,-0.001933998565708785,0.19512326032925584,0.18174500181457004,0.21062756579808367,0.19512326032925587,0.11433649838415007
1804,100,10,0.0,cosine,10,5.0,0.1,eom,euclidean,0.007379769826727103,0.18234191969332714,0.16234954754525321,0.20794967361603836,0.18234191969332716,0.13210688887171723
1805,100,10,0.0,cosine,10,5.0,0.1,eom,cosine,0.009258815464280224,0.07815262380649209,0.04485493476470949,0.30331888120860195,0.0781526238064921,0.29924350751682455
1806,100,10,0.0,cosine,10,5.0,0.1,leaf,euclidean,0.010663471407753889,0.1672802144941838,0.1451264422611297,0.19741607939940617,0.16728021449418376,0.14002796383834384
1807,100,10,0.0,cosine,10,5.0,0.1,leaf,cosine,0.00829408286843236,0.07418589862447346,0.04302683285603752,0.26896249621589513,0.07418589862447346,0.2932528821762241
1808,100,10,0.0,cosine,20,,0.0,eom,euclidean,0.0,0.0,0.0,1.0,0.0,0.3156290382484226
1809,100,10,0.0,cosine,20,,0.0,eom,cosine,0.0,0.0,0.0,1.0,0.0,0.3156290382484226
1810,100,10,0.0,cosine,20,,0.0,leaf,euclidean,0.0,0.0,0.0,1.0,0.0,0.3156290382484226
1811,100,10,0.0,cosine,20,,0.0,leaf,cosine,-0.00038890720307850754,0.08637422182205914,0.06042186167070131,0.15140605616005814,0.08637422182205914,0.19977725765258014
1812,100,10,0.0,cosine,20,,0.1,eom,euclidean,-0.0013116965858411722,0.0821482423792881,0.05603760171683745,0.15382084668814014,0.0821482423792881,0.2140322343767875
1813,100,10,0.0,cosine,20,,0.1,eom,cosine,-0.0019669863538612402,0.08658838494051209,0.058288418694596895,0.16830145017114306,0.08658838494051209,0.2205333516867109
1814,100,10,0.0,cosine,20,,0.1,leaf,euclidean,-0.0007483987747145641,0.09317053356668034,0.06167496124094532,0.19040442013811268,0.09317053356668034,0.23075080710817356
1815,100,10,0.0,cosine,20,,0.1,leaf,cosine,0.0,0.0,0.0,1.0,0.0,0.3156290382484226
1816,100,10,0.0,cosine,20,5.0,0.0,eom,euclidean,-0.0028226704459315757,0.06756739788873381,0.03999685998657298,0.21748058151516972,0.0675673978887338,0.2698602650578175
1817,100,10,0.0,cosine,20,5.0,0.0,eom,cosine,-0.002149390763579651,0.10934484591756273,0.08368136073377738,0.1577121776498438,0.10934484591756274,0.1626188583455106
1818,100,10,0.0,cosine,20,5.0,0.0,leaf,euclidean,-0.004844977125569778,0.11203793662481372,0.09030135861382178,0.14755648314715644,0.1120379366248137,0.1460000172903372
1819,100,10,0.0,cosine,20,5.0,0.0,leaf,cosine,0.000879826855788522,0.10328083846839853,0.07814510162569957,0.1522540715426322,0.10328083846839851,0.17353550173480525
1820,100,10,0.0,cosine,20,5.0,0.1,eom,euclidean,-0.00012066132419044263,0.10495148209968981,0.08127016170773298,0.14810896914801172,0.10495148209968981,0.15875277836034807
1821,100,10,0.0,cosine,20,5.0,0.1,eom,cosine,0.005546580103283911,0.08807153222059363,0.057188126692328665,0.19147307858559062,0.08807153222059365,0.24759495367305914
1822,100,10,0.0,cosine,20,5.0,0.1,leaf,euclidean,-0.012501841786875686,0.10511414331155564,0.08431038149432035,0.13954787025522702,0.10511414331155562,0.14287259193610075
1823,100,10,0.0,cosine,20,5.0,0.1,leaf,cosine,-0.00014566176627326148,0.08115963043637625,0.05783603772898561,0.1360075023676737,0.08115963043637626,0.18783246053400593
1824,100,10,0.1,euclidean,5,,0.0,eom,euclidean,0.023090869649886978,0.19460661798820653,0.1673968045630753,0.2323790940487305,0.19460661798820653,0.15587608924455404
1825,100,10,0.1,euclidean,5,,0.0,eom,cosine,0.005125354597507929,0.21660947285941884,0.19251879531672328,0.24759164514938425,0.2166094728594188,0.14032753732671005
1826,100,10,0.1,euclidean,5,,0.0,leaf,euclidean,0.021763656901086673,0.2092496892014315,0.1864455884791739,0.2384094765760049,0.20924968920143147,0.14482723504606027
1827,100,10,0.1,euclidean,5,,0.0,leaf,cosine,0.021278997031121207,0.244391201436419,0.2123666555257555,0.28778936988009035,0.24439120143641896,0.1747301806307535
1828,100,10,0.1,euclidean,5,,0.1,eom,euclidean,0.02807473291340817,0.17076747671192113,0.1420876299913992,0.21395309339265806,0.17076747671192113,0.16827279882199073
1829,100,10,0.1,euclidean,5,,0.1,eom,cosine,-0.004220105306340315,0.058426440558018725,0.040671259127443384,0.1036947480830943,0.058426440558018725,0.19535728060038152
1830,100,10,0.1,euclidean,5,,0.1,leaf,euclidean,0.012509643315167105,0.24044536051650264,0.21832139426378816,0.26755889149198836,0.24044536051650264,0.1455102054530187
1831,100,10,0.1,euclidean,5,,0.1,leaf,cosine,0.009351938454777631,0.08440125291085042,0.05246190492647602,0.21575530370686138,0.08440125291085042,0.2715854362658219
1832,100,10,0.1,euclidean,5,5.0,0.0,eom,euclidean,0.026905179474913762,0.19099227956259493,0.16412156767791247,0.22838438532881886,0.19099227956259493,0.16022180845575557
1833,100,10,0.1,euclidean,5,5.0,0.0,eom,cosine,0.02151437388496277,0.20159641840733988,0.17658051268460928,0.2348701298496597,0.20159641840733988,0.1561622776237599
1834,100,10,0.1,euclidean,5,5.0,0.0,leaf,euclidean,0.009436287415221293,0.20903474042169137,0.18433673777914136,0.24137488999066847,0.20903474042169135,0.1545015136513278
1835,100,10,0.1,euclidean,5,5.0,0.0,leaf,cosine,0.019726720554848035,0.22883073384978722,0.2072137185465573,0.25548334884260243,0.22883073384978722,0.1456389874154993
1836,100,10,0.1,euclidean,5,5.0,0.1,eom,euclidean,0.03812017894781399,0.18564478898831244,0.15332171014422616,0.2352371776540844,0.1856447889883124,0.18099724382161736
1837,100,10,0.1,euclidean,5,5.0,0.1,eom,cosine,0.012189448352906456,0.09361409589482543,0.05491090583856764,0.317159732678309,0.09361409589482544,0.29634633846497355
1838,100,10,0.1,euclidean,5,5.0,0.1,leaf,euclidean,0.01408848817922886,0.2417216965802215,0.2204996930322486,0.2674637589040235,0.2417216965802215,0.1456025359393406
1839,100,10,0.1,euclidean,5,5.0,0.1,leaf,cosine,0.00961162428930308,0.09996668211563042,0.06305821069933212,0.24106244561491638,0.09996668211563044,0.2657130657537232
1840,100,10,0.1,euclidean,10,,0.0,eom,euclidean,0.02542730272134157,0.11124395244593387,0.07971311070609212,0.18404283747860348,0.11124395244593387,0.2099211914195099
1841,100,10,0.1,euclidean,10,,0.0,eom,cosine,0.02907748312787743,0.1369118148064621,0.1024666965674226,0.20624192688594412,0.1369118148064621,0.20228995805777342
1842,100,10,0.1,euclidean,10,,0.0,leaf,euclidean,0.013773105237067146,0.1563142664113504,0.11990677413314162,0.2244706663338356,0.15631426641135043,0.2075329445831547
1843,100,10,0.1,euclidean,10,,0.0,leaf,cosine,0.028614891187053525,0.14601092695250806,0.10828984703155861,0.22405805843030105,0.14601092695250806,0.21063712579161906
1844,100,10,0.1,euclidean,10,,0.1,eom,euclidean,0.012535518570123133,0.0827285815652965,0.059093613401424286,0.13787133669423082,0.08272858156529649,0.19895750259559922
1845,100,10,0.1,euclidean,10,,0.1,eom,cosine,0.010999477413404813,0.08602086043600532,0.0537007006253047,0.2160553614551111,0.08602086043600532,0.27087964822216754
1846,100,10,0.1,euclidean,10,,0.1,leaf,euclidean,0.008810328158060165,0.18310515515408668,0.14218675492266047,0.2570904593083454,0.18310515515408668,0.196401254755605
1847,100,10,0.1,euclidean,10,,0.1,leaf,cosine,0.018535067329405092,0.09702871799425201,0.06977965861706882,0.1591943433362486,0.09702871799425201,0.20045678734013553
1848,100,10,0.1,euclidean,10,5.0,0.0,eom,euclidean,0.0028495008262006466,0.14159026108493136,0.11479073263829045,0.18471448315431227,0.1415902610849314,0.16205318643992836
1849,100,10,0.1,euclidean,10,5.0,0.0,eom,cosine,0.007398429814355541,0.1323776551985723,0.10298928570240086,0.1852351961714542,0.13237765519857228,0.1756951848737208
1850,100,10,0.1,euclidean,10,5.0,0.0,leaf,euclidean,0.013693909463992734,0.19144867411947988,0.1704122588499534,0.218410154068607,0.19144867411947988,0.13690211612284986
1851,100,10,0.1,euclidean,10,5.0,0.0,leaf,cosine,0.027622945586155547,0.19121988004120616,0.15597451138700869,0.24704414097362531,0.19121988004120616,0.18464745961857223
1852,100,10,0.1,euclidean,10,5.0,0.1,eom,euclidean,0.049150903769854856,0.20154486097907606,0.1675283959702883,0.2528949063407352,0.2015448609790761,0.1890142729497094
1853,100,10,0.1,euclidean,10,5.0,0.1,eom,cosine,0.00865368123082098,0.08936576651614037,0.057150416856932,0.2048236232386385,0.08936576651614037,0.25751706048093836
1854,100,10,0.1,euclidean,10,5.0,0.1,leaf,euclidean,0.014866314353268411,0.1655851640898894,0.1437089882880373,0.19531746761214205,0.1655851640898894,0.14355579291180476
1855,100,10,0.1,euclidean,10,5.0,0.1,leaf,cosine,0.010734988719974527,0.09179485827602192,0.05726139505143228,0.23127056537654767,0.0917948582760219,0.27175514139659923
1856,100,10,0.1,euclidean,20,,0.0,eom,euclidean,0.028478010853726907,0.11897806064014958,0.0822581207891057,0.21491661462504416,0.11897806064014958,0.23685999479954206
1857,100,10,0.1,euclidean,20,,0.0,eom,cosine,0.02327145631150776,0.1109503046321301,0.07734145171097787,0.1962165036032698,0.11095030463213011,0.22614328459407426
1858,100,10,0.1,euclidean,20,,0.0,leaf,euclidean,0.03435880103718246,0.14733300903596083,0.09857743833826904,0.2915127694170437,0.14733300903596083,0.2635498891656028
1859,100,10,0.1,euclidean,20,,0.0,leaf,cosine,0.022895768961413654,0.11423188430113834,0.08127431628832872,0.19215114067613118,0.11423188430113833,0.21171623449163435
1860,100,10,0.1,euclidean,20,,0.1,eom,euclidean,0.018279903853040538,0.11042848865402982,0.07591735275850169,0.2024681113823963,0.11042848865402982,0.22927059081756956
1861,100,10,0.1,euclidean,20,,0.1,eom,cosine,0.017077304132446878,0.11898481308784867,0.08300357509503192,0.21003134843844945,0.11898481308784868,0.21929954932428888
1862,100,10,0.1,euclidean,20,,0.1,leaf,euclidean,0.027065911454846155,0.12157546273138771,0.08537255056326544,0.21108976348121808,0.12157546273138771,0.22511928305149834
1863,100,10,0.1,euclidean,20,,0.1,leaf,cosine,0.0354243240310715,0.1303818655515289,0.091321775170259,0.2278285413156879,0.1303818655515289,0.2362348579116517
1864,100,10,0.1,euclidean,20,5.0,0.0,eom,euclidean,0.008132414736291524,0.08179863676398356,0.05822536059754574,0.13744498203100813,0.08179863676398355,0.19715551751561822
1865,100,10,0.1,euclidean,20,5.0,0.0,eom,cosine,0.0018112033037824104,0.0650114278034945,0.044327993703194825,0.12188115197358741,0.0650114278034945,0.21362883292113102
1866,100,10,0.1,euclidean,20,5.0,0.0,leaf,euclidean,-0.007066766523150146,0.09544259312034449,0.06929178616417975,0.15329711737792562,0.0954425931203445,0.19159701485318378
1867,100,10,0.1,euclidean,20,5.0,0.0,leaf,cosine,0.010031933742796805,0.07825910289668725,0.055742193200144015,0.13129561506568704,0.07825910289668725,0.19860989949230376
1868,100,10,0.1,euclidean,20,5.0,0.1,eom,euclidean,0.006009883616881862,0.0845520625322709,0.058951315023807925,0.14945638547107815,0.0845520625322709,0.20748749040824715
1869,100,10,0.1,euclidean,20,5.0,0.1,eom,cosine,0.019458981108648108,0.08992419961512814,0.06460505977301963,0.1478788915059922,0.08992419961512814,0.20205684950333458
1870,100,10,0.1,euclidean,20,5.0,0.1,leaf,euclidean,0.023533348232685162,0.1279980309943297,0.0994215997620773,0.17962790225412234,0.1279980309943297,0.17934763575746995
1871,100,10,0.1,euclidean,20,5.0,0.1,leaf,cosine,0.008625379710665201,0.08441578402737578,0.059399876683591306,0.14583212053908162,0.08441578402737578,0.20497532788562628
1872,100,10,0.1,cosine,5,,0.0,eom,euclidean,0.002004958679992131,0.20652985059573695,0.1905830782522118,0.22538895605181875,0.20652985059573695,0.12269080804917568
1873,100,10,0.1,cosine,5,,0.0,eom,cosine,0.003795442377709048,0.18601119423938742,0.16966515562123283,0.20584268181823268,0.1860111942393874,0.12350233112850027
1874,100,10,0.1,cosine,5,,0.0,leaf,euclidean,-0.0031461174943795923,0.19539726867154766,0.1816762966588468,0.2113600877155346,0.1953972686715477,0.11327663150410841
1875,100,10,0.1,cosine,5,,0.0,leaf,cosine,0.002579899830033456,0.18293197564574634,0.16678935977378548,0.20253412924737096,0.18293197564574634,0.12171108999190178
1876,100,10,0.1,cosine,5,,0.1,eom,euclidean,0.0002828149039928034,0.20421840760086948,0.18891105771039574,0.22222518094965368,0.20421840760086946,0.11992580294509579
1877,100,10,0.1,cosine,5,,0.1,eom,cosine,-0.0033111697044165087,0.05241138965085588,0.030613096126628353,0.18202051502263095,0.052411389650855886,0.2776684661118827
1878,100,10,0.1,cosine,5,,0.1,leaf,euclidean,-0.002920902612902946,0.1969570583174138,0.17891278489435958,0.21904930608159964,0.19695705831741378,0.1274225190428024
1879,100,10,0.1,cosine,5,,0.1,leaf,cosine,-0.00917114167417676,0.039655985262289244,0.02453159687627331,0.10341268030717354,0.03965598526228924,0.2470682237556341
1880,100,10,0.1,cosine,5,5.0,0.0,eom,euclidean,0.0022934595641883352,0.20330749769278395,0.1845044413330735,0.22637792850471497,0.20330749769278395,0.13923956514710023
1881,100,10,0.1,cosine,5,5.0,0.0,eom,cosine,0.011832723937953335,0.1733023428221741,0.1471856026239054,0.21068678810857505,0.1733023428221741,0.1498779701883111
1882,100,10,0.1,cosine,5,5.0,0.0,leaf,euclidean,0.0033480676214961177,0.2082350132764817,0.19141539466265758,0.22829525519422092,0.2082350132764817,0.1257424932634615
1883,100,10,0.1,cosine,5,5.0,0.0,leaf,cosine,0.009625401045718832,0.2311954613583724,0.20972971897763418,0.257556225126477,0.23119546135837243,0.14523488751884275
1884,100,10,0.1,cosine,5,5.0,0.1,eom,euclidean,0.003358585327744651,0.21898580101872842,0.2032972704525504,0.237298196458952,0.2189858010187284,0.12526241210560585
1885,100,10,0.1,cosine,5,5.0,0.1,eom,cosine,-0.00734454933869412,0.06093269660414201,0.03967820181533771,0.13122765301955633,0.06093269660414201,0.22862901182194517
1886,100,10,0.1,cosine,5,5.0,0.1,leaf,euclidean,0.004037300343627608,0.20201079283139284,0.1855348073849434,0.22169818237162423,0.20201079283139284,0.1270203838985204
1887,100,10,0.1,cosine,5,5.0,0.1,leaf,cosine,0.010973913454379838,0.06690127876163658,0.042158310280745265,0.16195173776235397,0.06690127876163658,0.26335305036269147
1888,100,10,0.1,cosine,10,,0.0,eom,euclidean,-0.00798438269543124,0.10674479537315094,0.08184214197663617,0.15342994670391838,0.10674479537315094,0.17207860051211726
1889,100,10,0.1,cosine,10,,0.0,eom,cosine,0.0002787147548469611,0.12692005429755696,0.09850364207443031,0.1783789661414513,0.12692005429755696,0.17306624255953038
1890,100,10,0.1,cosine,10,,0.0,leaf,euclidean,-0.00444090083882829,0.09748758434766838,0.07147135048180421,0.15328459868241318,0.0974875843476684,0.1869081573813912
1891,100,10,0.1,cosine,10,,0.0,leaf,cosine,-0.003186919979222736,0.10742604785390891,0.075654395164828,0.18520384590427733,0.10742604785390891,0.22186510377971733
1892,100,10,0.1,cosine,10,,0.1,eom,euclidean,0.008998886189341264,0.1480937244466459,0.11273996896510592,0.21575008191333012,0.1480937244466459,0.19250032942792897
1893,100,10,0.1,cosine,10,,0.1,eom,cosine,-0.0016340554319129992,0.08882777805134695,0.06331614236049474,0.1487714755760016,0.08882777805134694,0.18547197063518767
1894,100,10,0.1,cosine,10,,0.1,leaf,euclidean,-0.0076125269738622405,0.11976542785807284,0.09441791570546021,0.16371704073337068,0.11976542785807284,0.16867724204780815
1895,100,10,0.1,cosine,10,,0.1,leaf,cosine,-0.004913570404067643,0.07769869660013488,0.053209570284942394,0.14395022103933355,0.0776986966001349,0.20785235359320775
1896,100,10,0.1,cosine,10,5.0,0.0,eom,euclidean,0.003757101175583061,0.17389344102053156,0.15279193508136735,0.201757375418635,0.1738934410205315,0.13749691190606747
1897,100,10,0.1,cosine,10,5.0,0.0,eom,cosine,-0.008846216565670728,0.1490971366963755,0.12731767634163565,0.1798656611338848,0.1490971366963755,0.13089352825089334
1898,100,10,0.1,cosine,10,5.0,0.0,leaf,euclidean,-0.0043564011553908835,0.1540798165576252,0.1306114337231547,0.1878291273346365,0.15407981655762523,0.14025459094181084
1899,100,10,0.1,cosine,10,5.0,0.0,leaf,cosine,-0.002697676411188803,0.17362752318615893,0.15277680674064023,0.20106908720881528,0.1736275231861589,0.1282194843169654
1900,100,10,0.1,cosine,10,5.0,0.1,eom,euclidean,0.004607463454747362,0.18086317908293492,0.16014372593550366,0.20774075276625217,0.18086317908293492,0.13315036021515594
1901,100,10,0.1,cosine,10,5.0,0.1,eom,cosine,0.0119665247233483,0.07178522837790335,0.04462007015778302,0.1835049032589638,0.07178522837790335,0.27481859622136734
1902,100,10,0.1,cosine,10,5.0,0.1,leaf,euclidean,0.004743273978575721,0.18521499907633068,0.1641930041021895,0.21241037056551165,0.1852149990763307,0.13229087810678736
1903,100,10,0.1,cosine,10,5.0,0.1,leaf,cosine,0.008153924261687756,0.07491852637305543,0.04764038391735732,0.17528263603275196,0.07491852637305545,0.25973558437938393
1904,100,10,0.1,cosine,20,,0.0,eom,euclidean,-0.0025155123260103976,0.08632124188856712,0.05756370843745807,0.1724967234416759,0.08632124188856712,0.2249009267529043
1905,100,10,0.1,cosine,20,,0.0,eom,cosine,-0.001470851254813854,0.07610429552496234,0.050089502840384444,0.15834152528493226,0.07610429552496234,0.23265782394764975
1906,100,10,0.1,cosine,20,,0.0,leaf,euclidean,-0.0031811123794558637,0.07034576253732132,0.047885904450687584,0.13248502795681416,0.07034576253732133,0.21314688734992066
1907,100,10,0.1,cosine,20,,0.0,leaf,cosine,0.0026583784771848575,0.08620556207709029,0.058005844337403044,0.16776505321712096,0.08620556207709029,0.22581647235538127
1908,100,10,0.1,cosine,20,,0.1,eom,euclidean,-0.0006460863812540883,0.08014114480284104,0.054204904882044914,0.15366990755067778,0.08014114480284104,0.21950408192501372
1909,100,10,0.1,cosine,20,,0.1,eom,cosine,0.0008282364158890041,0.08883530136820088,0.05982014138330717,0.1725091217860034,0.08883530136820086,0.2235798539476444
1910,100,10,0.1,cosine,20,,0.1,leaf,euclidean,-0.005438779332862273,0.07142680453632672,0.04698360773995332,0.1488832202240277,0.07142680453632672,0.22819007722510543
1911,100,10,0.1,cosine,20,,0.1,leaf,cosine,0.0,0.0,0.0,1.0,0.0,0.3156290382484226
1912,100,10,0.1,cosine,20,5.0,0.0,eom,euclidean,-0.0038703243399664244,0.09550766367024303,0.07290421048397286,0.1384255663157956,0.09550766367024302,0.16234001691465788
1913,100,10,0.1,cosine,20,5.0,0.0,eom,cosine,-0.002927278639541962,0.08615097079966212,0.06596174664269497,0.12415021502652426,0.08615097079966212,0.1635204956231532
1914,100,10,0.1,cosine,20,5.0,0.0,leaf,euclidean,-0.0032045630862543198,0.10137558195682284,0.07820836024927472,0.1440453130915625,0.10137558195682284,0.15841378530545336
1915,100,10,0.1,cosine,20,5.0,0.0,leaf,cosine,-0.0031275237470175187,0.08590378618400532,0.06661454679533878,0.12091716035730204,0.08590378618400532,0.15504606471442445
1916,100,10,0.1,cosine,20,5.0,0.1,eom,euclidean,-0.001729202198218685,0.07566539296399678,0.05376114433348877,0.1276916040443626,0.07566539296399677,0.18829576482948812
1917,100,10,0.1,cosine,20,5.0,0.1,eom,cosine,0.0001709214594074262,0.056838231503201525,0.03982959185058742,0.09920022366475861,0.056838231503201525,0.19871581066280294
1918,100,10,0.1,cosine,20,5.0,0.1,leaf,euclidean,-0.007185676091071278,0.09660961862795128,0.07375888964488239,0.13997398661386623,0.09660961862795128,0.15929216269331045
1919,100,10,0.1,cosine,20,5.0,0.1,leaf,cosine,0.004714795916691035,0.07560993474628361,0.05053479479650808,0.1500779393901006,0.07560993474628362,0.23044747092312004
1920,100,10,0.3,euclidean,5,,0.0,eom,euclidean,0.02192675361644093,0.1927613205294663,0.16492235973389505,0.23190737969259462,0.19276132052946626,0.1571918361251855
1921,100,10,0.3,euclidean,5,,0.0,eom,cosine,-0.0015205473403761749,0.19083931585516306,0.15662020723186074,0.2441913801183176,0.19083931585516306,0.16437969730212695
1922,100,10,0.3,euclidean,5,,0.0,leaf,euclidean,0.011123645591553608,0.20561774941847294,0.17444924803386339,0.2503466977058411,0.20561774941847297,0.1712390890792454
1923,100,10,0.3,euclidean,5,,0.0,leaf,cosine,0.00879824527154487,0.2360784856931927,0.20721133987706306,0.27429061873424965,0.23607848569319267,0.15935294703938252
1924,100,10,0.3,euclidean,5,,0.1,eom,euclidean,0.014389158487568481,0.2207918637006706,0.1922997369235098,0.25919563362506404,0.22079186370067064,0.16045569887513833
1925,100,10,0.3,euclidean,5,,0.1,eom,cosine,0.011521998080353766,0.08128177410420107,0.05382839372379722,0.16588682940498437,0.08128177410420108,0.24024837326310844
1926,100,10,0.3,euclidean,5,,0.1,leaf,euclidean,0.0013664761347729358,0.22314501766644554,0.18992777199025324,0.27044409225694105,0.2231450176664455,0.16613682201166943
1927,100,10,0.3,euclidean,5,,0.1,leaf,cosine,0.008462277000022328,0.08101513940778886,0.05316216346052477,0.17017298882935153,0.08101513940778886,0.24082773240803726
1928,100,10,0.3,euclidean,5,5.0,0.0,eom,euclidean,0.027562838703818402,0.17134346625711974,0.14085513953665535,0.21867631430596338,0.17134346625711971,0.1727042255068283
1929,100,10,0.3,euclidean,5,5.0,0.0,eom,cosine,0.02706727065481323,0.19745068577803868,0.16072798556940607,0.2559233736051779,0.19745068577803868,0.18899651040274174
1930,100,10,0.3,euclidean,5,5.0,0.0,leaf,euclidean,0.004636714166147233,0.21467144497940754,0.18518231041521838,0.25533138459130056,0.21467144497940757,0.15561345823969583
1931,100,10,0.3,euclidean,5,5.0,0.0,leaf,cosine,0.004404169362286726,0.219712861262861,0.188067738244618,0.26416193605483546,0.21971286126286096,0.16034023147681736
1932,100,10,0.3,euclidean,5,5.0,0.1,eom,euclidean,0.023852250917032306,0.17757806258531977,0.14549889470819244,0.22780350960525778,0.1775780625853198,0.17279523468816682
1933,100,10,0.3,euclidean,5,5.0,0.1,eom,cosine,0.009861907455436658,0.09326442128862197,0.059733173690866524,0.21261718914153063,0.09326442128862197,0.25775960063251036
1934,100,10,0.3,euclidean,5,5.0,0.1,leaf,euclidean,0.021356159807710343,0.21570636505286048,0.1834848595970254,0.2616552590058636,0.2157063650528605,0.17532587821515083
1935,100,10,0.3,euclidean,5,5.0,0.1,leaf,cosine,0.006103775807432066,0.07552304526397259,0.04777108174095131,0.1802186055027877,0.07552304526397259,0.2600352782201259
1936,100,10,0.3,euclidean,10,,0.0,eom,euclidean,0.014797873725565677,0.13432419053430067,0.10021307516831532,0.20364056138714523,0.13432419053430067,0.19035534356332315
1937,100,10,0.3,euclidean,10,,0.0,eom,cosine,0.01818952265819069,0.09760163078121963,0.06950019051265893,0.16385354373367791,0.09760163078121963,0.20660965284402802
1938,100,10,0.3,euclidean,10,,0.0,leaf,euclidean,0.009001176226944208,0.12092143207246503,0.08307851379538253,0.22208114533444362,0.12092143207246504,0.23058700642980243
1939,100,10,0.3,euclidean,10,,0.0,leaf,cosine,0.012169071849689928,0.1370572893601327,0.09812238328746505,0.22721677813924016,0.1370572893601327,0.2181035683425453
1940,100,10,0.3,euclidean,10,,0.1,eom,euclidean,0.006340723025292131,0.08270786266427678,0.05899233822226588,0.13830983258081725,0.0827078626642768,0.19354371373286106
1941,100,10,0.3,euclidean,10,,0.1,eom,cosine,0.016426027493968806,0.1051775690095881,0.07531475909472299,0.17428126659166746,0.10517756900958809,0.20112728413539124
1942,100,10,0.3,euclidean,10,,0.1,leaf,euclidean,0.01491360130660429,0.14762713887078216,0.11326601361713841,0.2119151027065293,0.1476271388707822,0.19224263954632093
1943,100,10,0.3,euclidean,10,,0.1,leaf,cosine,0.003737211374111154,0.07908183032783732,0.056460185533800236,0.13194939010521461,0.07908183032783732,0.19029473569572924
1944,100,10,0.3,euclidean,10,5.0,0.0,eom,euclidean,0.02900708151901214,0.17244614589510202,0.13775457353766218,0.23049246590882175,0.17244614589510202,0.1815112055025547
1945,100,10,0.3,euclidean,10,5.0,0.0,eom,cosine,0.020044537073624198,0.1892143002908914,0.1538009100581268,0.24581418399236032,0.18921430029089142,0.17356531275988182
1946,100,10,0.3,euclidean,10,5.0,0.0,leaf,euclidean,0.00763023957450468,0.1937799500592748,0.16170784607280375,0.24172144064491374,0.1937799500592748,0.1645370899969194
1947,100,10,0.3,euclidean,10,5.0,0.0,leaf,cosine,0.007008214222189259,0.18726280313679197,0.15180189921890896,0.24434077683166427,0.18726280313679197,0.18018900704425822
1948,100,10,0.3,euclidean,10,5.0,0.1,eom,euclidean,-0.006390311563527221,0.09473699337894441,0.06998884214033413,0.1465612558581896,0.09473699337894441,0.1768803949847924
1949,100,10,0.3,euclidean,10,5.0,0.1,eom,cosine,-0.0030322595722350864,0.07102600939995073,0.05041313647377942,0.12015477310619466,0.07102600939995073,0.18762895459128198
1950,100,10,0.3,euclidean,10,5.0,0.1,leaf,euclidean,0.016449506383507367,0.18967774342007496,0.1579495439044152,0.23735694788470738,0.18967774342007496,0.17347390178793345
1951,100,10,0.3,euclidean,10,5.0,0.1,leaf,cosine,0.008120442980367768,0.08547814692602128,0.05414158920231526,0.20293428320783988,0.08547814692602129,0.2612625612242146
1952,100,10,0.3,euclidean,20,,0.0,eom,euclidean,0.026912636267740372,0.12985616622463594,0.08775993630362806,0.24956732116788538,0.12985616622463594,0.24968816708082825
1953,100,10,0.3,euclidean,20,,0.0,eom,cosine,0.02874402994786589,0.132248672243499,0.08911331521001115,0.2563210304053467,0.13224867224349904,0.2539132081675411
1954,100,10,0.3,euclidean,20,,0.0,leaf,euclidean,0.0,0.0,0.0,1.0,0.0,0.3156290382484226
1955,100,10,0.3,euclidean,20,,0.0,leaf,cosine,0.0,0.0,0.0,1.0,0.0,0.3156290382484226
1956,100,10,0.3,euclidean,20,,0.1,eom,euclidean,0.0,0.0,0.0,1.0,0.0,0.3156290382484226
1957,100,10,0.3,euclidean,20,,0.1,eom,cosine,0.02222476728372356,0.13011459073036266,0.08858692492236381,0.24493482679620543,0.13011459073036266,0.24044612116425343
1958,100,10,0.3,euclidean,20,,0.1,leaf,euclidean,0.020280953581837687,0.11819056970517824,0.07778939199315467,0.24590563452853526,0.11819056970517826,0.2577684701446428
1959,100,10,0.3,euclidean,20,,0.1,leaf,cosine,0.021932180100104403,0.1197447493658817,0.079231827195536,0.24503779957511027,0.11974474936588171,0.2568369056162512
1960,100,10,0.3,euclidean,20,5.0,0.0,eom,euclidean,0.01722031189381153,0.0936598939259431,0.06735924180602716,0.15365504491788565,0.0936598939259431,0.19913582004300115
1961,100,10,0.3,euclidean,20,5.0,0.0,eom,cosine,-0.0034760275507368836,0.060216571343822786,0.043162570907118676,0.0995497640652729,0.06021657134382278,0.18048125046511837
1962,100,10,0.3,euclidean,20,5.0,0.0,leaf,euclidean,0.026218107033013267,0.14330789246995473,0.10969695583248511,0.2066140365476372,0.14330789246995476,0.1904925773664707
1963,100,10,0.3,euclidean,20,5.0,0.0,leaf,cosine,0.012963172785720838,0.08537286904705009,0.061412907202770435,0.13998888563332026,0.08537286904705009,0.1946886392991086
1964,100,10,0.3,euclidean,20,5.0,0.1,eom,euclidean,0.006373579550164634,0.07336161675462094,0.05276092759792058,0.12035442327740696,0.07336161675462094,0.18823783984164288
1965,100,10,0.3,euclidean,20,5.0,0.1,eom,cosine,0.013241048685318302,0.09638916426068615,0.06881334589245222,0.1608452615559842,0.09638916426068614,0.20027136848567761
1966,100,10,0.3,euclidean,20,5.0,0.1,leaf,euclidean,0.020678514640058543,0.137134124250706,0.10463707535679516,0.19890918255473458,0.13713412425070604,0.18684048892483113
1967,100,10,0.3,euclidean,20,5.0,0.1,leaf,cosine,-0.008619654940000847,0.05611006936562839,0.03808967051835101,0.10649185929248393,0.0561100693656284,0.20682447795148856
1968,100,10,0.3,cosine,5,,0.0,eom,euclidean,0.005174528084064917,0.20896212486363583,0.1896002177345394,0.23272825154052382,0.20896212486363583,0.13500869242075716
1969,100,10,0.3,cosine,5,,0.0,eom,cosine,0.004216093160181903,0.2143568560759537,0.18838814220016362,0.2486296762685797,0.21435685607595373,0.15203816514683324
1970,100,10,0.3,cosine,5,,0.0,leaf,euclidean,0.013994317722612852,0.22627755327821916,0.20185482753006065,0.2574236343491134,0.2262775532782192,0.1576755476977248
1971,100,10,0.3,cosine,5,,0.0,leaf,cosine,0.010670910995501026,0.2171284667970426,0.19108865932911434,0.25138489092507416,0.2171284667970426,0.15788657492337424
1972,100,10,0.3,cosine,5,,0.1,eom,euclidean,-0.0005239214527522481,0.2196650968167806,0.200061314632577,0.2435281445546196,0.2196650968167806,0.13353272972824495
1973,100,10,0.3,cosine,5,,0.1,eom,cosine,-0.006710157945400713,0.03913976268719638,0.024269422489353036,0.10106299820852091,0.03913976268719638,0.2498601397356162
1974,100,10,0.3,cosine,5,,0.1,leaf,euclidean,0.0035411017509060006,0.19477340856384562,0.16838025121115388,0.23097870779667662,0.19477340856384562,0.161821118029416
1975,100,10,0.3,cosine,5,,0.1,leaf,cosine,-0.007249386515323412,0.0441345309079558,0.02716804781919695,0.11753579748483114,0.0441345309079558,0.25312542775763097
1976,100,10,0.3,cosine,5,5.0,0.0,eom,euclidean,0.001998868327472565,0.18327121490928788,0.1613240038029931,0.21213033819299174,0.18327121490928788,0.13975529761687988
1977,100,10,0.3,cosine,5,5.0,0.0,eom,cosine,0.0007286801871688041,0.22106447788922165,0.19768651494196113,0.2507132651340772,0.22106447788922168,0.1457247390528671
1978,100,10,0.3,cosine,5,5.0,0.0,leaf,euclidean,0.0007151130824967389,0.19757776298840932,0.1766387055622257,0.22414874227370882,0.19757776298840932,0.13873193964908292
1979,100,10,0.3,cosine,5,5.0,0.0,leaf,cosine,-0.002633169657273924,0.2022671906615549,0.18350021168674258,0.2253101677946374,0.2022671906615549,0.1287108960911142
1980,100,10,0.3,cosine,5,5.0,0.1,eom,euclidean,0.018647446101553902,0.19678489261621326,0.1698319942214191,0.23390665060067906,0.19678489261621324,0.17138313518931297
1981,100,10,0.3,cosine,5,5.0,0.1,eom,cosine,-0.0024893082688888938,0.04662357634013493,0.029451767422560386,0.11182014387264622,0.04662357634013493,0.24587698778874104
1982,100,10,0.3,cosine,5,5.0,0.1,leaf,euclidean,-0.008655994978399908,0.2097308219794158,0.18949158819855144,0.2348104798175502,0.2097308219794158,0.13164044877811681
1983,100,10,0.3,cosine,5,5.0,0.1,leaf,cosine,-0.004864205528941706,0.05712820528037773,0.03680014520597131,0.127629637224605,0.05712820528037773,0.23095463309010586
1984,100,10,0.3,cosine,10,,0.0,eom,euclidean,-0.012265445740007921,0.07963802829085326,0.05811932515522369,0.1264598306137839,0.07963802829085324,0.1808648430728584
1985,100,10,0.3,cosine,10,,0.0,eom,cosine,-0.00017059934652239618,0.12865248458290615,0.10026979225049767,0.17944746576697412,0.12865248458290615,0.16986874796740245
1986,100,10,0.3,cosine,10,,0.0,leaf,euclidean,0.0021912943736053284,0.11765422784601942,0.088181689047513,0.1767177431633578,0.11765422784601942,0.18150427530530833
1987,100,10,0.3,cosine,10,,0.0,leaf,cosine,0.0010719247877486507,0.09376426713544643,0.06336815840634305,0.18020320213198995,0.09376426713544643,0.2210040778647594
1988,100,10,0.3,cosine,10,,0.1,eom,euclidean,-0.009686189871045808,0.08782084907648256,0.06323228233626534,0.14370027928635778,0.08782084907648256,0.19354180501407783
1989,100,10,0.3,cosine,10,,0.1,eom,cosine,-0.0027484785010021807,0.08430299816930623,0.05928444233266578,0.14585515638180818,0.08430299816930621,0.19338304712214124
1990,100,10,0.3,cosine,10,,0.1,leaf,euclidean,-0.0011372289904141672,0.10521620731320369,0.07844000606729644,0.1597474279828641,0.10521620731320369,0.181656721808228
1991,100,10,0.3,cosine,10,,0.1,leaf,cosine,-0.007467334497704747,0.07285872079078692,0.051587100410698944,0.12398187795259054,0.07285872079078692,0.18362336285624942
1992,100,10,0.3,cosine,10,5.0,0.0,eom,euclidean,0.0012860289034996061,0.13211392286644955,0.10794857055814182,0.17021916109423357,0.13211392286644955,0.15403094132249057
1993,100,10,0.3,cosine,10,5.0,0.0,eom,cosine,0.0009141764832028159,0.09734634830787509,0.0763284343667695,0.1343378131407835,0.09734634830787509,0.1693338779224676
1994,100,10,0.3,cosine,10,5.0,0.0,leaf,euclidean,-0.006651043639144248,0.15018630944633374,0.12873744941255164,0.18021117181946267,0.15018630944633374,0.13121209210067147
1995,100,10,0.3,cosine,10,5.0,0.0,leaf,cosine,0.0008733373637435393,0.15699094002349165,0.12973524079319673,0.198744618639776,0.15699094002349162,0.16203959746627755
1996,100,10,0.3,cosine,10,5.0,0.1,eom,euclidean,-0.0019034506584009383,0.10783089866009081,0.08778706256285414,0.13973585760174342,0.10783089866009081,0.14347133115592348
1997,100,10,0.3,cosine,10,5.0,0.1,eom,cosine,-0.0032490309349615023,0.06453865021876475,0.04632749297587718,0.10634080817203624,0.06453865021876475,0.1797730468885299
1998,100,10,0.3,cosine,10,5.0,0.1,leaf,euclidean,0.00426598100104285,0.15767376452133514,0.13317894115196194,0.19320969277591377,0.15767376452133514,0.1518606714093716
1999,100,10,0.3,cosine,10,5.0,0.1,leaf,cosine,-0.007296665426723873,0.04208775665980783,0.026774694611278425,0.09831817808421132,0.04208775665980782,0.23826852318873704
2000,100,10,0.3,cosine,20,,0.0,eom,euclidean,0.0038032602361028588,0.08319466599545651,0.05386877047367449,0.18260266476229137,0.08319466599545651,0.24693553174628527
2001,100,10,0.3,cosine,20,,0.0,eom,cosine,0.0,0.0,0.0,1.0,0.0,0.3156290382484226
2002,100,10,0.3,cosine,20,,0.0,leaf,euclidean,0.0,0.0,0.0,1.0,0.0,0.3156290382484226
2003,100,10,0.3,cosine,20,,0.0,leaf,cosine,0.0,0.0,0.0,1.0,0.0,0.3156290382484226
2004,100,10,0.3,cosine,20,,0.1,eom,euclidean,0.0,0.0,0.0,1.0,0.0,0.3156290382484226
2005,100,10,0.3,cosine,20,,0.1,eom,cosine,0.0,0.0,0.0,1.0,0.0,0.3156290382484226
2006,100,10,0.3,cosine,20,,0.1,leaf,euclidean,0.0,0.0,0.0,1.0,0.0,0.3156290382484226
2007,100,10,0.3,cosine,20,,0.1,leaf,cosine,0.005585528603413308,0.08063630492668737,0.0520601213783856,0.17875774720413962,0.08063630492668736,0.2504531017542601
2008,100,10,0.3,cosine,20,5.0,0.0,eom,euclidean,-0.00031821637890792345,0.0841778717275209,0.06387174186155399,0.12341356053898275,0.08417787172752089,0.16944314248534376
2009,100,10,0.3,cosine,20,5.0,0.0,eom,cosine,-0.007252114933361773,0.07140968060189373,0.05511590527751871,0.10138055785970936,0.07140968060189373,0.15386209507545429
2010,100,10,0.3,cosine,20,5.0,0.0,leaf,euclidean,-0.005903968104626606,0.08295004705670962,0.06369135370559613,0.11890354403349909,0.08295004705670962,0.15880083075224738
2011,100,10,0.3,cosine,20,5.0,0.0,leaf,cosine,-0.006716718618199448,0.08820111236622685,0.0669114840698444,0.12936052742660065,0.08820111236622685,0.16349499975663628
2012,100,10,0.3,cosine,20,5.0,0.1,eom,euclidean,-0.008028500883497082,0.08274157634371962,0.06164605942832033,0.12578603925835408,0.0827415763437196,0.17188788548912862
2013,100,10,0.3,cosine,20,5.0,0.1,eom,cosine,-0.008469493967266302,0.04567354272114751,0.03183769170764709,0.08077730477999169,0.0456735427211475,0.19328281731801897
2014,100,10,0.3,cosine,20,5.0,0.1,leaf,euclidean,-0.008343629085439173,0.07213039163029643,0.055853469415370095,0.1017959601790693,0.07213039163029644,0.1508687880381257
2015,100,10,0.3,cosine,20,5.0,0.1,leaf,cosine,0.0018280516400464464,0.06070463196930903,0.04236048235258647,0.10707202966988166,0.06070463196930903,0.20274228518590906
2016,100,15,0.0,euclidean,5,,0.0,eom,euclidean,0.020124739427489838,0.22102569586795517,0.20013673175756522,0.24678332671079842,0.22102569586795517,0.13878494840319408
2017,100,15,0.0,euclidean,5,,0.0,eom,cosine,0.013932058258267826,0.2395292444219341,0.21380917065425947,0.2722834547298411,0.23952924442193407,0.14596327278284607
2018,100,15,0.0,euclidean,5,,0.0,leaf,euclidean,0.021602733841946883,0.26823171627379466,0.2438675587506902,0.2980045569288309,0.2682317162737946,0.153261042932691
2019,100,15,0.0,euclidean,5,,0.0,leaf,cosine,0.01386445944515292,0.25043205493986487,0.2219127624386315,0.28736269705940937,0.2504320549398648,0.16353034804644814
2020,100,15,0.0,euclidean,5,,0.1,eom,euclidean,0.017067101468514614,0.1982670376065814,0.17222741637065195,0.23358324548896503,0.19826703760658143,0.1525696057292877
2021,100,15,0.0,euclidean,5,,0.1,eom,cosine,0.010285719264981442,0.09272399480784428,0.05763513256314252,0.23703076637749765,0.09272399480784427,0.27274013624994525
2022,100,15,0.0,euclidean,5,,0.1,leaf,euclidean,0.01951660944278701,0.2500827008978856,0.227041914588083,0.27832814306674614,0.2500827008978856,0.15478637868401568
2023,100,15,0.0,euclidean,5,,0.1,leaf,cosine,0.011990179023828991,0.09210172301986233,0.0565848323380675,0.2473692323699015,0.09210172301986233,0.27960112358417993
2024,100,15,0.0,euclidean,5,5.0,0.0,eom,euclidean,0.039895828314387975,0.20034402681954672,0.17248877869715942,0.23892866590509845,0.20034402681954674,0.17091074626241876
2025,100,15,0.0,euclidean,5,5.0,0.0,eom,cosine,0.004318998032679915,0.2166680186063948,0.18949150065427992,0.25294490567670536,0.2166680186063948,0.1500648581421292
2026,100,15,0.0,euclidean,5,5.0,0.0,leaf,euclidean,0.019621907453917054,0.25741187896703205,0.23256475443987074,0.28820341560334084,0.25741187896703205,0.15691022692940187
2027,100,15,0.0,euclidean,5,5.0,0.0,leaf,cosine,0.009039576833012493,0.2318494514115501,0.20555668430881402,0.26585497647130457,0.23184945141155014,0.15790002564986952
2028,100,15,0.0,euclidean,5,5.0,0.1,eom,euclidean,0.019311381320005244,0.2267717111315657,0.20100554074177282,0.2601148950112195,0.2267717111315657,0.150671373308547
2029,100,15,0.0,euclidean,5,5.0,0.1,eom,cosine,0.01396514384859248,0.09407123358572379,0.05598334982608728,0.2942881039725639,0.0940712335857238,0.29365043260819396
2030,100,15,0.0,euclidean,5,5.0,0.1,leaf,euclidean,0.009526250051519882,0.24316473574948363,0.22030680765739533,0.27131501979530903,0.2431647357494837,0.14710711152649592
2031,100,15,0.0,euclidean,5,5.0,0.1,leaf,cosine,0.01008989431750536,0.08587733874147566,0.05001517299122226,0.3034810821510375,0.08587733874147566,0.2953884844433527
2032,100,15,0.0,euclidean,10,,0.0,eom,euclidean,0.0334114200825212,0.16695600516991263,0.1320679465478198,0.22689403370653868,0.16695600516991263,0.19289607992321434
2033,100,15,0.0,euclidean,10,,0.0,eom,cosine,0.01326827639245455,0.12023399787721768,0.08814408855701265,0.1890655844175502,0.12023399787721765,0.1993361090324057
2034,100,15,0.0,euclidean,10,,0.0,leaf,euclidean,0.01498892404210481,0.13514720910125017,0.1005450306690404,0.20606297457559739,0.13514720910125014,0.19685974832611255
2035,100,15,0.0,euclidean,10,,0.0,leaf,cosine,0.024742693396313263,0.19159718032366876,0.14572759534559804,0.2796069765540289,0.19159718032366876,0.20543191028326468
2036,100,15,0.0,euclidean,10,,0.1,eom,euclidean,0.015291570417554856,0.08683645022650664,0.05174186538875213,0.26989873239012124,0.08683645022650663,0.29526832147754634
2037,100,15,0.0,euclidean,10,,0.1,eom,cosine,0.019462413516907133,0.10990241366590724,0.07876293878772544,0.18176412149760568,0.10990241366590724,0.2036533459136236
2038,100,15,0.0,euclidean,10,,0.1,leaf,euclidean,0.02408454186185943,0.1434624713253147,0.10680174306483992,0.2184462549432586,0.14346247132531467,0.20493051227545744
2039,100,15,0.0,euclidean,10,,0.1,leaf,cosine,0.014475301981107086,0.09522493070695695,0.06809837292962169,0.15827130966439162,0.09522493070695696,0.20027725288296833
2040,100,15,0.0,euclidean,10,5.0,0.0,eom,euclidean,0.021657642894927973,0.18641969875056508,0.1590590366360329,0.22514885093288287,0.18641969875056505,0.15952983520576533
2041,100,15,0.0,euclidean,10,5.0,0.0,eom,cosine,0.022602170735254605,0.18966221080355677,0.16324105253126872,0.22628769803297644,0.1896622108035568,0.1554307289895696
2042,100,15,0.0,euclidean,10,5.0,0.0,leaf,euclidean,0.020580234735201666,0.20340429398979842,0.17158127456927552,0.24971954592941084,0.20340429398979848,0.1654099708126035
2043,100,15,0.0,euclidean,10,5.0,0.0,leaf,cosine,0.024050232708610585,0.21648374040778876,0.18398878970326754,0.2629188200082185,0.21648374040778878,0.16689950319058733
2044,100,15,0.0,euclidean,10,5.0,0.1,eom,euclidean,0.02545681842126226,0.19313707307452782,0.16753359256911446,0.22797803256814725,0.19313707307452785,0.15319512876800132
2045,100,15,0.0,euclidean,10,5.0,0.1,eom,cosine,0.014430341545758858,0.085275938459543,0.05281073360985397,0.22135010214798242,0.085275938459543,0.27943917051289896
2046,100,15,0.0,euclidean,10,5.0,0.1,leaf,euclidean,0.031388658696152094,0.23412388161424508,0.2063029748762151,0.2706179605067674,0.23412388161424505,0.1590662875511078
2047,100,15,0.0,euclidean,10,5.0,0.1,leaf,cosine,0.013398992236242961,0.0897403427250596,0.05258096152231635,0.3059760031101962,0.0897403427250596,0.2979913325104146
2048,100,15,0.0,euclidean,20,,0.0,eom,euclidean,0.018028289376342183,0.11064566064480579,0.0767528410349021,0.1981419635436596,0.11064566064480579,0.22444849017979285
2049,100,15,0.0,euclidean,20,,0.0,eom,cosine,0.037738477025098256,0.12007534421498928,0.08363685129578474,0.2127769705096866,0.12007534421498926,0.24295793033040747
2050,100,15,0.0,euclidean,20,,0.0,leaf,euclidean,0.02608724114216755,0.11156118548461642,0.07786511877121073,0.1966699431685383,0.11156118548461642,0.22897662765250268
2051,100,15,0.0,euclidean,20,,0.0,leaf,cosine,0.03031282208683449,0.12499150389336856,0.08508445991199722,0.23540156919745783,0.12499150389336855,0.25001104341954283
2052,100,15,0.0,euclidean,20,,0.1,eom,euclidean,0.019336092354449018,0.10218832276555809,0.07157451687891365,0.17856330262411096,0.10218832276555812,0.21933938914657827
2053,100,15,0.0,euclidean,20,,0.1,eom,cosine,0.020140704618571915,0.11163495888350969,0.07801190136955452,0.1961946886957739,0.11163495888350967,0.22182811229568006
2054,100,15,0.0,euclidean,20,,0.1,leaf,euclidean,0.02963304823106789,0.12321918612383653,0.08369627474444562,0.23346619025541876,0.12321918612383655,0.2505658979037746
2055,100,15,0.0,euclidean,20,,0.1,leaf,cosine,0.0305329903836518,0.13812871696511983,0.09363714625153888,0.2631768725957986,0.13812871696511986,0.25281438780076715
2056,100,15,0.0,euclidean,20,5.0,0.0,eom,euclidean,0.015643393610355886,0.1210001583995991,0.09259037203847924,0.17456135005146856,0.12100015839959909,0.18118038525619573
2057,100,15,0.0,euclidean,20,5.0,0.0,eom,cosine,0.016318063517323733,0.12093059971967425,0.09248930227335843,0.17463130696694207,0.12093059971967424,0.18151544853391244
2058,100,15,0.0,euclidean,20,5.0,0.0,leaf,euclidean,0.005959295520457804,0.1131777215866059,0.08523268535783654,0.16838605319228395,0.11317772158660588,0.1798383008417585
2059,100,15,0.0,euclidean,20,5.0,0.0,leaf,cosine,0.027213616074876056,0.1283629163810695,0.0996196998587299,0.1804191545760269,0.12836291638106953,0.1833591172688712
2060,100,15,0.0,euclidean,20,5.0,0.1,eom,euclidean,0.03161281629895588,0.14915946888205167,0.11411012021068785,0.2152850850466011,0.1491594688820517,0.19581685286058756
2061,100,15,0.0,euclidean,20,5.0,0.1,eom,cosine,0.00780410861444515,0.08180274220401243,0.05797630110359978,0.13887671611764602,0.08180274220401243,0.19948487937763568
2062,100,15,0.0,euclidean,20,5.0,0.1,leaf,euclidean,0.036676212541158486,0.15386655169786834,0.11793490106657305,0.22128679601871432,0.15386655169786836,0.1992542059204778
2063,100,15,0.0,euclidean,20,5.0,0.1,leaf,cosine,0.0036872149236609948,0.08359199235186388,0.05911522529742658,0.14266106840772422,0.08359199235186388,0.19688001844296707
2064,100,15,0.0,cosine,5,,0.0,eom,euclidean,0.008900625946265001,0.19882519105542718,0.17790124787585354,0.2253271558353729,0.19882519105542715,0.13672923516380833
2065,100,15,0.0,cosine,5,,0.0,eom,cosine,0.0019340812101194481,0.20539146687317772,0.1887610262893973,0.2252354160019608,0.20539146687317775,0.12437350885860632
2066,100,15,0.0,cosine,5,,0.0,leaf,euclidean,-0.0006760450529777281,0.2034857720198505,0.18475409315981908,0.22644429933760596,0.20348577201985044,0.12959349543259785
2067,100,15,0.0,cosine,5,,0.0,leaf,cosine,-0.0021518179736102865,0.17798198453454417,0.15707253417905548,0.20531322120525994,0.1779819845345442,0.13892831898952185
2068,100,15,0.0,cosine,5,,0.1,eom,euclidean,0.0021149640291455215,0.21602868164078015,0.20122595649895444,0.2331821939675428,0.21602868164078012,0.11744597861651286
2069,100,15,0.0,cosine,5,,0.1,eom,cosine,0.0036597310668765393,0.05999506618555659,0.036366024373850114,0.17129504798878412,0.05999506618555659,0.2727658069934467
2070,100,15,0.0,cosine,5,,0.1,leaf,euclidean,0.009422035824806177,0.19886321887132288,0.18409383953074707,0.21620912573616588,0.1988632188713229,0.12632923985253716
2071,100,15,0.0,cosine,5,,0.1,leaf,cosine,0.0007683324113344398,0.06666342362740243,0.04242729619760597,0.155479224885827,0.06666342362740243,0.2507252902332676
2072,100,15,0.0,cosine,5,5.0,0.0,eom,euclidean,0.009289576377840494,0.17998922238969076,0.15915830699491196,0.20709405116004737,0.17998922238969078,0.13599739489838303
2073,100,15,0.0,cosine,5,5.0,0.0,eom,cosine,-0.0036916452790034283,0.19067684664303586,0.17192911794615295,0.21401360972607344,0.19067684664303586,0.1314245283163044
2074,100,15,0.0,cosine,5,5.0,0.0,leaf,euclidean,0.0014375600537321976,0.20766377894596044,0.1924430377470454,0.22549898759233267,0.20766377894596041,0.12535933451539652
2075,100,15,0.0,cosine,5,5.0,0.0,leaf,cosine,-0.0013403675385866478,0.2058997123604391,0.18611951836582946,0.23038421877117018,0.20589971236043914,0.13135569577065495
2076,100,15,0.0,cosine,5,5.0,0.1,eom,euclidean,0.0032641495625655905,0.2040913674225137,0.18865016862668996,0.22228566405714995,0.2040913674225137,0.12177155614724006
2077,100,15,0.0,cosine,5,5.0,0.1,eom,cosine,-0.0012426097373060498,0.05155303612430507,0.0320696632680721,0.13135629759488754,0.05155303612430507,0.2541402598682253
2078,100,15,0.0,cosine,5,5.0,0.1,leaf,euclidean,-0.009284834640591433,0.19960049687227152,0.18074150362738148,0.22285356116746166,0.1996004968722715,0.12981018402861932
2079,100,15,0.0,cosine,5,5.0,0.1,leaf,cosine,0.010884551162100364,0.08640063480530533,0.0519402855647286,0.2567328370962547,0.08640063480530533,0.2863321205638634
2080,100,15,0.0,cosine,10,,0.0,eom,euclidean,0.005626734541278255,0.09490048838000684,0.07211755718188655,0.13872592040296694,0.09490048838000684,0.1762223112881876
2081,100,15,0.0,cosine,10,,0.0,eom,cosine,0.005149151403286092,0.11028516141139312,0.0806075558069135,0.17454989191641704,0.11028516141139313,0.19213600366678416
2082,100,15,0.0,cosine,10,,0.0,leaf,euclidean,-0.0010177311291419669,0.15467916481744282,0.11958316611582136,0.21893294363082114,0.15467916481744282,0.1872279710180729
2083,100,15,0.0,cosine,10,,0.0,leaf,cosine,-0.008382488754495588,0.10118767573243383,0.07467412491844361,0.15689391744921116,0.10118767573243381,0.19302805701627368
2084,100,15,0.0,cosine,10,,0.1,eom,euclidean,0.021538264039398052,0.1516604772871817,0.11922593233787351,0.20833705218259246,0.15166047728718174,0.18534774651489555
2085,100,15,0.0,cosine,10,,0.1,eom,cosine,0.012600896342838827,0.08426061726340231,0.053459837584118174,0.19879727270911984,0.08426061726340231,0.26541216333343903
2086,100,15,0.0,cosine,10,,0.1,leaf,euclidean,-0.00418584088542898,0.11667106554200972,0.08710476034650692,0.1766228373135424,0.1166710655420097,0.19263644929526622
2087,100,15,0.0,cosine,10,,0.1,leaf,cosine,0.006100975901180117,0.07960504073996102,0.05497650459200547,0.14420757342804272,0.07960504073996104,0.21033310316598414
2088,100,15,0.0,cosine,10,5.0,0.0,eom,euclidean,-0.00010803193506049959,0.11214976985637881,0.08211805286459996,0.17681260498541623,0.11214976985637881,0.20656982956028688
2089,100,15,0.0,cosine,10,5.0,0.0,eom,cosine,0.01248654641113629,0.1880502514462721,0.16760067240572332,0.2141835841494304,0.1880502514462721,0.13610561329218263
2090,100,15,0.0,cosine,10,5.0,0.0,leaf,euclidean,0.0006097796032227202,0.1799897998935112,0.15434711393401512,0.21585043023247355,0.1799897998935112,0.15074658487380443
2091,100,15,0.0,cosine,10,5.0,0.0,leaf,cosine,0.001530235037224257,0.18043781628970415,0.15994632133585118,0.20695135259325662,0.18043781628970415,0.12825941329937238
2092,100,15,0.0,cosine,10,5.0,0.1,eom,euclidean,-0.0010291580362972797,0.11983471824016091,0.08493396858954608,0.20342561223913813,0.11983471824016093,0.20924398009174744
2093,100,15,0.0,cosine,10,5.0,0.1,eom,cosine,0.009212867725936116,0.08657988282368649,0.05206999834983165,0.2567303599281014,0.08657988282368648,0.284162230129005
2094,100,15,0.0,cosine,10,5.0,0.1,leaf,euclidean,0.004830144394483259,0.19028169137953138,0.1659732369319654,0.22293238794636877,0.19028169137953138,0.14300072215547033
2095,100,15,0.0,cosine,10,5.0,0.1,leaf,cosine,0.00043901703918542014,0.07370591696479876,0.045949643577264644,0.1861535591673754,0.07370591696479876,0.25914302469774797
2096,100,15,0.0,cosine,20,,0.0,eom,euclidean,0.0,0.0,0.0,1.0,0.0,0.3156290382484226
2097,100,15,0.0,cosine,20,,0.0,eom,cosine,0.0,0.0,0.0,1.0,0.0,0.3156290382484226
2098,100,15,0.0,cosine,20,,0.0,leaf,euclidean,0.0,0.0,0.0,1.0,0.0,0.3156290382484226
2099,100,15,0.0,cosine,20,,0.0,leaf,cosine,0.0033400729282040374,0.08396937118697087,0.054220172113691754,0.1860503769309558,0.08396937118697087,0.2477690997145196
2100,100,15,0.0,cosine,20,,0.1,eom,euclidean,-0.0005168775783376078,0.08090571464667584,0.053971036114155116,0.1615071569405284,0.08090571464667584,0.2270887788411638
2101,100,15,0.0,cosine,20,,0.1,eom,cosine,0.0,0.0,0.0,1.0,0.0,0.3156290382484226
2102,100,15,0.0,cosine,20,,0.1,leaf,euclidean,0.0,0.0,0.0,1.0,0.0,0.3156290382484226
2103,100,15,0.0,cosine,20,,0.1,leaf,cosine,0.0,0.0,0.0,1.0,0.0,0.3156290382484226
2104,100,15,0.0,cosine,20,5.0,0.0,eom,euclidean,-0.004197892785808908,0.09602284799123834,0.07317827698048748,0.13960399758728217,0.09602284799123832,0.163090147760974
2105,100,15,0.0,cosine,20,5.0,0.0,eom,cosine,-0.005629862033016736,0.10087558781450635,0.0770899877913156,0.14588851234705105,0.10087558781450635,0.16058446970610088
2106,100,15,0.0,cosine,20,5.0,0.0,leaf,euclidean,-0.0015689242956084823,0.08340090976352475,0.06393214524775061,0.11991888581161406,0.08340090976352474,0.16381088998074173
2107,100,15,0.0,cosine,20,5.0,0.0,leaf,cosine,-0.0006045707547641174,0.07364837498549993,0.052225108028407234,0.12487222211260604,0.07364837498549993,0.19076480658000997
2108,100,15,0.0,cosine,20,5.0,0.1,eom,euclidean,0.006261992105187795,0.12224447667515552,0.0930512799279188,0.17812944661300026,0.12224447667515552,0.17460765154305333
2109,100,15,0.0,cosine,20,5.0,0.1,eom,cosine,0.006062352221235377,0.08257436888119793,0.05795808999027555,0.14353907435458782,0.08257436888119793,0.20392749872777158
2110,100,15,0.0,cosine,20,5.0,0.1,leaf,euclidean,-0.0030688981180034994,0.09318869839296302,0.07219292524623197,0.13140505791810284,0.09318869839296302,0.15564634755886067
2111,100,15,0.0,cosine,20,5.0,0.1,leaf,cosine,0.010452772060680812,0.07708682183135912,0.052118727066010125,0.14797692307581814,0.0770868218313591,0.2295008035051308
2112,100,15,0.1,euclidean,5,,0.0,eom,euclidean,0.02577678808479208,0.2090044203973025,0.18367859380527976,0.24243111575034185,0.2090044203973025,0.1527034502672274
2113,100,15,0.1,euclidean,5,,0.0,eom,cosine,0.02013056171177847,0.19543843038097428,0.16552624104680952,0.23854599378535413,0.19543843038097428,0.1614236531969372
2114,100,15,0.1,euclidean,5,,0.0,leaf,euclidean,0.005126171044717308,0.23294919861217184,0.20308753068994204,0.27310631776610694,0.23294919861217184,0.15895969709912974
2115,100,15,0.1,euclidean,5,,0.0,leaf,cosine,0.018048872373580833,0.24414815791126696,0.21576015841871907,0.28113805984020007,0.24414815791126696,0.1622147879152453
2116,100,15,0.1,euclidean,5,,0.1,eom,euclidean,-0.015565069399374389,0.09409489002589458,0.0722864020014491,0.13474766508363767,0.09409489002589458,0.16221213910903673
2117,100,15,0.1,euclidean,5,,0.1,eom,cosine,0.00023251445160222994,0.06677909452796814,0.04704567085861168,0.11502778514083067,0.06677909452796815,0.19415883590220756
2118,100,15,0.1,euclidean,5,,0.1,leaf,euclidean,0.010441938441122992,0.2459152846072682,0.22305039310143795,0.27400336420021076,0.24591528460726822,0.1412586277184578
2119,100,15,0.1,euclidean,5,,0.1,leaf,cosine,0.01210162150057164,0.08427106014610285,0.053429057757063594,0.1993408731874436,0.08427106014610285,0.265938455702105
2120,100,15,0.1,euclidean,5,5.0,0.0,eom,euclidean,0.020842526058214475,0.18961575553511972,0.1606411094404577,0.23134277751924506,0.18961575553511972,0.16136537340387547
2121,100,15,0.1,euclidean,5,5.0,0.0,eom,cosine,0.015088476632080435,0.15334454122458074,0.12645243435047687,0.1947642301277784,0.15334454122458077,0.16039498070211242
2122,100,15,0.1,euclidean,5,5.0,0.0,leaf,euclidean,-0.012933862514996931,0.2285363151717538,0.20124498965822055,0.2643910296998021,0.22853631517175377,0.1412721205083026
2123,100,15,0.1,euclidean,5,5.0,0.0,leaf,cosine,0.013830803438837025,0.24405918909364385,0.2217800450759256,0.2713143533250995,0.24405918909364388,0.14721128721927454
2124,100,15,0.1,euclidean,5,5.0,0.1,eom,euclidean,0.013135723677188202,0.19363464377758463,0.16896975527510116,0.22673108054931024,0.19363464377758463,0.14666838158604972
2125,100,15,0.1,euclidean,5,5.0,0.1,eom,cosine,0.007323474598936157,0.08126486861752115,0.05244075372849895,0.18044866549031197,0.08126486861752116,0.25074777253431213
2126,100,15,0.1,euclidean,5,5.0,0.1,leaf,euclidean,-0.0037689246818325447,0.22087802970638504,0.19293901727389762,0.25827871962734217,0.220878029706385,0.14830377965552222
2127,100,15,0.1,euclidean,5,5.0,0.1,leaf,cosine,0.0036258636783547027,0.07418103332208893,0.052091293737848585,0.12879952741026018,0.07418103332208893,0.19976668726670904
2128,100,15,0.1,euclidean,10,,0.0,eom,euclidean,0.015012197863132215,0.10239648686633451,0.07317885356824416,0.17045153597297794,0.1023964868663345,0.20087203046603908
2129,100,15,0.1,euclidean,10,,0.0,eom,cosine,0.011498346251136443,0.09032680829031084,0.06462602515137511,0.1499659933404546,0.09032680829031085,0.19699209194332248
2130,100,15,0.1,euclidean,10,,0.0,leaf,euclidean,0.01339634967770245,0.11929264892692865,0.0868309896936684,0.1905173133784952,0.11929264892692863,0.207639580232584
2131,100,15,0.1,euclidean,10,,0.0,leaf,cosine,0.015470098819094613,0.1508601224215053,0.11580184421235505,0.21636250737078622,0.1508601224215053,0.1893536579574612
2132,100,15,0.1,euclidean,10,,0.1,eom,euclidean,0.007610124701917876,0.07742470336867106,0.05526095602568344,0.1292726274646439,0.07742470336867106,0.19467304770630045
2133,100,15,0.1,euclidean,10,,0.1,eom,cosine,0.011125195367783699,0.09235175117698084,0.06609035472647534,0.1532442790144561,0.09235175117698084,0.1964810122235154
2134,100,15,0.1,euclidean,10,,0.1,leaf,euclidean,0.014277783553469366,0.1279783374024302,0.09492671585422144,0.19634011723705183,0.12797833740243017,0.19730081050666307
2135,100,15,0.1,euclidean,10,,0.1,leaf,cosine,0.013919760589370918,0.1003888805579342,0.07189681783255818,0.16628687433128583,0.1003888805579342,0.1985585876919523
2136,100,15,0.1,euclidean,10,5.0,0.0,eom,euclidean,0.026010124602713184,0.20069875994797337,0.17137520156889105,0.2421287756224844,0.20069875994797334,0.1626557009322867
2137,100,15,0.1,euclidean,10,5.0,0.0,eom,cosine,0.031367446879666014,0.2061108612658952,0.17710040453062878,0.2464874723218011,0.2061108612658952,0.16240035122453794
2138,100,15,0.1,euclidean,10,5.0,0.0,leaf,euclidean,0.024565462746109646,0.19948457262226113,0.16311055284548662,0.2567376441244582,0.19948457262226116,0.19207658500426572
2139,100,15,0.1,euclidean,10,5.0,0.0,leaf,cosine,0.018877344658476163,0.2197321070131144,0.1817795520947706,0.27771423152697755,0.21973210701311438,0.18047834663198514
2140,100,15,0.1,euclidean,10,5.0,0.1,eom,euclidean,0.026023063137681213,0.20355319676436037,0.17529769314769755,0.24266780805858865,0.20355319676436037,0.15854825077446066
2141,100,15,0.1,euclidean,10,5.0,0.1,eom,cosine,0.01741811025355299,0.07845278643925459,0.05341361843612753,0.14768381893464652,0.07845278643925457,0.23516464567047213
2142,100,15,0.1,euclidean,10,5.0,0.1,leaf,euclidean,0.01638023902462686,0.2093936133877637,0.17786350613371854,0.25451115414725295,0.20939361338776372,0.16686413567166086
2143,100,15,0.1,euclidean,10,5.0,0.1,leaf,cosine,0.011029604168538671,0.08784164707894065,0.0554726685858529,0.21091048905522833,0.08784164707894065,0.26622848139255917
2144,100,15,0.1,euclidean,20,,0.0,eom,euclidean,0.0,0.0,0.0,1.0,0.0,0.3156290382484226
2145,100,15,0.1,euclidean,20,,0.0,eom,cosine,0.014540165151486933,0.11215443356971887,0.07307229586996355,0.2411104388480832,0.11215443356971887,0.256630940896059
2146,100,15,0.1,euclidean,20,,0.0,leaf,euclidean,0.01759091831778076,0.10339115746802277,0.06774242979986458,0.2182349732655128,0.10339115746802277,0.2573146904021036
2147,100,15,0.1,euclidean,20,,0.0,leaf,cosine,0.02146394501375455,0.1250765402496661,0.08405656772905724,0.24429220355118475,0.1250765402496661,0.24790329540566503
2148,100,15,0.1,euclidean,20,,0.1,eom,euclidean,0.019498919554854725,0.11866658380633345,0.08046004066178332,0.22596752267332113,0.11866658380633345,0.240535304581774
2149,100,15,0.1,euclidean,20,,0.1,eom,cosine,0.034227878933456385,0.12100599097636755,0.0842380493625984,0.21473110393958988,0.12100599097636754,0.23945930234605328
2150,100,15,0.1,euclidean,20,,0.1,leaf,euclidean,0.019155717467030674,0.11806539889081279,0.08150872771112502,0.21408053808542707,0.1180653988908128,0.2287656171282412
2151,100,15,0.1,euclidean,20,,0.1,leaf,cosine,0.027856056541455627,0.12035325681322326,0.08234180556132026,0.22355121283298277,0.12035325681322326,0.24333003167714914
2152,100,15,0.1,euclidean,20,5.0,0.0,eom,euclidean,0.02741353922333535,0.13085492645855765,0.10119918758420232,0.1850960847960064,0.13085492645855767,0.18562099585980707
2153,100,15,0.1,euclidean,20,5.0,0.0,eom,cosine,0.02557639671320072,0.13137282003671552,0.10054777198729924,0.18945393421732196,0.13137282003671555,0.18929848305127714
2154,100,15,0.1,euclidean,20,5.0,0.0,leaf,euclidean,0.02389405138655929,0.1352151008675388,0.10313202616699156,0.1962732318073616,0.1352151008675388,0.18984298899297392
2155,100,15,0.1,euclidean,20,5.0,0.0,leaf,cosine,-0.014919476845477956,0.0890216984441654,0.06483612379898548,0.14198631952753143,0.0890216984441654,0.18076744605192607
2156,100,15,0.1,euclidean,20,5.0,0.1,eom,euclidean,-0.0008554277022756615,0.05793251835562283,0.041054542198189964,0.09837596519988877,0.057932518355622846,0.19000693213262626
2157,100,15,0.1,euclidean,20,5.0,0.1,eom,cosine,0.0036074168490416295,0.07726269204108561,0.054998507363223696,0.1298127588576733,0.07726269204108561,0.19182291852206343
2158,100,15,0.1,euclidean,20,5.0,0.1,leaf,euclidean,0.028307167914811037,0.13931550646722732,0.106732363574204,0.2005344513561206,0.13931550646722735,0.19154537955502926
2159,100,15,0.1,euclidean,20,5.0,0.1,leaf,cosine,0.00562238292073658,0.09163038333298233,0.06532610341683845,0.153397646771387,0.09163038333298233,0.1934924221134916
2160,100,15,0.1,cosine,5,,0.0,eom,euclidean,0.005127669613102264,0.1894568966278982,0.16537672106506238,0.22174470179803898,0.18945689662789816,0.14547421485537726
2161,100,15,0.1,cosine,5,,0.0,eom,cosine,-8.403008276963153e-05,0.19803000277175276,0.18214255136963034,0.21695388568309368,0.19803000277175278,0.12224167952735812
2162,100,15,0.1,cosine,5,,0.0,leaf,euclidean,-0.003615710327851416,0.2038143801442699,0.18493051716468198,0.226993424894089,0.2038143801442699,0.1284997839245326
2163,100,15,0.1,cosine,5,,0.0,leaf,cosine,-0.007853659466219276,0.2027210122590765,0.18626364945036059,0.22236841939388138,0.20272101225907652,0.12049041533452558
2164,100,15,0.1,cosine,5,,0.1,eom,euclidean,-0.0007895428929594962,0.15329225903379692,0.12918659144726777,0.18845765446516963,0.15329225903379695,0.14440067435724083
2165,100,15,0.1,cosine,5,,0.1,eom,cosine,-0.007182565596944521,0.0551431104176116,0.03682848456473639,0.10969281026032017,0.055143110417611614,0.21532787894878233
2166,100,15,0.1,cosine,5,,0.1,leaf,euclidean,-0.00698663180916763,0.20192205891082793,0.1821507601815624,0.22650805834110174,0.20192205891082793,0.12745057190762316
2167,100,15,0.1,cosine,5,,0.1,leaf,cosine,-0.0010890073348069184,0.05332134711423833,0.03368081849428469,0.12791093560744435,0.05332134711423833,0.24852605699545338
2168,100,15,0.1,cosine,5,5.0,0.0,eom,euclidean,0.0017024590515123028,0.20695743061289337,0.18857105942250818,0.22931664623555245,0.20695743061289337,0.1338712941386545
2169,100,15,0.1,cosine,5,5.0,0.0,eom,cosine,-0.005657617551289316,0.19523070822959687,0.1792470780894242,0.21434396028657784,0.19523070822959687,0.11902091848726983
2170,100,15,0.1,cosine,5,5.0,0.0,leaf,euclidean,0.0007317678636264805,0.20578201044040725,0.1892810695546663,0.22543471480974236,0.2057820104404072,0.12112608555915634
2171,100,15,0.1,cosine,5,5.0,0.0,leaf,cosine,0.00731683657679214,0.21399872565676736,0.1905115884980767,0.2440914299343732,0.21399872565676736,0.14900488735232867
2172,100,15,0.1,cosine,5,5.0,0.1,eom,euclidean,-0.00782534919382039,0.145558563392231,0.1257074375579581,0.17285501186190363,0.14555856339223103,0.13462958073668949
2173,100,15,0.1,cosine,5,5.0,0.1,eom,cosine,-0.0006659793971039391,0.0715658402184646,0.04961930150928174,0.12832282158514324,0.07156584021846461,0.20466778508950406
2174,100,15,0.1,cosine,5,5.0,0.1,leaf,euclidean,0.00032309664620795085,0.219114089455785,0.1972457978744271,0.2464360128830439,0.219114089455785,0.1361444492192431
2175,100,15,0.1,cosine,5,5.0,0.1,leaf,cosine,-0.004223034930098819,0.04278749452535444,0.026148940692541235,0.1176448101668414,0.04278749452535444,0.25867167706881733
2176,100,15,0.1,cosine,10,,0.0,eom,euclidean,-0.007814871467060973,0.09075882191526102,0.06716497500544404,0.13990489280156715,0.09075882191526101,0.17550770046283962
2177,100,15,0.1,cosine,10,,0.0,eom,cosine,0.002009207467791306,0.10030640478756,0.07556955992311479,0.14911874879232778,0.10030640478756,0.17906209017708735
2178,100,15,0.1,cosine,10,,0.0,leaf,euclidean,-0.00024061222179705722,0.11522190835101288,0.08703158113207103,0.17042371122219926,0.1152219083510129,0.1876242211354334
2179,100,15,0.1,cosine,10,,0.0,leaf,cosine,-0.009665075856832139,0.1331783596909554,0.10081356164189816,0.19614941263124974,0.13317835969095543,0.1900932403489361
2180,100,15,0.1,cosine,10,,0.1,eom,euclidean,-0.00223151102014771,0.10592275187935261,0.07745121274847873,0.16749490114534657,0.1059227518793526,0.1922637044338932
2181,100,15,0.1,cosine,10,,0.1,eom,cosine,-0.004061732167018837,0.06657280052523128,0.04743710247715776,0.1115853020163693,0.06657280052523128,0.18375748958945984
2182,100,15,0.1,cosine,10,,0.1,leaf,euclidean,-0.010865276066883298,0.09491088116400151,0.06428406613885897,0.181276163684015,0.0949108811640015,0.2188581713722366
2183,100,15,0.1,cosine,10,,0.1,leaf,cosine,-0.007032731792607354,0.061543986310638406,0.043826762109362906,0.10330606603584352,0.06154398631063841,0.18128796617506504
2184,100,15,0.1,cosine,10,5.0,0.0,eom,euclidean,0.0016366104679028666,0.13137861408971233,0.10440822463311702,0.17713573501374327,0.13137861408971233,0.15864008257558107
2185,100,15,0.1,cosine,10,5.0,0.0,eom,cosine,0.012439704217330289,0.182452058806068,0.1592837413167002,0.2135073727899559,0.182452058806068,0.14953398529304038
2186,100,15,0.1,cosine,10,5.0,0.0,leaf,euclidean,-0.002745384368532154,0.16459607256781456,0.136348516032857,0.20760620760164522,0.16459607256781456,0.1586322871821417
2187,100,15,0.1,cosine,10,5.0,0.0,leaf,cosine,0.0014537115713393598,0.1781230742904017,0.14713044057391142,0.22565714908755155,0.17812307429040167,0.16343031058016289
2188,100,15,0.1,cosine,10,5.0,0.1,eom,euclidean,-0.0021142880749279967,0.14235888075377326,0.11664813065922999,0.18260804544348594,0.1423588807537733,0.15026780037619974
2189,100,15,0.1,cosine,10,5.0,0.1,eom,cosine,0.005257707442011362,0.06920902043567455,0.04888299083724145,0.11847002499740443,0.06920902043567455,0.1983151811166038
2190,100,15,0.1,cosine,10,5.0,0.1,leaf,euclidean,0.004244807952859047,0.16204636623689045,0.13834310923643253,0.1955515268768132,0.16204636623689042,0.1463209232183047
2191,100,15,0.1,cosine,10,5.0,0.1,leaf,cosine,-0.0013180319320996298,0.08163138696403457,0.05750097950901438,0.1406594019879727,0.08163138696403457,0.19443342617148948
2192,100,15,0.1,cosine,20,,0.0,eom,euclidean,0.0,0.0,0.0,1.0,0.0,0.3156290382484226
2193,100,15,0.1,cosine,20,,0.0,eom,cosine,0.0,0.0,0.0,1.0,0.0,0.3156290382484226
2194,100,15,0.1,cosine,20,,0.0,leaf,euclidean,0.0,0.0,0.0,1.0,0.0,0.3156290382484226
2195,100,15,0.1,cosine,20,,0.0,leaf,cosine,0.0,0.0,0.0,1.0,0.0,0.3156290382484226
2196,100,15,0.1,cosine,20,,0.1,eom,euclidean,0.0,0.0,0.0,1.0,0.0,0.3156290382484226
2197,100,15,0.1,cosine,20,,0.1,eom,cosine,0.0,0.0,0.0,1.0,0.0,0.3156290382484226
2198,100,15,0.1,cosine,20,,0.1,leaf,euclidean,0.0,0.0,0.0,1.0,0.0,0.3156290382484226
2199,100,15,0.1,cosine,20,,0.1,leaf,cosine,0.0,0.0,0.0,1.0,0.0,0.3156290382484226
2200,100,15,0.1,cosine,20,5.0,0.0,eom,euclidean,-0.0017908995729182164,0.1065640225702117,0.08634033559956956,0.13915970731049201,0.10656402257021169,0.14640200328282132
2201,100,15,0.1,cosine,20,5.0,0.0,eom,cosine,-0.006950751321003963,0.06388744603330793,0.04556834106374347,0.10683767135619558,0.06388744603330793,0.18019933148163186
2202,100,15,0.1,cosine,20,5.0,0.0,leaf,euclidean,-0.004578674551473619,0.07956116290167664,0.06054272261697141,0.11600078667457142,0.07956116290167664,0.1648848467839478
2203,100,15,0.1,cosine,20,5.0,0.0,leaf,cosine,-0.007694945025171183,0.08961736189070742,0.06843424248151757,0.12979366151350313,0.0896173618907074,0.16050560755337948
2204,100,15,0.1,cosine,20,5.0,0.1,eom,euclidean,-0.0017059283968338323,0.08680021344549856,0.06702026005470425,0.12314426574976985,0.08680021344549856,0.1591272409189937
2205,100,15,0.1,cosine,20,5.0,0.1,eom,cosine,-0.005321204006808484,0.07684041200447332,0.05380482486533315,0.13436747920996578,0.07684041200447332,0.19387383468918992
2206,100,15,0.1,cosine,20,5.0,0.1,leaf,euclidean,-0.006279568348178726,0.07508727001977773,0.0573413791859047,0.10873985399444037,0.07508727001977773,0.15972490503560297
2207,100,15,0.1,cosine,20,5.0,0.1,leaf,cosine,-0.006805300782727135,0.055580805466940074,0.03589455552289867,0.12308802410801832,0.055580805466940074,0.23311177344169112
2208,100,15,0.3,euclidean,5,,0.0,eom,euclidean,0.0024558095227557543,0.2066534236760102,0.17559097311280691,0.251067921544067,0.2066534236760102,0.1551700082200273
2209,100,15,0.3,euclidean,5,,0.0,eom,cosine,0.022599495638984734,0.17209537798229788,0.1413205722651291,0.22000496319404983,0.17209537798229788,0.16931035206087025
2210,100,15,0.3,euclidean,5,,0.0,leaf,euclidean,0.02190967350217875,0.24805268955375956,0.21998515102315952,0.28432986250962383,0.24805268955375953,0.1640804592393033
2211,100,15,0.3,euclidean,5,,0.0,leaf,cosine,-0.00040207010774741145,0.21375412925616874,0.1810156074126684,0.2609495148609597,0.21375412925616874,0.16833719851489995
2212,100,15,0.3,euclidean,5,,0.1,eom,euclidean,0.01857734715217938,0.18943886086146614,0.15892370057476518,0.23445734008994623,0.1894388608614661,0.16483172453368397
2213,100,15,0.3,euclidean,5,,0.1,eom,cosine,-0.011108408208921864,0.0567103824905464,0.03607166750126876,0.13255001332242414,0.056710382490546385,0.23195758840179723
2214,100,15,0.3,euclidean,5,,0.1,leaf,euclidean,-0.0037087338069368993,0.22023357352091844,0.19032022708307159,0.26130365203299233,0.2202335735209184,0.154962701052097
2215,100,15,0.3,euclidean,5,,0.1,leaf,cosine,-0.0003540863901963191,0.06954615152041498,0.049116556906737545,0.11907386616614385,0.06954615152041498,0.1916773255261767
2216,100,15,0.3,euclidean,5,5.0,0.0,eom,euclidean,0.015091842244414061,0.18170735199343632,0.1529675983269483,0.22374482394631923,0.18170735199343635,0.1599994527159146
2217,100,15,0.3,euclidean,5,5.0,0.0,eom,cosine,0.02230954932850062,0.20465176182608752,0.17569603008983561,0.2450349529554163,0.2046517618260875,0.15675321030368108
2218,100,15,0.3,euclidean,5,5.0,0.0,leaf,euclidean,-0.005361111606929645,0.20972501091100718,0.17916846418752067,0.25284720598353116,0.20972501091100723,0.15813352263262062
2219,100,15,0.3,euclidean,5,5.0,0.0,leaf,cosine,-0.007324447940472793,0.2137416965782322,0.18520431206005092,0.25267543376530566,0.21374169657823217,0.1411877056843502
2220,100,15,0.3,euclidean,5,5.0,0.1,eom,euclidean,-0.011306579669448582,0.11181154070447923,0.08627403753677766,0.15882422597846887,0.11181154070447921,0.161815885928657
2221,100,15,0.3,euclidean,5,5.0,0.1,eom,cosine,0.015231185611269828,0.0987247722738374,0.06314236433111504,0.22618742394115096,0.0987247722738374,0.26437211120814497
2222,100,15,0.3,euclidean,5,5.0,0.1,leaf,euclidean,0.013929635740849915,0.2231467000548439,0.19995746581166665,0.2524200658188662,0.2231467000548439,0.14421639200534542
2223,100,15,0.3,euclidean,5,5.0,0.1,leaf,cosine,-0.003792196059687695,0.0565622016900728,0.035711105880217586,0.1359284929019671,0.0565622016900728,0.2462995801057358
2224,100,15,0.3,euclidean,10,,0.0,eom,euclidean,0.00561560159269872,0.090434620742063,0.06262366719660624,0.16268044051818004,0.090434620742063,0.21181959361742894
2225,100,15,0.3,euclidean,10,,0.0,eom,cosine,0.010042368406016418,0.08364298770726675,0.05930600614103123,0.14185501605888992,0.08364298770726675,0.2015807783875048
2226,100,15,0.3,euclidean,10,,0.0,leaf,euclidean,0.013181501678747662,0.09175255395266242,0.0655998761492212,0.15258260226516931,0.09175255395266244,0.19881494336358965
2227,100,15,0.3,euclidean,10,,0.0,leaf,cosine,0.02340356289877513,0.11659195867992311,0.08215479583032559,0.2007347800481929,0.11659195867992313,0.21973763646490058
2228,100,15,0.3,euclidean,10,,0.1,eom,euclidean,0.014219427353567788,0.09103027054298597,0.06469161745791839,0.15354472686409293,0.09103027054298596,0.20406968902293354
2229,100,15,0.3,euclidean,10,,0.1,eom,cosine,0.003669719648493339,0.07373756412995819,0.05261375579636109,0.123201545405551,0.07373756412995817,0.1904203125087412
2230,100,15,0.3,euclidean,10,,0.1,leaf,euclidean,0.007652521692207849,0.12972611676245632,0.09239767320021897,0.21766041437201805,0.12972611676245635,0.21364076540185947
2231,100,15,0.3,euclidean,10,,0.1,leaf,cosine,0.01042380171278688,0.0894131545081289,0.06371018290779362,0.14988019989137805,0.08941315450812888,0.19834024670442166
2232,100,15,0.3,euclidean,10,5.0,0.0,eom,euclidean,0.021824321341746115,0.16770208056178149,0.13772142365392778,0.21436796843230033,0.16770208056178149,0.16854613630486373
2233,100,15,0.3,euclidean,10,5.0,0.0,eom,cosine,0.01817190818291333,0.1919835128363547,0.16591627044227863,0.2277683933937408,0.1919835128363547,0.1486215943316049
2234,100,15,0.3,euclidean,10,5.0,0.0,leaf,euclidean,0.012114161163548184,0.20111458842478772,0.17503428500621698,0.23632767525948342,0.20111458842478777,0.15209347591886108
2235,100,15,0.3,euclidean,10,5.0,0.0,leaf,cosine,0.006688099731369523,0.176272283490074,0.14114561660792974,0.2346755953388121,0.176272283490074,0.17215172855643143
2236,100,15,0.3,euclidean,10,5.0,0.1,eom,euclidean,0.014651311303189505,0.11745562534867014,0.09014624235755499,0.16850274465808804,0.11745562534867014,0.17767352533456426
2237,100,15,0.3,euclidean,10,5.0,0.1,eom,cosine,0.0016766039309247982,0.0713986814749443,0.049987784471342306,0.1248933042528356,0.0713986814749443,0.19920225320487456
2238,100,15,0.3,euclidean,10,5.0,0.1,leaf,euclidean,0.01863656533630416,0.17595285663026483,0.1430088509422998,0.22861810043491962,0.17595285663026483,0.17454584135107173
2239,100,15,0.3,euclidean,10,5.0,0.1,leaf,cosine,0.007509001326511275,0.07665787894880154,0.05434785691743466,0.13003973119654327,0.07665787894880154,0.19777373956922747
2240,100,15,0.3,euclidean,20,,0.0,eom,euclidean,0.0,0.0,0.0,1.0,0.0,0.3156290382484226
2241,100,15,0.3,euclidean,20,,0.0,eom,cosine,0.0,0.0,0.0,1.0,0.0,0.3156290382484226
2242,100,15,0.3,euclidean,20,,0.0,leaf,euclidean,0.0,0.0,0.0,1.0,0.0,0.3156290382484226
2243,100,15,0.3,euclidean,20,,0.0,leaf,cosine,0.01639890219450961,0.11162331510492915,0.07206584352177013,0.24745097585704381,0.11162331510492915,0.2632589633975458
2244,100,15,0.3,euclidean,20,,0.1,eom,euclidean,0.0,0.0,0.0,1.0,0.0,0.3156290382484226
2245,100,15,0.3,euclidean,20,,0.1,eom,cosine,0.0,0.0,0.0,1.0,0.0,0.3156290382484226
2246,100,15,0.3,euclidean,20,,0.1,leaf,euclidean,0.0,0.0,0.0,1.0,0.0,0.3156290382484226
2247,100,15,0.3,euclidean,20,,0.1,leaf,cosine,0.0,0.0,0.0,1.0,0.0,0.3156290382484226
2248,100,15,0.3,euclidean,20,5.0,0.0,eom,euclidean,0.024993642842306162,0.13732421852559595,0.10471326419949563,0.19943420953793722,0.13732421852559595,0.1917775969911647
2249,100,15,0.3,euclidean,20,5.0,0.0,eom,cosine,0.007223071007514702,0.08567014371007742,0.061020910353080285,0.1437291483653917,0.08567014371007743,0.19574073561520788
2250,100,15,0.3,euclidean,20,5.0,0.0,leaf,euclidean,0.0164979190338816,0.08414437818384717,0.06036715016191981,0.13882391697012553,0.08414437818384717,0.20004789020563887
2251,100,15,0.3,euclidean,20,5.0,0.0,leaf,cosine,0.022788996203188576,0.12453781964343866,0.09543731472049002,0.1791698323176673,0.12453781964343866,0.1863245223010902
2252,100,15,0.3,euclidean,20,5.0,0.1,eom,euclidean,0.005905159399223512,0.07852328002488766,0.05638293897458695,0.1292943168481843,0.07852328002488766,0.1888159803114581
2253,100,15,0.3,euclidean,20,5.0,0.1,eom,cosine,0.00028814194547877465,0.06003724468026634,0.04284467694680701,0.10027543278055182,0.06003724468026634,0.1874132931779523
2254,100,15,0.3,euclidean,20,5.0,0.1,leaf,euclidean,-0.003358124998073586,0.06622010779927842,0.04696955866601141,0.11220924883602293,0.06622010779927842,0.18762013889691315
2255,100,15,0.3,euclidean,20,5.0,0.1,leaf,cosine,0.005586957294441975,0.08975133341499275,0.06357427558543631,0.1525748798194488,0.08975133341499275,0.19786689188678905
2256,100,15,0.3,cosine,5,,0.0,eom,euclidean,0.010134515582676471,0.20189202784663263,0.17434425239297224,0.2397790150888569,0.20189202784663263,0.15643776411392762
2257,100,15,0.3,cosine,5,,0.0,eom,cosine,0.010445827418866887,0.1800817358043163,0.15584998096738825,0.21323593185231143,0.18008173580431627,0.14943371406096156
2258,100,15,0.3,cosine,5,,0.0,leaf,euclidean,-0.002505141156931621,0.19919911904836918,0.1707229893413934,0.23907641381688008,0.19919911904836918,0.16042283542020516
2259,100,15,0.3,cosine,5,,0.0,leaf,cosine,0.00219765066834435,0.2062141086128875,0.17845777150609393,0.2441948241757568,0.20621410861288744,0.15947788724300674
2260,100,15,0.3,cosine,5,,0.1,eom,euclidean,0.0031589932977070237,0.19881547011236408,0.17093865942498987,0.23755634527195105,0.1988154701123641,0.15840814430870562
2261,100,15,0.3,cosine,5,,0.1,eom,cosine,-0.007988176745529919,0.04380617880100535,0.027323535847284485,0.11040969674301103,0.04380617880100534,0.24460394713727834
2262,100,15,0.3,cosine,5,,0.1,leaf,euclidean,0.004636714166147233,0.20777786848232954,0.18221799082733475,0.2416782952797693,0.20777786848232954,0.15561345823969583
2263,100,15,0.3,cosine,5,,0.1,leaf,cosine,-0.004396341173781811,0.046518523980465,0.029164518595914228,0.11487141442570148,0.046518523980465,0.24641528443169347
2264,100,15,0.3,cosine,5,5.0,0.0,eom,euclidean,-0.008016801201138502,0.21570969530736822,0.18901955708562357,0.2511765972640116,0.21570969530736825,0.14869558780795192
2265,100,15,0.3,cosine,5,5.0,0.0,eom,cosine,-0.002162982211724415,0.13853986163402884,0.11655264608775913,0.1707514825409028,0.13853986163402884,0.14020275270882948
2266,100,15,0.3,cosine,5,5.0,0.0,leaf,euclidean,0.01040427023969723,0.21193993322986865,0.1810841116917168,0.2554708870193568,0.21193993322986865,0.1692336152327692
2267,100,15,0.3,cosine,5,5.0,0.0,leaf,cosine,0.005182310470758544,0.1854224766593572,0.16005281627599924,0.2203496747125329,0.18542247665935724,0.15626448270599244
2268,100,15,0.3,cosine,5,5.0,0.1,eom,euclidean,-0.01033032451300697,0.04921115546779754,0.029557477724391105,0.14686863974673664,0.04921115546779755,0.25811018860526336
2269,100,15,0.3,cosine,5,5.0,0.1,eom,cosine,0.002403151317849877,0.055015420857782264,0.03466835351551106,0.1331789642375908,0.05501542085778226,0.25303018694829243
2270,100,15,0.3,cosine,5,5.0,0.1,leaf,euclidean,0.00029343519040898777,0.20939272706897957,0.18506234139042843,0.241089011639823,0.20939272706897957,0.14737022768956332
2271,100,15,0.3,cosine,5,5.0,0.1,leaf,cosine,-0.001324173750600311,0.04632919810918099,0.02896997396498358,0.11559595062833443,0.04632919810918099,0.2524395882493258
2272,100,15,0.3,cosine,10,,0.0,eom,euclidean,-0.0022954969844665124,0.07806762382493809,0.05293254415728851,0.14865808883066947,0.07806762382493808,0.2163994929475709
2273,100,15,0.3,cosine,10,,0.0,eom,cosine,-0.00503759558651245,0.054647654267602284,0.03702640059495575,0.10427161137134533,0.05464765426760227,0.21295872837077523
2274,100,15,0.3,cosine,10,,0.0,leaf,euclidean,-0.004118817709058148,0.10543971890946509,0.07671567095853037,0.1685477230169571,0.1054397189094651,0.19144134421942546
2275,100,15,0.3,cosine,10,,0.0,leaf,cosine,-0.012470039875148005,0.07736685717392872,0.05567723653555205,0.12673948122507445,0.07736685717392872,0.18938793480944585
2276,100,15,0.3,cosine,10,,0.1,eom,euclidean,-0.007214962886529805,0.12815256901590946,0.09276804901556486,0.20717554336515587,0.12815256901590946,0.20275832853118397
2277,100,15,0.3,cosine,10,,0.1,eom,cosine,-0.008751473119900167,0.06591399890494083,0.046647353897336784,0.11229488783836436,0.06591399890494082,0.18265258083194147
2278,100,15,0.3,cosine,10,,0.1,leaf,euclidean,-0.002974138582761896,0.09041857986148118,0.06667345788500473,0.14043217023976828,0.09041857986148118,0.18559226919629493
2279,100,15,0.3,cosine,10,,0.1,leaf,cosine,-0.005086125286539823,0.08083276409775952,0.056118747176501296,0.14444427368461812,0.08083276409775952,0.19908422543441975
2280,100,15,0.3,cosine,10,5.0,0.0,eom,euclidean,0.002203039229605621,0.16599137743291542,0.13259098994567892,0.22188554672301855,0.16599137743291542,0.18366676535849885
2281,100,15,0.3,cosine,10,5.0,0.0,eom,cosine,-0.006963617011199519,0.1003903364722148,0.07551737657088753,0.14969497808446527,0.1003903364722148,0.18244599252581484
2282,100,15,0.3,cosine,10,5.0,0.0,leaf,euclidean,0.006346106495863141,0.20229979921549096,0.174847307656362,0.2399784210112069,0.20229979921549096,0.15121993031692732
2283,100,15,0.3,cosine,10,5.0,0.0,leaf,cosine,0.0034935360277042527,0.18602430775832482,0.15829746995102445,0.22552680326399824,0.18602430775832485,0.1583751679539068
2284,100,15,0.3,cosine,10,5.0,0.1,eom,euclidean,-0.007184335957238714,0.12706715013487505,0.10169143681207746,0.16931820178113774,0.12706715013487505,0.16147402422771043
2285,100,15,0.3,cosine,10,5.0,0.1,eom,cosine,-0.00046648560745743623,0.056907495510100166,0.0407708935867533,0.09418454061650505,0.05690749551010017,0.18395933337729103
2286,100,15,0.3,cosine,10,5.0,0.1,leaf,euclidean,-0.0020548961063279374,0.15265530215532838,0.12730378838087442,0.19061466118164014,0.15265530215532838,0.15420700128503054
2287,100,15,0.3,cosine,10,5.0,0.1,leaf,cosine,-0.006327517296749483,0.04909419490334768,0.0344371963231202,0.0854726757632941,0.049094194903347675,0.19121805495453384
2288,100,15,0.3,cosine,20,,0.0,eom,euclidean,0.0,0.0,0.0,1.0,0.0,0.3156290382484226
2289,100,15,0.3,cosine,20,,0.0,eom,cosine,0.005843251109659747,0.08682227060152846,0.05650397079242092,0.1873468526098343,0.08682227060152845,0.24665138946879053
2290,100,15,0.3,cosine,20,,0.0,leaf,euclidean,0.0,0.0,0.0,1.0,0.0,0.3156290382484226
2291,100,15,0.3,cosine,20,,0.0,leaf,cosine,0.0,0.0,0.0,1.0,0.0,0.3156290382484226
2292,100,15,0.3,cosine,20,,0.1,eom,euclidean,0.0,0.0,0.0,1.0,0.0,0.3156290382484226
2293,100,15,0.3,cosine,20,,0.1,eom,cosine,0.0,0.0,0.0,1.0,0.0,0.3156290382484226
2294,100,15,0.3,cosine,20,,0.1,leaf,euclidean,0.009704307105040342,0.08059344944969538,0.052354874110632554,0.17496299660438247,0.08059344944969538,0.2524056090928718
2295,100,15,0.3,cosine,20,,0.1,leaf,cosine,0.0,0.0,0.0,1.0,0.0,0.3156290382484226
2296,100,15,0.3,cosine,20,5.0,0.0,eom,euclidean,-0.003124179106000209,0.054240710370776324,0.038031969405370285,0.09452684982068102,0.05424071037077632,0.19502076612831282
2297,100,15,0.3,cosine,20,5.0,0.0,eom,cosine,-0.01369959541272013,0.06885370736532381,0.052335641058936545,0.10060711645453232,0.06885370736532381,0.1578145239151805
2298,100,15,0.3,cosine,20,5.0,0.0,leaf,euclidean,-0.011380391676928146,0.09247026837999575,0.06909527231967513,0.13974671410437922,0.09247026837999577,0.16905240443120778
2299,100,15,0.3,cosine,20,5.0,0.0,leaf,cosine,0.002155528332441872,0.08277106899810291,0.061683570710703906,0.12576623260761707,0.08277106899810291,0.1851210758403341
2300,100,15,0.3,cosine,20,5.0,0.1,eom,euclidean,-0.00686547481181544,0.08421915253592617,0.06310198683418036,0.12657898047831162,0.08421915253592616,0.17296910811230917
2301,100,15,0.3,cosine,20,5.0,0.1,eom,cosine,-0.0049170125548406345,0.07317267382786176,0.05216082962192974,0.12253199651748209,0.07317267382786175,0.18268047748117575
2302,100,15,0.3,cosine,20,5.0,0.1,leaf,euclidean,-0.007531495849298415,0.10659998055915393,0.0856331556208213,0.14116299205562474,0.10659998055915391,0.14576061683515024
2303,100,15,0.3,cosine,20,5.0,0.1,leaf,cosine,0.001037032572818281,0.07491908315853396,0.052601972747030115,0.13012743881337516,0.07491908315853395,0.19825973761169946
2304,100,30,0.0,euclidean,5,,0.0,eom,euclidean,-0.006616435567671612,0.18689323569192837,0.1638331112393781,0.2175083513669404,0.18689323569192834,0.1338727126263303
2305,100,30,0.0,euclidean,5,,0.0,eom,cosine,0.009899917070156628,0.22519033955096315,0.1990953044789976,0.2591576265880974,0.22519033955096313,0.14812734918380505
2306,100,30,0.0,euclidean,5,,0.0,leaf,euclidean,-0.013905997932930852,0.19999820942744848,0.17265598347181035,0.23762985784366772,0.19999820942744848,0.1512990698178253
2307,100,30,0.0,euclidean,5,,0.0,leaf,cosine,0.0025487949173299404,0.23556454188752202,0.2124326464676486,0.2643497121386286,0.23556454188752202,0.14173094886181314
2308,100,30,0.0,euclidean,5,,0.1,eom,euclidean,0.0028011833046910494,0.20837443486531393,0.18375961939917196,0.24060356290036872,0.2083744348653139,0.14376097545103095
2309,100,30,0.0,euclidean,5,,0.1,eom,cosine,0.0021152142685993956,0.07388052551151564,0.04612710078729794,0.1854770071480678,0.07388052551151564,0.2588917071211367
2310,100,30,0.0,euclidean,5,,0.1,leaf,euclidean,-0.00892939138860773,0.22040177532293845,0.19246977290701472,0.2578172751344393,0.22040177532293845,0.15136149434046206
2311,100,30,0.0,euclidean,5,,0.1,leaf,cosine,-0.007835669694289032,0.047514937041011944,0.03007708364322581,0.11306944394028723,0.04751493704101194,0.24013813036331166
2312,100,30,0.0,euclidean,5,5.0,0.0,eom,euclidean,0.014603528049205873,0.23353676495524767,0.20963827350116876,0.263585127885281,0.23353676495524772,0.1420982424808203
2313,100,30,0.0,euclidean,5,5.0,0.0,eom,cosine,-0.003298871740261149,0.21284063768307226,0.19057995859991023,0.2409893865662743,0.2128406376830723,0.13182663547539428
2314,100,30,0.0,euclidean,5,5.0,0.0,leaf,euclidean,0.00012973745184792008,0.23180780614177357,0.20152661967008995,0.27279818627785685,0.23180780614177357,0.1607516848509388
2315,100,30,0.0,euclidean,5,5.0,0.0,leaf,cosine,0.024699197013313648,0.22382452795670205,0.19741315323677525,0.25839442267152657,0.22382452795670205,0.15832281987106675
2316,100,30,0.0,euclidean,5,5.0,0.1,eom,euclidean,0.014111939348899476,0.1835348029690075,0.15409533937838793,0.2268794597328551,0.18353480296900754,0.1595300156570797
2317,100,30,0.0,euclidean,5,5.0,0.1,eom,cosine,-0.002732197216150673,0.06783842630152502,0.04685944935261313,0.12282895195462779,0.06783842630152502,0.20298073941598432
2318,100,30,0.0,euclidean,5,5.0,0.1,leaf,euclidean,-0.0072761113538834295,0.21665883167056016,0.18889416643494353,0.2539919077795182,0.21665883167056016,0.1454786528479594
2319,100,30,0.0,euclidean,5,5.0,0.1,leaf,cosine,-0.0005626660055235258,0.06615314484549116,0.04188982775101001,0.1572145444304832,0.06615314484549117,0.24787748395343595
2320,100,30,0.0,euclidean,10,,0.0,eom,euclidean,0.00036368163998612803,0.09938310552348592,0.06922395327968969,0.17610972719986653,0.09938310552348593,0.20330340820583426
2321,100,30,0.0,euclidean,10,,0.0,eom,cosine,0.0030317642630636045,0.06874604213810892,0.04918179102661577,0.11415713418578158,0.06874604213810892,0.18816602432487722
2322,100,30,0.0,euclidean,10,,0.0,leaf,euclidean,0.00985593822026518,0.10186885645981894,0.0723679907131138,0.17197431514281747,0.10186885645981895,0.20008468797760862
2323,100,30,0.0,euclidean,10,,0.0,leaf,cosine,0.014640872027161921,0.09624341950653023,0.06877028394630437,0.16026983813871684,0.09624341950653023,0.20099630384546624
2324,100,30,0.0,euclidean,10,,0.1,eom,euclidean,0.011443474863993842,0.09535865085661771,0.0679365395876381,0.1599019664794539,0.0953586508566177,0.19918306035114522
2325,100,30,0.0,euclidean,10,,0.1,eom,cosine,0.00781155710169398,0.08353027305300777,0.05977792890857703,0.13860334972955582,0.08353027305300777,0.19285956215549055
2326,100,30,0.0,euclidean,10,,0.1,leaf,euclidean,0.005432760288754931,0.06849457939141726,0.04907680802294175,0.11333798068247546,0.06849457939141726,0.1897113872766379
2327,100,30,0.0,euclidean,10,,0.1,leaf,cosine,0.012497046779020318,0.07869911814024352,0.05648116976410939,0.12973147508905228,0.07869911814024352,0.19574282870224327
2328,100,30,0.0,euclidean,10,5.0,0.0,eom,euclidean,0.02139564075423569,0.13387230289148394,0.10607511608482587,0.18141154474455087,0.1338723028914839,0.1782910549785774
2329,100,30,0.0,euclidean,10,5.0,0.0,eom,cosine,0.023395605078536604,0.12024945840053504,0.09136331162502226,0.17584646753820313,0.12024945840053501,0.19028291042322332
2330,100,30,0.0,euclidean,10,5.0,0.0,leaf,euclidean,0.0030032331995199515,0.19697234906020583,0.16556292061771039,0.2430895898613349,0.19697234906020583,0.16472985058329437
2331,100,30,0.0,euclidean,10,5.0,0.0,leaf,cosine,-0.013522421120806939,0.17754849725974614,0.14622345173973508,0.2259539968803001,0.1775484972597461,0.15110397359217786
2332,100,30,0.0,euclidean,10,5.0,0.1,eom,euclidean,0.01883081390689903,0.1874980698878344,0.16025542394950415,0.2258999708814779,0.18749806988783443,0.15549785493311546
2333,100,30,0.0,euclidean,10,5.0,0.1,eom,cosine,0.00954762992713018,0.06689368055074797,0.04761745268165202,0.1123912847589987,0.06689368055074797,0.19788720379979924
2334,100,30,0.0,euclidean,10,5.0,0.1,leaf,euclidean,0.011915745802821854,0.17133037442783267,0.14527177956985693,0.20878117171062024,0.17133037442783264,0.15303022152316184
2335,100,30,0.0,euclidean,10,5.0,0.1,leaf,cosine,0.001698541226167733,0.06664767135723056,0.047074389060515656,0.11408262359743865,0.06664767135723056,0.19538333085400247
2336,100,30,0.0,euclidean,20,,0.0,eom,euclidean,0.0088880494287919,0.09437336000545722,0.06327844480619631,0.1855545219935643,0.09437336000545724,0.2350649815141757
2337,100,30,0.0,euclidean,20,,0.0,eom,cosine,0.010513076271377934,0.09947520220120716,0.0663737670111444,0.1984394700616075,0.09947520220120716,0.23954032596705024
2338,100,30,0.0,euclidean,20,,0.0,leaf,euclidean,0.0,0.0,0.0,1.0,0.0,0.3156290382484226
2339,100,30,0.0,euclidean,20,,0.0,leaf,cosine,0.014812783300029555,0.10445729582606442,0.07033971978024782,0.20284544645610264,0.10445729582606442,0.2392223527763095
2340,100,30,0.0,euclidean,20,,0.1,eom,euclidean,0.018791042283131956,0.1115672098277607,0.07479884779443027,0.21943182107055448,0.1115672098277607,0.24624217673142815
2341,100,30,0.0,euclidean,20,,0.1,eom,cosine,0.003228662929274653,0.10040661184206012,0.06677635963124899,0.2022798012651846,0.10040661184206014,0.2327639443905312
2342,100,30,0.0,euclidean,20,,0.1,leaf,euclidean,0.013986050792897898,0.1018812529164764,0.06893046150608116,0.19518583032234482,0.1018812529164764,0.23567918809827035
2343,100,30,0.0,euclidean,20,,0.1,leaf,cosine,0.009512569645896649,0.10621431876387777,0.06977911351353716,0.22227571367115825,0.10621431876387775,0.2465432695899751
2344,100,30,0.0,euclidean,20,5.0,0.0,eom,euclidean,0.005887277833478644,0.08164898574633978,0.05798964413177722,0.13791884370306864,0.08164898574633978,0.1958380519356879
2345,100,30,0.0,euclidean,20,5.0,0.0,eom,cosine,0.010788040892576888,0.08594645577767257,0.061445572916335414,0.1429442013866105,0.08594645577767257,0.19678560253007407
2346,100,30,0.0,euclidean,20,5.0,0.0,leaf,euclidean,0.009653844647218319,0.08431183656388762,0.059885113246555315,0.14239292564415967,0.08431183656388762,0.2001355654687689
2347,100,30,0.0,euclidean,20,5.0,0.0,leaf,cosine,0.004877679603414138,0.07644722571274436,0.05447649979027882,0.12811807811262158,0.07644722571274434,0.19247460349260873
2348,100,30,0.0,euclidean,20,5.0,0.1,eom,euclidean,0.009678822866854444,0.09308501624441833,0.0664912882504979,0.15513085529808876,0.09308501624441831,0.19605536722548514
2349,100,30,0.0,euclidean,20,5.0,0.1,eom,cosine,-0.0027868233114992326,0.055576149325390435,0.03859441280810538,0.09924401867158181,0.055576149325390435,0.20000460433952058
2350,100,30,0.0,euclidean,20,5.0,0.1,leaf,euclidean,0.003867775566150792,0.08157313763219583,0.0581631974906492,0.13652114581299332,0.08157313763219581,0.19163853942421064
2351,100,30,0.0,euclidean,20,5.0,0.1,leaf,cosine,0.004808155580647792,0.0859265273307475,0.060772715781287776,0.1466072170428632,0.0859265273307475,0.19777204662733877
2352,100,30,0.0,cosine,5,,0.0,eom,euclidean,0.0032916758452009092,0.18924137519621362,0.1670402572357102,0.21824852143281248,0.18924137519621362,0.13816647561955125
2353,100,30,0.0,cosine,5,,0.0,eom,cosine,0.006393833109380063,0.21361157526723673,0.19754526693436383,0.23252257992673733,0.21361157526723673,0.12394534312792906
2354,100,30,0.0,cosine,5,,0.0,leaf,euclidean,-0.0010589250361099636,0.20765241970723172,0.18584650013212142,0.23525566244349624,0.2076524197072317,0.14406877610908453
2355,100,30,0.0,cosine,5,,0.0,leaf,cosine,-0.007720680567980992,0.20193142631583302,0.1800319989067855,0.2298964595175619,0.20193142631583302,0.13489259633012737
2356,100,30,0.0,cosine,5,,0.1,eom,euclidean,0.017476173328604697,0.1906964147297443,0.16526039190781747,0.22538677942680102,0.19069641472974436,0.15276458294076706
2357,100,30,0.0,cosine,5,,0.1,eom,cosine,-0.00033642210358012924,0.05376843602650958,0.03379784573378443,0.13142574200043933,0.05376843602650958,0.25101730890708507
2358,100,30,0.0,cosine,5,,0.1,leaf,euclidean,-0.006978457201224658,0.18896925180301943,0.172504942168085,0.20890795765584158,0.18896925180301946,0.12039270913603674
2359,100,30,0.0,cosine,5,,0.1,leaf,cosine,0.010123320844387666,0.07678683992050872,0.04980089653362105,0.16761171699239286,0.07678683992050872,0.2522825079703328
2360,100,30,0.0,cosine,5,5.0,0.0,eom,euclidean,0.01060335422265102,0.2075478958203026,0.18858650823827328,0.2307484458288048,0.20754789582030259,0.13887842878405113
2361,100,30,0.0,cosine,5,5.0,0.0,eom,cosine,-0.0034954365134407858,0.19514485984705537,0.17483807139111596,0.22078863444019334,0.19514485984705535,0.13285660425236115
2362,100,30,0.0,cosine,5,5.0,0.0,leaf,euclidean,0.004158155940299597,0.20155315320753778,0.18378610021256464,0.223123000850675,0.20155315320753775,0.13225396510436974
2363,100,30,0.0,cosine,5,5.0,0.0,leaf,cosine,-0.0008614807053305549,0.20233597238622472,0.18140650034194367,0.2287247030508715,0.20233597238622475,0.1367028608064284
2364,100,30,0.0,cosine,5,5.0,0.1,eom,euclidean,0.013131031213200996,0.20970260262988566,0.18677897706960284,0.239040331897952,0.20970260262988566,0.1429600873178063
2365,100,30,0.0,cosine,5,5.0,0.1,eom,cosine,-0.0047194231590897045,0.05092524563746861,0.03239192626432075,0.11902832764034757,0.05092524563746861,0.2395507090358582
2366,100,30,0.0,cosine,5,5.0,0.1,leaf,euclidean,-0.005085521210858762,0.19473940742840076,0.1761214535306147,0.2177588915543804,0.19473940742840076,0.12784091895791924
2367,100,30,0.0,cosine,5,5.0,0.1,leaf,cosine,-0.00768207073357338,0.0649431471312961,0.046168643471236157,0.10945176692796128,0.0649431471312961,0.18160157701029775
2368,100,30,0.0,cosine,10,,0.0,eom,euclidean,-0.0002951199322311228,0.11243944012065538,0.0833599242755206,0.17267635754916044,0.11243944012065538,0.1851830155678814
2369,100,30,0.0,cosine,10,,0.0,eom,cosine,-0.009603279508969506,0.08547618358730853,0.0640198120344408,0.1285650113047112,0.08547618358730853,0.16753157679447186
2370,100,30,0.0,cosine,10,,0.0,leaf,euclidean,-0.006578800914608245,0.0914201291681437,0.06939359795464137,0.1339321204567161,0.0914201291681437,0.1640967248254046
2371,100,30,0.0,cosine,10,,0.0,leaf,cosine,-0.005521235592845557,0.1558777945572818,0.12195532479432372,0.21594354808421187,0.1558777945572818,0.1769829725365909
2372,100,30,0.0,cosine,10,,0.1,eom,euclidean,0.011302859931611245,0.13648337374156064,0.10776156036180662,0.1860793066705266,0.1364833737415606,0.17114326045171127
2373,100,30,0.0,cosine,10,,0.1,eom,cosine,-0.0009277490017246243,0.07243932350899271,0.05212047815621187,0.11872258892926647,0.07243932350899271,0.18060636985854284
2374,100,30,0.0,cosine,10,,0.1,leaf,euclidean,0.0014679245028920806,0.1186726477570715,0.0883364394704718,0.18074271345849682,0.11867264775707152,0.1852633142165665
2375,100,30,0.0,cosine,10,,0.1,leaf,cosine,0.005518693164289528,0.04946307874281892,0.033075660391835494,0.09803453176357237,0.04946307874281891,0.22237101589146624
2376,100,30,0.0,cosine,10,5.0,0.0,eom,euclidean,0.003316039815129141,0.164629660098297,0.1407065806606608,0.19835401666473737,0.164629660098297,0.14165659268242567
2377,100,30,0.0,cosine,10,5.0,0.0,eom,cosine,0.002977112158658561,0.15917067134266186,0.13601042583044884,0.19183727246145607,0.15917067134266183,0.13911811839262664
2378,100,30,0.0,cosine,10,5.0,0.0,leaf,euclidean,0.006303508387460757,0.1458867093256012,0.11664319092506166,0.1946997145157566,0.1458867093256012,0.17620735394937695
2379,100,30,0.0,cosine,10,5.0,0.0,leaf,cosine,-0.006831718543010708,0.1395604882879543,0.11365695725340594,0.18075670814320688,0.13956048828795425,0.1523451263835561
2380,100,30,0.0,cosine,10,5.0,0.1,eom,euclidean,-0.0011671164928149392,0.16903322095925657,0.14250814123540786,0.20769075942642623,0.16903322095925652,0.15011471479411584
2381,100,30,0.0,cosine,10,5.0,0.1,eom,cosine,0.001986725550555839,0.05788946996992811,0.0409882285558663,0.09850907513406897,0.0578894699699281,0.19335383165717884
2382,100,30,0.0,cosine,10,5.0,0.1,leaf,euclidean,0.0003907648454486668,0.18629035903261365,0.1624289708691881,0.218369626644722,0.18629035903261368,0.14009393434331027
2383,100,30,0.0,cosine,10,5.0,0.1,leaf,cosine,0.017938481488579967,0.07466431297091565,0.05062437720826182,0.14218219899669227,0.07466431297091565,0.2381731418034429
2384,100,30,0.0,cosine,20,,0.0,eom,euclidean,0.0,0.0,0.0,1.0,0.0,0.3156290382484226
2385,100,30,0.0,cosine,20,,0.0,eom,cosine,0.0,0.0,0.0,1.0,0.0,0.3156290382484226
2386,100,30,0.0,cosine,20,,0.0,leaf,euclidean,0.0,0.0,0.0,1.0,0.0,0.3156290382484226
2387,100,30,0.0,cosine,20,,0.0,leaf,cosine,0.0,0.0,0.0,1.0,0.0,0.3156290382484226
2388,100,30,0.0,cosine,20,,0.1,eom,euclidean,0.0,0.0,0.0,1.0,0.0,0.3156290382484226
2389,100,30,0.0,cosine,20,,0.1,eom,cosine,0.0,0.0,0.0,1.0,0.0,0.3156290382484226
2390,100,30,0.0,cosine,20,,0.1,leaf,euclidean,0.0,0.0,0.0,1.0,0.0,0.3156290382484226
2391,100,30,0.0,cosine,20,,0.1,leaf,cosine,-0.004514582965619364,0.07559124371793505,0.050380985611209454,0.1513012034081375,0.07559124371793505,0.22205030096283673
2392,100,30,0.0,cosine,20,5.0,0.0,eom,euclidean,0.008188255692956531,0.07803134046557574,0.05544577098903001,0.13166406882129467,0.07803134046557574,0.1984384667640362
2393,100,30,0.0,cosine,20,5.0,0.0,eom,cosine,0.006566795982382918,0.09832591517979349,0.07457990542856963,0.14425684590123955,0.09832591517979349,0.17703483875236353
2394,100,30,0.0,cosine,20,5.0,0.0,leaf,euclidean,0.013211661238880512,0.1019277782041014,0.0776783790677196,0.14818895294358264,0.10192777820410141,0.17997392957763872
2395,100,30,0.0,cosine,20,5.0,0.0,leaf,cosine,-0.012170316529652657,0.08969082704214831,0.06743953117951654,0.1338557986256538,0.08969082704214831,0.1652447386226691
2396,100,30,0.0,cosine,20,5.0,0.1,eom,euclidean,-0.0005240800861275443,0.07399662339899123,0.05195622104005305,0.1285134450946028,0.07399662339899123,0.19515338458127443
2397,100,30,0.0,cosine,20,5.0,0.1,eom,cosine,0.0036245208166176338,0.05229998796998879,0.03538131020144253,0.10022634121236222,0.05229998796998879,0.2241948876424302
2398,100,30,0.0,cosine,20,5.0,0.1,leaf,euclidean,-0.005040052702010769,0.05988552580733902,0.04261324874730598,0.10070319477421635,0.05988552580733902,0.1832613496638897
2399,100,30,0.0,cosine,20,5.0,0.1,leaf,cosine,0.0003984628921924751,0.06455193616283106,0.044088528103820475,0.12046499007298075,0.06455193616283106,0.2115846619459498
2400,100,30,0.1,euclidean,5,,0.0,eom,euclidean,0.011643159183760248,0.18403039932479084,0.15138598531053696,0.23462400762206456,0.18403039932479084,0.16571664790517582
2401,100,30,0.1,euclidean,5,,0.0,eom,cosine,-0.006539508967947533,0.1906714392761121,0.16379276582962787,0.22810363681449153,0.19067143927611208,0.14781005574657302
2402,100,30,0.1,euclidean,5,,0.0,leaf,euclidean,-0.004884586961222609,0.20533560299368728,0.17337618805798952,0.2517403228317792,0.20533560299368728,0.16651406027010457
2403,100,30,0.1,euclidean,5,,0.0,leaf,cosine,0.0051158135525659525,0.19755791614167253,0.16372203979860264,0.24902256059129238,0.19755791614167253,0.1780473530465609
2404,100,30,0.1,euclidean,5,,0.1,eom,euclidean,-0.005744227349542415,0.21197327784822795,0.1849307879703409,0.24827923142330935,0.21197327784822795,0.1421183073541583
2405,100,30,0.1,euclidean,5,,0.1,eom,cosine,-0.005038180379099164,0.06628683175795133,0.04185734811841662,0.1592043015896512,0.06628683175795133,0.2419290324376615
2406,100,30,0.1,euclidean,5,,0.1,leaf,euclidean,-0.0016383343947968712,0.19846443435257416,0.1658186447243264,0.2471157016689426,0.19846443435257413,0.169152772674277
2407,100,30,0.1,euclidean,5,,0.1,leaf,cosine,-0.0005499286168745357,0.05214930372982711,0.03246176410916028,0.13252142215439103,0.052149303729827116,0.25702257370709825
2408,100,30,0.1,euclidean,5,5.0,0.0,eom,euclidean,0.014484256828637425,0.2118424213093484,0.18395471582374462,0.24969666764899592,0.21184242130934838,0.15259476904599673
2409,100,30,0.1,euclidean,5,5.0,0.0,eom,cosine,0.0017065374344877625,0.2195908913549643,0.18924215048965679,0.26153288928847995,0.21959089135496432,0.154033063768853
2410,100,30,0.1,euclidean,5,5.0,0.0,leaf,euclidean,-0.0053624652193447805,0.19344013113714562,0.16158515348299904,0.24093895718451228,0.19344013113714562,0.15738809317099728
2411,100,30,0.1,euclidean,5,5.0,0.0,leaf,cosine,-0.007257872321204021,0.19787681779481514,0.16694578144089375,0.24287587316117298,0.19787681779481517,0.1592576950606029
2412,100,30,0.1,euclidean,5,5.0,0.1,eom,euclidean,0.008846657929226736,0.10112586438663057,0.07463393812358421,0.1567741191869964,0.10112586438663057,0.1911257430635405
2413,100,30,0.1,euclidean,5,5.0,0.1,eom,cosine,0.005287876830295698,0.06852489251977562,0.043980673881183895,0.15505764364127403,0.06852489251977562,0.24744218013711913
2414,100,30,0.1,euclidean,5,5.0,0.1,leaf,euclidean,-6.897559910970002e-05,0.2247267060515935,0.19300656313639097,0.26892362742317216,0.2247267060515935,0.15553038638975514
2415,100,30,0.1,euclidean,5,5.0,0.1,leaf,cosine,0.002576380637618491,0.07520054304867388,0.05278247839354727,0.1307211485406437,0.07520054304867388,0.20028050918271456
2416,100,30,0.1,euclidean,10,,0.0,eom,euclidean,0.009626089198100915,0.111994163825074,0.07803897009363059,0.19825681741963389,0.11199416382507402,0.21222049985791955
2417,100,30,0.1,euclidean,10,,0.0,eom,cosine,0.0044625594731921205,0.07593788342703295,0.05423268633022948,0.1266103074518193,0.07593788342703295,0.19114566466609734
2418,100,30,0.1,euclidean,10,,0.0,leaf,euclidean,0.004693745122878901,0.09052728698598025,0.06397331669910623,0.15476835796287008,0.09052728698598025,0.19848465356597075
2419,100,30,0.1,euclidean,10,,0.0,leaf,cosine,0.013771018997635425,0.10161933991772273,0.07261635849017216,0.16919640059985883,0.10161933991772273,0.19991303328642324
2420,100,30,0.1,euclidean,10,,0.1,eom,euclidean,0.013433759675432522,0.11234707587614685,0.07959274531968395,0.19091193079068308,0.11234707587614685,0.20566922569627
2421,100,30,0.1,euclidean,10,,0.1,eom,cosine,0.0169584911373753,0.09339905119734365,0.06662314677784555,0.15615983261457994,0.09339905119734365,0.20440423061351995
2422,100,30,0.1,euclidean,10,,0.1,leaf,euclidean,0.016372637033676564,0.09738809067953395,0.0695505024194194,0.16238114197827228,0.09738809067953397,0.20315677344230149
2423,100,30,0.1,euclidean,10,,0.1,leaf,cosine,0.014313218487532054,0.09318749073802132,0.06697302956176802,0.15312236958260061,0.09318749073802131,0.19667456596448654
2424,100,30,0.1,euclidean,10,5.0,0.0,eom,euclidean,-0.004558278557265789,0.08448916413312102,0.06238804886349079,0.13083929776119588,0.08448916413312102,0.1782920138434301
2425,100,30,0.1,euclidean,10,5.0,0.0,eom,cosine,0.014728639984547804,0.13380447659907352,0.10634149377434567,0.18039092959460712,0.13380447659907352,0.17040877895948042
2426,100,30,0.1,euclidean,10,5.0,0.0,leaf,euclidean,0.0015826111699361793,0.1516070242283555,0.11897110448350919,0.20891662158948593,0.1516070242283555,0.18186519691621425
2427,100,30,0.1,euclidean,10,5.0,0.0,leaf,cosine,0.012100825677070692,0.19057517070829014,0.16213546357220468,0.23111424380103213,0.19057517070829014,0.1541417842631364
2428,100,30,0.1,euclidean,10,5.0,0.1,eom,euclidean,0.016468766863220834,0.12344128004551325,0.09336660281526997,0.1820973664252766,0.12344128004551326,0.1861139920557611
2429,100,30,0.1,euclidean,10,5.0,0.1,eom,cosine,-0.004872674633990353,0.058178127840386874,0.04097492314710831,0.10028068949800494,0.058178127840386874,0.19027912906882735
2430,100,30,0.1,euclidean,10,5.0,0.1,leaf,euclidean,0.009036208256190203,0.17158516192058215,0.146293340880061,0.20745001067834234,0.17158516192058218,0.1502270379311651
2431,100,30,0.1,euclidean,10,5.0,0.1,leaf,cosine,-0.0008356383430796332,0.06612627970162535,0.046640834511246176,0.11357542445682806,0.06612627970162535,0.19360523758770884
2432,100,30,0.1,euclidean,20,,0.0,eom,euclidean,0.006927098260422402,0.09448260059585016,0.0630279810417253,0.18860986852688535,0.09448260059585015,0.23552877991307697
2433,100,30,0.1,euclidean,20,,0.0,eom,cosine,0.0,0.0,0.0,1.0,0.0,0.3156290382484226
2434,100,30,0.1,euclidean,20,,0.0,leaf,euclidean,0.0,0.0,0.0,1.0,0.0,0.3156290382484226
2435,100,30,0.1,euclidean,20,,0.0,leaf,cosine,0.007553260568082178,0.10079707846334081,0.06559878171803657,0.2175019758356904,0.1007970784633408,0.2486546494847807
2436,100,30,0.1,euclidean,20,,0.1,eom,euclidean,0.0,0.0,0.0,1.0,0.0,0.3156290382484226
2437,100,30,0.1,euclidean,20,,0.1,eom,cosine,0.0,0.0,0.0,1.0,0.0,0.3156290382484226
2438,100,30,0.1,euclidean,20,,0.1,leaf,euclidean,0.0,0.0,0.0,1.0,0.0,0.3156290382484226
2439,100,30,0.1,euclidean,20,,0.1,leaf,cosine,0.015216496733514802,0.11642591596239744,0.07769288852129924,0.23217397236699855,0.11642591596239744,0.2448448160419256
2440,100,30,0.1,euclidean,20,5.0,0.0,eom,euclidean,0.0003327135004048014,0.06717902910780185,0.047741125816287706,0.11331580628475735,0.06717902910780185,0.19014324590201678
2441,100,30,0.1,euclidean,20,5.0,0.0,eom,cosine,0.004106054722204132,0.07865250138026485,0.0562476322340369,0.13072268834685852,0.07865250138026485,0.18984125596075788
2442,100,30,0.1,euclidean,20,5.0,0.0,leaf,euclidean,0.00028814194547877465,0.06993380924724452,0.04990721144540912,0.11680487713262745,0.06993380924724452,0.1874132931779523
2443,100,30,0.1,euclidean,20,5.0,0.0,leaf,cosine,0.006270674551292667,0.0724505246172048,0.05146024625126011,0.12236054372840852,0.0724505246172048,0.1966631818407619
2444,100,30,0.1,euclidean,20,5.0,0.1,eom,euclidean,0.002330390896052908,0.07257647763247498,0.05196886124608023,0.12026681060291185,0.07257647763247498,0.18716268587806598
2445,100,30,0.1,euclidean,20,5.0,0.1,eom,cosine,0.00402187491014578,0.0738157227698852,0.05271610285483276,0.12307748591937866,0.0738157227698852,0.19060033261147782
2446,100,30,0.1,euclidean,20,5.0,0.1,leaf,euclidean,0.006725088646247687,0.08695007777942017,0.06257930787248067,0.14240994229618922,0.08695007777942017,0.18808851352966763
2447,100,30,0.1,euclidean,20,5.0,0.1,leaf,cosine,-0.00014774081846917323,0.07413058434896794,0.05226544089977042,0.12744834755172482,0.07413058434896794,0.19473374756331863
2448,100,30,0.1,cosine,5,,0.0,eom,euclidean,-0.0002502284282242502,0.21359535228235613,0.1923627228686177,0.24009677507684518,0.2135953522823561,0.14086825731099764
2449,100,30,0.1,cosine,5,,0.0,eom,cosine,-0.008247123387972153,0.18995136554866718,0.169242566842012,0.21643466724217117,0.18995136554866718,0.13357314103022475
2450,100,30,0.1,cosine,5,,0.0,leaf,euclidean,0.0010295039750155277,0.19493791458768045,0.16627531553071978,0.23554046520946237,0.19493791458768042,0.16155556360504245
2451,100,30,0.1,cosine,5,,0.0,leaf,cosine,0.011770599492787892,0.2070625545215881,0.18175595562602198,0.24055613431685133,0.20706255452158812,0.16116427706215253
2452,100,30,0.1,cosine,5,,0.1,eom,euclidean,-0.004785975463858924,0.18885780998824028,0.1642142958632325,0.2222037585463876,0.18885780998824034,0.14379228464499746
2453,100,30,0.1,cosine,5,,0.1,eom,cosine,-0.010001569459317334,0.0491769773409788,0.03134797049065411,0.11403229385910266,0.0491769773409788,0.23211263631947415
2454,100,30,0.1,cosine,5,,0.1,leaf,euclidean,0.0037676454201628594,0.20052834592439256,0.17972957777997345,0.22677085096686528,0.20052834592439256,0.1410034482082425
2455,100,30,0.1,cosine,5,,0.1,leaf,cosine,0.007648044285818341,0.0744082710287482,0.04943168897639765,0.1504032070760574,0.0744082710287482,0.23383207454938226
2456,100,30,0.1,cosine,5,5.0,0.0,eom,euclidean,-0.010330641942713291,0.19756262067532152,0.1765781966427194,0.22420724620047902,0.19756262067532157,0.1302299574304261
2457,100,30,0.1,cosine,5,5.0,0.0,eom,cosine,-0.004671261246120078,0.19149495040465705,0.16857068804495529,0.2216356178668377,0.19149495040465705,0.14178249942568447
2458,100,30,0.1,cosine,5,5.0,0.0,leaf,euclidean,0.007672890254490738,0.2183093917524849,0.18431705893655284,0.26767482678637067,0.21830939175248495,0.17155455437114392
2459,100,30,0.1,cosine,5,5.0,0.0,leaf,cosine,0.011654968134068492,0.2242318572994058,0.20606633884687547,0.24590971869920678,0.22423185729940578,0.13846524435567215
2460,100,30,0.1,cosine,5,5.0,0.1,eom,euclidean,-0.0006422308082586415,0.20264093307649772,0.17721472056783627,0.23658547534281876,0.20264093307649772,0.14550155883121274
2461,100,30,0.1,cosine,5,5.0,0.1,eom,cosine,-0.0018093632957807272,0.06940222317106776,0.04429535017068574,0.16021051335663997,0.06940222317106777,0.23990837208851787
2462,100,30,0.1,cosine,5,5.0,0.1,leaf,euclidean,0.00248618592549238,0.20319188480643532,0.1824886805719139,0.22919374347248858,0.2031918848064353,0.1393282245417235
2463,100,30,0.1,cosine,5,5.0,0.1,leaf,cosine,0.014688790022199737,0.07924800493713166,0.053601469610113514,0.15195204843920815,0.07924800493713166,0.23526544981893519
2464,100,30,0.1,cosine,10,,0.0,eom,euclidean,-0.005082635547359903,0.07840599845317034,0.05505019575733496,0.13618388448143098,0.07840599845317033,0.19186426220487046
2465,100,30,0.1,cosine,10,,0.0,eom,cosine,-0.0018562854776933027,0.10350784837755582,0.07479257473327942,0.16801371396092776,0.10350784837755583,0.1988548962369167
2466,100,30,0.1,cosine,10,,0.0,leaf,euclidean,-0.011530803561090808,0.0662935388578787,0.04715381049380028,0.11158648546086891,0.06629353885787868,0.1769227402573761
2467,100,30,0.1,cosine,10,,0.0,leaf,cosine,-0.004219521730019248,0.11311790803535869,0.08443895590994674,0.17129765783610332,0.1131179080353587,0.1873367945568778
2468,100,30,0.1,cosine,10,,0.1,eom,euclidean,0.004011165717709338,0.09639162006678648,0.0709192364680925,0.1504178983900989,0.09639162006678649,0.19234752134038774
2469,100,30,0.1,cosine,10,,0.1,eom,cosine,0.001604442733253048,0.06028430530095504,0.04123825295007084,0.11202221338118201,0.06028430530095504,0.20748711331526706
2470,100,30,0.1,cosine,10,,0.1,leaf,euclidean,-0.003440514475387053,0.07502043237964587,0.052778872109844645,0.12966084987868884,0.07502043237964587,0.19302359876840972
2471,100,30,0.1,cosine,10,,0.1,leaf,cosine,0.0062209458510436655,0.06232874315185872,0.0425013042292698,0.11683287516683881,0.06232874315185872,0.2137349739592623
2472,100,30,0.1,cosine,10,5.0,0.0,eom,euclidean,-0.001989212698409641,0.1455333087821822,0.11712196696981826,0.1921432450052214,0.14553330878218218,0.16159365574821064
2473,100,30,0.1,cosine,10,5.0,0.0,eom,cosine,-0.003901283464726923,0.12601419583547002,0.09794684114254187,0.17662826457806882,0.12601419583547002,0.1661043500298096
2474,100,30,0.1,cosine,10,5.0,0.0,leaf,euclidean,0.0008190524584287465,0.14500355717410632,0.11362316834547222,0.20033082155391635,0.14500355717410632,0.18296998711324278
2475,100,30,0.1,cosine,10,5.0,0.0,leaf,cosine,-0.005436354172690995,0.15011096090600956,0.12299776554315629,0.1925577049597921,0.15011096090600956,0.16158831732585927
2476,100,30,0.1,cosine,10,5.0,0.1,eom,euclidean,0.006680978984796951,0.16190515937241987,0.12536525167791535,0.22850776751809895,0.16190515937241984,0.19403647379264174
2477,100,30,0.1,cosine,10,5.0,0.1,eom,cosine,-0.0026800583751619856,0.06705804623423338,0.04809694874737603,0.11069823853739971,0.06705804623423338,0.18088123599730543
2478,100,30,0.1,cosine,10,5.0,0.1,leaf,euclidean,0.0038622960657667465,0.18152011642266266,0.1584702990655465,0.21241651759773228,0.18152011642266266,0.14297931438434902
2479,100,30,0.1,cosine,10,5.0,0.1,leaf,cosine,0.005211344822093392,0.06448372191877046,0.044163789118972605,0.11943728641481831,0.06448372191877046,0.21886522480048387
2480,100,30,0.1,cosine,20,,0.0,eom,euclidean,-0.005072284540040676,0.08024038577623671,0.0547413934737962,0.15020895529498474,0.08024038577623673,0.20987896181463492
2481,100,30,0.1,cosine,20,,0.0,eom,cosine,0.0003263046454287043,0.09024386144690572,0.06122458443421292,0.1715600116002463,0.09024386144690572,0.21853581921739929
2482,100,30,0.1,cosine,20,,0.0,leaf,euclidean,-0.00284674149767855,0.08112935693833075,0.05422790787193857,0.16099690505337144,0.08112935693833073,0.22259019029510427
2483,100,30,0.1,cosine,20,,0.0,leaf,cosine,0.0012373383663715192,0.0928278350655983,0.06114350376914586,0.19266729533818863,0.0928278350655983,0.23563040624564333
2484,100,30,0.1,cosine,20,,0.1,eom,euclidean,0.0,0.0,0.0,1.0,0.0,0.3156290382484226
2485,100,30,0.1,cosine,20,,0.1,eom,cosine,0.0009719276653399502,0.08331993937721248,0.05559434031025941,0.1662119226672822,0.08331993937721245,0.22872407776809753
2486,100,30,0.1,cosine,20,,0.1,leaf,euclidean,0.0,0.0,0.0,1.0,0.0,0.3156290382484226
2487,100,30,0.1,cosine,20,,0.1,leaf,cosine,0.0,0.0,0.0,1.0,0.0,0.3156290382484226
2488,100,30,0.1,cosine,20,5.0,0.0,eom,euclidean,-0.0048442914686471035,0.0705204913555563,0.05015280413525807,0.11874388140141841,0.0705204913555563,0.18432140951868967
2489,100,30,0.1,cosine,20,5.0,0.0,eom,cosine,-0.006119987339444693,0.06031783018633932,0.04186628453765295,0.10785016451603786,0.06031783018633932,0.19360807314874973
2490,100,30,0.1,cosine,20,5.0,0.0,leaf,euclidean,-0.005459204913236872,0.08971247806573196,0.06862136051371372,0.12952158281388315,0.08971247806573196,0.159749754911955
2491,100,30,0.1,cosine,20,5.0,0.0,leaf,cosine,-0.001658545166161244,0.06307706553757199,0.0443645067692445,0.10909046365311724,0.06307706553757199,0.19471648376898054
2492,100,30,0.1,cosine,20,5.0,0.1,eom,euclidean,0.0029743333266834954,0.10869715896785981,0.08286778563767762,0.15791976852745424,0.10869715896785981,0.17087233944435498
2493,100,30,0.1,cosine,20,5.0,0.1,eom,cosine,-0.004416094885650682,0.07755426943890162,0.05518594569324954,0.13041486395232832,0.07755426943890162,0.18389878044532929
2494,100,30,0.1,cosine,20,5.0,0.1,leaf,euclidean,0.0014824253478078011,0.08987373195575413,0.061307561187847796,0.16828666255119532,0.08987373195575413,0.2170978002337467
2495,100,30,0.1,cosine,20,5.0,0.1,leaf,cosine,0.005906919386094904,0.0636328056680498,0.043794942925908895,0.11632448825445232,0.0636328056680498,0.21385298875484887
2496,100,30,0.3,euclidean,5,,0.0,eom,euclidean,0.005396103138490258,0.13320017064254924,0.10222432988875926,0.1911099919495697,0.13320017064254924,0.1754104184816082
2497,100,30,0.3,euclidean,5,,0.0,eom,cosine,0.006832552849702379,0.17372939583907593,0.14062017199323143,0.22723134661299896,0.1737293958390759,0.17005962449449247
2498,100,30,0.3,euclidean,5,,0.0,leaf,euclidean,-0.0007617308822929308,0.19648556208362578,0.16212380957054662,0.24933058048900367,0.1964855620836258,0.17599005742110108
2499,100,30,0.3,euclidean,5,,0.0,leaf,cosine,-0.005822760945502728,0.2158815488141889,0.1806165198341509,0.26825850780134497,0.2158815488141889,0.16798963673401746
2500,100,30,0.3,euclidean,5,,0.1,eom,euclidean,0.0004080237827963181,0.15080726354944765,0.12263189394352496,0.19579145516099494,0.15080726354944765,0.16200239331635521
2501,100,30,0.3,euclidean,5,,0.1,eom,cosine,-0.0040476898101928956,0.06515720886011321,0.04085130241923393,0.16087598310852702,0.06515720886011321,0.24782008069273023
2502,100,30,0.3,euclidean,5,,0.1,leaf,euclidean,-0.018602686215260674,0.14851760438719858,0.11502299560788656,0.2095336412462321,0.14851760438719858,0.17496347503406384
2503,100,30,0.3,euclidean,5,,0.1,leaf,cosine,0.01349144826903729,0.07468815815458274,0.04799712540056428,0.16825313549285933,0.07468815815458274,0.2551426231242862
2504,100,30,0.3,euclidean,5,5.0,0.0,eom,euclidean,-0.010473822138143192,0.05610862548362596,0.03533014885145595,0.13622668654945655,0.05610862548362597,0.23952281151417407
2505,100,30,0.3,euclidean,5,5.0,0.0,eom,cosine,0.008506560868477994,0.1970473732455501,0.16134740531346842,0.2530340694534042,0.1970473732455501,0.18076305246721308
2506,100,30,0.3,euclidean,5,5.0,0.0,leaf,euclidean,-0.004013548082029171,0.206188702814034,0.16348864587687453,0.279078612591459,0.20618870281403398,0.1818429352793748
2507,100,30,0.3,euclidean,5,5.0,0.0,leaf,cosine,-0.008037939379801762,0.19100410923589975,0.14721278805554425,0.27188018406871217,0.19100410923589975,0.1958962817014794
2508,100,30,0.3,euclidean,5,5.0,0.1,eom,euclidean,-0.0024802361193334457,0.18715081586120447,0.1590259520879523,0.22736126230527948,0.18715081586120452,0.1489038496089847
2509,100,30,0.3,euclidean,5,5.0,0.1,eom,cosine,-0.006081969964905706,0.06419642517119843,0.04055014100714078,0.15399882506172832,0.06419642517119843,0.24251720648782638
2510,100,30,0.3,euclidean,5,5.0,0.1,leaf,euclidean,-0.0026574583294317173,0.2091367713349916,0.17970089844946663,0.25010520955674076,0.2091367713349916,0.1511973589412908
2511,100,30,0.3,euclidean,5,5.0,0.1,leaf,cosine,-0.008534460482647416,0.0612466930148108,0.038086929254181785,0.1562720306755634,0.06124669301481081,0.2462828023705513
2512,100,30,0.3,euclidean,10,,0.0,eom,euclidean,0.0010298912546028139,0.09249303203764843,0.06392016413936914,0.16725946305114417,0.09249303203764841,0.20891834816132976
2513,100,30,0.3,euclidean,10,,0.0,eom,cosine,0.0035895888805816795,0.08755089117789112,0.06039690610431119,0.15906553304782012,0.08755089117789112,0.2127430689603384
2514,100,30,0.3,euclidean,10,,0.0,leaf,euclidean,-0.0013409270615842616,0.10520540313086044,0.06931403179747471,0.21818163355708126,0.10520540313086045,0.23260436449631108
2515,100,30,0.3,euclidean,10,,0.0,leaf,cosine,-0.0023582334234022403,0.09682569235493414,0.06643730880736178,0.17844743989210818,0.09682569235493414,0.20952144678179943
2516,100,30,0.3,euclidean,10,,0.1,eom,euclidean,0.023923562337172972,0.11866675212667964,0.08422778106785492,0.20074866654468307,0.11866675212667965,0.2153325586248941
2517,100,30,0.3,euclidean,10,,0.1,eom,cosine,0.01780176661226082,0.13865624008102642,0.09440013986200867,0.26103139175821743,0.13865624008102642,0.23619749873711904
2518,100,30,0.3,euclidean,10,,0.1,leaf,euclidean,-0.007883457764106538,0.07550368299170734,0.05290988440102716,0.13177463488969166,0.07550368299170733,0.19056287234889885
2519,100,30,0.3,euclidean,10,,0.1,leaf,cosine,0.003987757125145765,0.08262109997232485,0.05809247866604237,0.14300097977598988,0.08262109997232485,0.2010211484159043
2520,100,30,0.3,euclidean,10,5.0,0.0,eom,euclidean,0.009279418418340098,0.13940848202650974,0.10386521532483382,0.21193324100951838,0.1394084820265097,0.18789767357840406
2521,100,30,0.3,euclidean,10,5.0,0.0,eom,cosine,0.009558519230512503,0.11750218323971066,0.08788343316833365,0.177234213231648,0.11750218323971069,0.18452470603055424
2522,100,30,0.3,euclidean,10,5.0,0.0,leaf,euclidean,0.008385730131193116,0.13681168359537907,0.10363151461040065,0.20124529718381895,0.13681168359537907,0.18843678211644957
2523,100,30,0.3,euclidean,10,5.0,0.0,leaf,cosine,-0.003420484454162818,0.1221930885622588,0.09411175075555396,0.1741592242309771,0.12219308856225877,0.1717673140573908
2524,100,30,0.3,euclidean,10,5.0,0.1,eom,euclidean,0.012183290479362648,0.166459488556228,0.1354138907404908,0.21597485562327223,0.166459488556228,0.1661670362735085
2525,100,30,0.3,euclidean,10,5.0,0.1,eom,cosine,0.010954209726825323,0.08240559681943839,0.05927699420397182,0.13513066198480544,0.08240559681943839,0.19268793108142396
2526,100,30,0.3,euclidean,10,5.0,0.1,leaf,euclidean,-0.004191782850588042,0.13207297314359567,0.10032998038821558,0.19319814534275478,0.13207297314359567,0.17647953515768283
2527,100,30,0.3,euclidean,10,5.0,0.1,leaf,cosine,-0.0018073323107956568,0.07289455836630554,0.0521764482072948,0.12090210052913554,0.07289455836630554,0.1831191802284456
2528,100,30,0.3,euclidean,20,,0.0,eom,euclidean,0.0,0.0,0.0,1.0,0.0,0.3156290382484226
2529,100,30,0.3,euclidean,20,,0.0,eom,cosine,0.0,0.0,0.0,1.0,0.0,0.3156290382484226
2530,100,30,0.3,euclidean,20,,0.0,leaf,euclidean,0.0,0.0,0.0,1.0,0.0,0.3156290382484226
2531,100,30,0.3,euclidean,20,,0.0,leaf,cosine,0.0,0.0,0.0,1.0,0.0,0.3156290382484226
2532,100,30,0.3,euclidean,20,,0.1,eom,euclidean,0.0,0.0,0.0,1.0,0.0,0.3156290382484226
2533,100,30,0.3,euclidean,20,,0.1,eom,cosine,0.0,0.0,0.0,1.0,0.0,0.3156290382484226
2534,100,30,0.3,euclidean,20,,0.1,leaf,euclidean,0.0,0.0,0.0,1.0,0.0,0.3156290382484226
2535,100,30,0.3,euclidean,20,,0.1,leaf,cosine,0.0,0.0,0.0,1.0,0.0,0.3156290382484226
2536,100,30,0.3,euclidean,20,5.0,0.0,eom,euclidean,0.005883435554686181,0.08869615068348795,0.06332208089290285,0.14800314075289944,0.08869615068348795,0.19267190404178372
2537,100,30,0.3,euclidean,20,5.0,0.0,eom,cosine,0.004572877743942717,0.06814692127763278,0.0489400309449408,0.11216818564924369,0.06814692127763278,0.18732496123701398
2538,100,30,0.3,euclidean,20,5.0,0.0,leaf,euclidean,0.0004109989024542353,0.09567746241975644,0.06640397719232813,0.17110907225111102,0.09567746241975644,0.20124713559014276
2539,100,30,0.3,euclidean,20,5.0,0.0,leaf,cosine,0.005985193292945943,0.07843087983658154,0.056271832487811486,0.129378158776742,0.07843087983658154,0.18934438622405647
2540,100,30,0.3,euclidean,20,5.0,0.1,eom,euclidean,-0.0003938122254082725,0.07313975488909884,0.052309521924508835,0.12153723093288005,0.07313975488909884,0.18480887288350456
2541,100,30,0.3,euclidean,20,5.0,0.1,eom,cosine,0.006721591564796649,0.07245142682835085,0.05181606646086382,0.12039970924582984,0.07245142682835086,0.1924619293515189
2542,100,30,0.3,euclidean,20,5.0,0.1,leaf,euclidean,-0.003788316009340426,0.07999676748577354,0.05680614382903667,0.1351848151199963,0.07999676748577353,0.1862922324783404
2543,100,30,0.3,euclidean,20,5.0,0.1,leaf,cosine,0.008132186748776967,0.09895438609339423,0.07082954498388455,0.16412463980017106,0.09895438609339423,0.19318424155305872
2544,100,30,0.3,cosine,5,,0.0,eom,euclidean,-0.0028254015649000646,0.1797323134385337,0.1487299017498085,0.227063103996434,0.1797323134385337,0.1621112867640805
2545,100,30,0.3,cosine,5,,0.0,eom,cosine,0.0013061230171988608,0.20321275593314558,0.17543279864666536,0.2414459631500638,0.20321275593314556,0.1609395970659896
2546,100,30,0.3,cosine,5,,0.0,leaf,euclidean,-0.0030375440443886435,0.2036272689021338,0.17106044177838403,0.25151030004804087,0.2036272689021338,0.17004773285132915
2547,100,30,0.3,cosine,5,,0.0,leaf,cosine,0.001833693338098864,0.1847290312955022,0.1550917802499117,0.2283692307417647,0.1847290312955022,0.16978192304577974
2548,100,30,0.3,cosine,5,,0.1,eom,euclidean,-0.0012388122644460113,0.1718589226741436,0.14398380483600637,0.21311843430022023,0.1718589226741436,0.15517043976231673
2549,100,30,0.3,cosine,5,,0.1,eom,cosine,0.0013505427098666114,0.055076443657091814,0.034555579019815305,0.13560649323158971,0.05507644365709182,0.25035328633157267
2550,100,30,0.3,cosine,5,,0.1,leaf,euclidean,-0.00765670007270184,0.2030604414229172,0.17282008142758454,0.2461284232351692,0.20306044142291718,0.1585176445123036
2551,100,30,0.3,cosine,5,,0.1,leaf,cosine,0.006085091563923364,0.05160601341157586,0.03258702838988676,0.12394466751732457,0.051606013411575856,0.2552484486379331
2552,100,30,0.3,cosine,5,5.0,0.0,eom,euclidean,-0.001617294195922327,0.16007723169112265,0.12997191242610517,0.2083333703515048,0.16007723169112265,0.173515398864784
2553,100,30,0.3,cosine,5,5.0,0.0,eom,cosine,0.007919252772345776,0.1883828206466766,0.16144889228857492,0.22610270880586508,0.18838282064667666,0.1625942055082405
2554,100,30,0.3,cosine,5,5.0,0.0,leaf,euclidean,0.0025866111948510814,0.22428349526510089,0.19889853571159508,0.2570960715596276,0.22428349526510086,0.15187330711361496
2555,100,30,0.3,cosine,5,5.0,0.0,leaf,cosine,0.006795260792476894,0.20517087269513742,0.17913432969583135,0.24006321414825743,0.2051708726951374,0.1593688421874909
2556,100,30,0.3,cosine,5,5.0,0.1,eom,euclidean,-0.0002392058964753912,0.2042540617584296,0.1760869323318779,0.24314845237042135,0.20425406175842964,0.15869636635559617
2557,100,30,0.3,cosine,5,5.0,0.1,eom,cosine,0.0004960142295779859,0.06153110744211175,0.039289827906119366,0.14180366385384555,0.06153110744211175,0.23926018365425775
2558,100,30,0.3,cosine,5,5.0,0.1,leaf,euclidean,-0.005259702893849284,0.19995188289623503,0.16837956901479348,0.2460966842215132,0.19995188289623503,0.16650855654789537
2559,100,30,0.3,cosine,5,5.0,0.1,leaf,cosine,-0.007527679331849776,0.04251140988939493,0.02803950020554069,0.08785632824238182,0.042511409889394926,0.21594635654066935
2560,100,30,0.3,cosine,10,,0.0,eom,euclidean,-0.001670107817066825,0.07468413579582894,0.050839130342838455,0.1406556622879942,0.07468413579582894,0.21480993198464046
2561,100,30,0.3,cosine,10,,0.0,eom,cosine,-0.0013379740301760219,0.07823392212206057,0.05372616552739585,0.1438548094615341,0.07823392212206057,0.20936253438135757
2562,100,30,0.3,cosine,10,,0.0,leaf,euclidean,-0.007493960459498102,0.0978936692552309,0.06542038475613797,0.19437951922636665,0.09789366925523088,0.23031954661604964
2563,100,30,0.3,cosine,10,,0.0,leaf,cosine,-0.010404021962944524,0.07090702947396763,0.04526097073858007,0.16361638459854091,0.07090702947396763,0.23593480280245158
2564,100,30,0.3,cosine,10,,0.1,eom,euclidean,0.01968266644695615,0.08586227147975244,0.05866466343662529,0.16007475740181934,0.08586227147975244,0.2277788275320182
2565,100,30,0.3,cosine,10,,0.1,eom,cosine,-0.0009201668193826895,0.08157601862581564,0.05682970997136026,0.1444965710877009,0.08157601862581562,0.20188243155735622
2566,100,30,0.3,cosine,10,,0.1,leaf,euclidean,-0.014128517703958126,0.08114367555360957,0.05465389565186526,0.15746341961745214,0.08114367555360957,0.21960189708356245
2567,100,30,0.3,cosine,10,,0.1,leaf,cosine,-0.006707533407812573,0.06622386309355131,0.04418716586932415,0.13210758065247033,0.06622386309355131,0.220018317022599
2568,100,30,0.3,cosine,10,5.0,0.0,eom,euclidean,-0.0007142774183807389,0.1533966691538698,0.12184746407417156,0.20699175534455988,0.1533966691538698,0.17188290803601428
2569,100,30,0.3,cosine,10,5.0,0.0,eom,cosine,-0.001070197252296627,0.10866518622427826,0.08376532573571753,0.1546301329988846,0.10866518622427826,0.17566712898976222
2570,100,30,0.3,cosine,10,5.0,0.0,leaf,euclidean,0.009239598452398756,0.17005085586524218,0.13546090333568372,0.22836349181228374,0.17005085586524218,0.1762496204314041
2571,100,30,0.3,cosine,10,5.0,0.0,leaf,cosine,0.015004018199394495,0.2093532771763493,0.1735821617961192,0.263694350899167,0.20935327717634927,0.18452009113010007
2572,100,30,0.3,cosine,10,5.0,0.1,eom,euclidean,0.009056657322890202,0.152916564472565,0.12455041245060737,0.19801390675261474,0.152916564472565,0.1685793207904183
2573,100,30,0.3,cosine,10,5.0,0.1,eom,cosine,-0.0044651031674168284,0.0693868239797366,0.04672869636822995,0.1347020862894769,0.0693868239797366,0.21299695750893127
2574,100,30,0.3,cosine,10,5.0,0.1,leaf,euclidean,-0.015175968526347785,0.1304675980901501,0.10270833677014787,0.17878953038118364,0.13046759809015013,0.16170511098395082
2575,100,30,0.3,cosine,10,5.0,0.1,leaf,cosine,0.004317936813839667,0.05711480387644527,0.037831634927551844,0.11649191969290194,0.057114803876445276,0.23273018344659882
2576,100,30,0.3,cosine,20,,0.0,eom,euclidean,0.0,0.0,0.0,1.0,0.0,0.3156290382484226
2577,100,30,0.3,cosine,20,,0.0,eom,cosine,0.005643270022657614,0.10588179787839923,0.06997228457460815,0.21750406722678783,0.10588179787839924,0.23842950413206052
2578,100,30,0.3,cosine,20,,0.0,leaf,euclidean,0.0,0.0,0.0,1.0,0.0,0.3156290382484226
2579,100,30,0.3,cosine,20,,0.0,leaf,cosine,0.0,0.0,0.0,1.0,0.0,0.3156290382484226
2580,100,30,0.3,cosine,20,,0.1,eom,euclidean,7.51197892353342e-05,0.07940789396058574,0.05239005585579814,0.16396611604126285,0.07940789396058574,0.2331624168475629
2581,100,30,0.3,cosine,20,,0.1,eom,cosine,0.0009274657797108865,0.10382200532295732,0.06700895034480073,0.23039567182593723,0.10382200532295732,0.24498594426583883
2582,100,30,0.3,cosine,20,,0.1,leaf,euclidean,0.0,0.0,0.0,1.0,0.0,0.3156290382484226
2583,100,30,0.3,cosine,20,,0.1,leaf,cosine,0.0,0.0,0.0,1.0,0.0,0.3156290382484226
2584,100,30,0.3,cosine,20,5.0,0.0,eom,euclidean,-0.006342598347598867,0.05961769961090499,0.04067223656556301,0.11160355585299694,0.05961769961090499,0.2084853432102881
2585,100,30,0.3,cosine,20,5.0,0.0,eom,cosine,-0.005885153143809316,0.0799694187746513,0.05603885318183508,0.1395712712901582,0.07996941877465132,0.19236416374664028
2586,100,30,0.3,cosine,20,5.0,0.0,leaf,euclidean,-0.004601467440239356,0.07384541091178355,0.04999894559534255,0.14117944620429168,0.07384541091178355,0.21195099070676834
2587,100,30,0.3,cosine,20,5.0,0.0,leaf,cosine,0.0052959707417766805,0.050402524663199645,0.033624295184606974,0.10060208697392212,0.050402524663199645,0.23223308639222262
2588,100,30,0.3,cosine,20,5.0,0.1,eom,euclidean,-0.004836152841691235,0.08641533746773526,0.060573712192677216,0.1507107186855585,0.08641533746773525,0.19306258919870942
2589,100,30,0.3,cosine,20,5.0,0.1,eom,cosine,-0.002301794225840659,0.07319717607646356,0.05163988471341667,0.12565052786214573,0.07319717607646356,0.19176253255823245
2590,100,30,0.3,cosine,20,5.0,0.1,leaf,euclidean,0.004775160181638005,0.07705949277378157,0.05414017117431121,0.13362910318558804,0.07705949277378156,0.20188952474906305
2591,100,30,0.3,cosine,20,5.0,0.1,leaf,cosine,0.0,0.0,0.0,1.0,0.0,0.3156290382484226
