,version,image_path,height,width
0,_separated,../data/Cerrado_trees.v1i.coco/_separated\DJI_0001_frame0_jpg_Machaerium_opacum_1.png,2159,3462
1,_separated,../data/Cerrado_trees.v1i.coco/_separated\DJI_0002_frame70_jpg_Eugenia_dysenterica_1.png,2098,1963
2,_separated,../data/Cerrado_trees.v1i.coco/_separated\DJI_0003_frame20_jpg_Citrus_1.png,456,416
3,_separated,../data/Cerrado_trees.v1i.coco/_separated\DJI_0003_frame20_jpg_Citrus_3.png,363,650
4,_separated,../data/Cerrado_trees.v1i.coco/_separated\DJI_0003_frame20_jpg_Eugenia_dysenterica_2.png,916,954
5,_separated,../data/Cerrado_trees.v1i.coco/_separated\DJI_0004_frame120_jpg_Terminalia_argentea_1.png,2149,2318
6,_separated,../data/Cerrado_trees.v1i.coco/_separated\DJI_0005_frame150_jpg_Astronium_fraxinifolium_1.png,2095,2709
7,_separated,../data/Cerrado_trees.v1i.coco/_separated\DJI_0005_frame150_jpg_Terminalia_argentea_2.png,478,2144
8,_separated,../data/Cerrado_trees.v1i.coco/_separated\DJI_0009_frame260_jpg_Jacaranda_2.png,2144,2057
9,_separated,../data/Cerrado_trees.v1i.coco/_separated\DJI_0009_frame260_jpg_Musa_1.png,1196,1244
10,_separated,../data/Cerrado_trees.v1i.coco/_separated\DJI_0463_BANANEIRA_EDITADO_frame0_png_Musa_1.png,1990,2227
11,_separated,../data/Cerrado_trees.v1i.coco/_separated\DJI_0463_BANANEIRA_EDITADO_frame0_png_Terminalia_argentea_2.png,399,1072
12,_separated,../data/Cerrado_trees.v1i.coco/_separated\DJI_0463_BANANEIRA_EDITADO_frame100_png_Musa_1.png,1880,2114
13,_separated,../data/Cerrado_trees.v1i.coco/_separated\DJI_0463_BANANEIRA_EDITADO_frame190_png_Musa_2.png,1823,2015
14,_separated,../data/Cerrado_trees.v1i.coco/_separated\DJI_0463_BANANEIRA_EDITADO_frame190_png_Terminalia_argentea_1.png,653,1685
15,_separated,../data/Cerrado_trees.v1i.coco/_separated\DJI_0464_PEQUI_EDITADO_frame0_png_Caryocar_brasiliense_1.png,1488,1602
16,_separated,../data/Cerrado_trees.v1i.coco/_separated\DJI_0464_PEQUI_EDITADO_frame30_png_Caryocar_brasiliense_1.png,1503,1513
17,_separated,../data/Cerrado_trees.v1i.coco/_separated\DJI_0465_EDITADO_frame40_png_Astronium_fraxinifolium_3.png,1167,1178
18,_separated,../data/Cerrado_trees.v1i.coco/_separated\DJI_0465_EDITADO_frame40_png_Musa_1.png,86,123
19,_separated,../data/Cerrado_trees.v1i.coco/_separated\DJI_0465_EDITADO_frame40_png_Musa_4.png,1373,426
20,_separated,../data/Cerrado_trees.v1i.coco/_separated\DJI_0465_EDITADO_frame40_png_Terminalia_argentea_2.png,570,833
21,_separated,../data/Cerrado_trees.v1i.coco/_separated\DJI_0465_EDITADO_frame80_png_Astronium_fraxinifolium_3.png,1107,1186
22,_separated,../data/Cerrado_trees.v1i.coco/_separated\DJI_0465_EDITADO_frame80_png_Musa_1.png,64,94
23,_separated,../data/Cerrado_trees.v1i.coco/_separated\DJI_0465_EDITADO_frame80_png_Musa_4.png,1374,370
24,_separated,../data/Cerrado_trees.v1i.coco/_separated\DJI_0465_EDITADO_frame80_png_Qualea_parviflora_5.png,543,740
25,_separated,../data/Cerrado_trees.v1i.coco/_separated\DJI_0465_EDITADO_frame80_png_Terminalia_argentea_2.png,597,1123
26,_separated,../data/Cerrado_trees.v1i.coco/_separated\DJI_0466_EDITADO_frame100_png_Terminalia_argentea_1.png,1651,1525
27,_separated,../data/Cerrado_trees.v1i.coco/_separated\DJI_0466_EDITADO_frame100_png_Terminalia_argentea_2.png,306,1672
28,_separated,../data/Cerrado_trees.v1i.coco/_separated\DJI_0466_EDITADO_frame140_png_Terminalia_argentea_1.png,1210,1540
29,_separated,../data/Cerrado_trees.v1i.coco/_separated\DJI_0466_EDITADO_frame140_png_Terminalia_argentea_2.png,959,1783
30,_separated,../data/Cerrado_trees.v1i.coco/_separated\DJI_0466_EDITADO_frame320_png_Terminalia_argentea_1.png,1204,2058
31,_separated,../data/Cerrado_trees.v1i.coco/_separated\DJI_0466_EDITADO_frame430_png_Terminalia_argentea_1.png,1991,2078
32,_separated,../data/Cerrado_trees.v1i.coco/_separated\DJI_0467_EDITADO_frame0_png_Terminalia_argentea_1.png,2086,2179
33,_separated,../data/Cerrado_trees.v1i.coco/_separated\DJI_0467_EDITADO_frame140_png_Terminalia_argentea_1.png,359,1406
34,_separated,../data/Cerrado_trees.v1i.coco/_separated\DJI_0467_EDITADO_frame240_png_Terminalia_argentea_1.png,1904,1510
35,_separated,../data/Cerrado_trees.v1i.coco/_separated\DJI_0467_EDITADO_frame240_png_Terminalia_argentea_2.png,182,1136
36,_separated,../data/Cerrado_trees.v1i.coco/_separated\DJI_0467_EDITADO_frame240_png_Terminalia_argentea_3.png,131,285
37,_separated,../data/Cerrado_trees.v1i.coco/_separated\DJI_0467_EDITADO_frame440_png_Astronium_fraxinifolium_1.png,1902,2428
38,_separated,../data/Cerrado_trees.v1i.coco/_separated\DJI_0467_EDITADO_frame540_png_Musa_1.png,1011,314
39,_separated,../data/Cerrado_trees.v1i.coco/_separated\DJI_0467_EDITADO_frame540_png_Terminalia_argentea_2.png,1473,1222
40,_separated,../data/Cerrado_trees.v1i.coco/_separated\DJI_0467_EDITADO_frame540_png_Terminalia_argentea_3.png,443,1637
41,_separated,../data/Cerrado_trees.v1i.coco/_separated\DJI_0467_EDITADO_frame640_png_Musa_1.png,456,482
42,_separated,../data/Cerrado_trees.v1i.coco/_separated\DJI_0467_EDITADO_frame640_png_Terminalia_argentea_2.png,571,1215
43,_separated,../data/Cerrado_trees.v1i.coco/_separated\DJI_0467_EDITADO_frame640_png_Terminalia_argentea_3.png,631,776
44,_separated,../data/Cerrado_trees.v1i.coco/_separated\DJI_0467_EDITADO_frame640_png_Terminalia_argentea_4.png,1650,1747
45,_separated,../data/Cerrado_trees.v1i.coco/_separated\DJI_0468_EDITADO_frame0_png_Caryocar_brasiliense_1.png,2001,1943
46,_separated,../data/Cerrado_trees.v1i.coco/_separated\DJI_0468_EDITADO_frame100_png_Caryocar_brasiliense_1.png,1533,1005
47,_separated,../data/Cerrado_trees.v1i.coco/_separated\DJI_0468_EDITADO_frame100_png_Caryocar_brasiliense_2.png,1412,1443
48,_separated,../data/Cerrado_trees.v1i.coco/_separated\DJI_0468_EDITADO_frame100_png_Caryocar_brasiliense_3.png,541,1473
49,_separated,../data/Cerrado_trees.v1i.coco/_separated\DJI_0468_EDITADO_frame190_png_Caryocar_brasiliense_1.png,1432,1455
50,_separated,../data/Cerrado_trees.v1i.coco/_separated\DJI_0468_EDITADO_frame190_png_Caryocar_brasiliense_2.png,505,1704
51,_separated,../data/Cerrado_trees.v1i.coco/_separated\DJI_0468_EDITADO_frame190_png_Caryocar_brasiliense_3.png,1546,977
52,_separated,../data/Cerrado_trees.v1i.coco/_separated\DJI_0469_EDITADO_frame100_png_Angico_5.png,2159,1374
53,_separated,../data/Cerrado_trees.v1i.coco/_separated\DJI_0469_EDITADO_frame100_png_Cedrela_fissilis_3.png,783,1256
54,_separated,../data/Cerrado_trees.v1i.coco/_separated\DJI_0469_EDITADO_frame100_png_Ceiba_speciosa_1.png,891,1225
55,_separated,../data/Cerrado_trees.v1i.coco/_separated\DJI_0469_EDITADO_frame100_png_Dipteryx_alata_4.png,262,452
56,_separated,../data/Cerrado_trees.v1i.coco/_separated\DJI_0469_EDITADO_frame100_png_Sterculia_2.png,1208,1712
57,_separated,../data/Cerrado_trees.v1i.coco/_separated\DJI_0469_EDITADO_frame200_png_Angico_1.png,1014,684
58,_separated,../data/Cerrado_trees.v1i.coco/_separated\DJI_0469_EDITADO_frame200_png_Angico_2.png,1117,1134
59,_separated,../data/Cerrado_trees.v1i.coco/_separated\DJI_0469_EDITADO_frame200_png_Angico_3.png,1288,1449
60,_separated,../data/Cerrado_trees.v1i.coco/_separated\DJI_0469_EDITADO_frame200_png_Ceiba_speciosa_5.png,1128,1378
61,_separated,../data/Cerrado_trees.v1i.coco/_separated\DJI_0469_EDITADO_frame200_png_Sterculia_4.png,974,942
62,_separated,../data/Cerrado_trees.v1i.coco/_separated\DJI_0469_EDITADO_frame200_png_Sterculia_6.png,359,1195
63,_separated,../data/Cerrado_trees.v1i.coco/_separated\DJI_0469_EDITADO_frame300_png_Angico_1.png,1135,916
64,_separated,../data/Cerrado_trees.v1i.coco/_separated\DJI_0469_EDITADO_frame300_png_Angico_2.png,1127,1437
65,_separated,../data/Cerrado_trees.v1i.coco/_separated\DJI_0469_EDITADO_frame300_png_Angico_7.png,1284,1995
66,_separated,../data/Cerrado_trees.v1i.coco/_separated\DJI_0469_EDITADO_frame300_png_Cedrela_fissilis_4.png,673,897
67,_separated,../data/Cerrado_trees.v1i.coco/_separated\DJI_0469_EDITADO_frame300_png_Sterculia_3.png,672,809
68,_separated,../data/Cerrado_trees.v1i.coco/_separated\DJI_0469_EDITADO_frame300_png_Sterculia_5.png,959,1005
69,_separated,../data/Cerrado_trees.v1i.coco/_separated\DJI_0469_EDITADO_frame300_png_Sterculia_6.png,1046,1537
70,_separated,../data/Cerrado_trees.v1i.coco/_separated\DJI_0469_EDITADO_frame400_png_Angico_1.png,575,527
71,_separated,../data/Cerrado_trees.v1i.coco/_separated\DJI_0469_EDITADO_frame400_png_Angico_2.png,931,1108
72,_separated,../data/Cerrado_trees.v1i.coco/_separated\DJI_0469_EDITADO_frame400_png_Angico_4.png,1230,1791
73,_separated,../data/Cerrado_trees.v1i.coco/_separated\DJI_0469_EDITADO_frame400_png_Angico_6.png,1559,1485
74,_separated,../data/Cerrado_trees.v1i.coco/_separated\DJI_0469_EDITADO_frame400_png_Cedrela_fissilis_8.png,954,1044
75,_separated,../data/Cerrado_trees.v1i.coco/_separated\DJI_0469_EDITADO_frame400_png_Sterculia_3.png,984,1255
76,_separated,../data/Cerrado_trees.v1i.coco/_separated\DJI_0469_EDITADO_frame400_png_Sterculia_5.png,926,895
77,_separated,../data/Cerrado_trees.v1i.coco/_separated\DJI_0469_EDITADO_frame400_png_Sterculia_7.png,1430,894
78,_separated,../data/Cerrado_trees.v1i.coco/_separated\DJI_0470_EDITADO_frame1100_png_Angico_1.png,1737,1393
79,_separated,../data/Cerrado_trees.v1i.coco/_separated\DJI_0470_EDITADO_frame1100_png_Angico_2.png,1342,2417
80,_separated,../data/Cerrado_trees.v1i.coco/_separated\DJI_0470_EDITADO_frame1100_png_Angico_3.png,885,929
81,_separated,../data/Cerrado_trees.v1i.coco/_separated\DJI_0470_EDITADO_frame1100_png_Angico_6.png,1001,745
82,_separated,../data/Cerrado_trees.v1i.coco/_separated\DJI_0470_EDITADO_frame1100_png_Angico_7.png,507,764
83,_separated,../data/Cerrado_trees.v1i.coco/_separated\DJI_0470_EDITADO_frame1100_png_Apeiba_tibourbou_5.png,799,835
84,_separated,../data/Cerrado_trees.v1i.coco/_separated\DJI_0470_EDITADO_frame1100_png_Ceiba_speciosa_4.png,748,1514
85,_separated,../data/Cerrado_trees.v1i.coco/_separated\DJI_0470_EDITADO_frame1300_png_Angico_1.png,585,993
86,_separated,../data/Cerrado_trees.v1i.coco/_separated\DJI_0470_EDITADO_frame1300_png_Angico_2.png,2159,1682
87,_separated,../data/Cerrado_trees.v1i.coco/_separated\DJI_0470_EDITADO_frame1300_png_Angico_3.png,1018,1066
88,_separated,../data/Cerrado_trees.v1i.coco/_separated\DJI_0470_EDITADO_frame1300_png_Ceiba_speciosa_4.png,685,1521
89,_separated,../data/Cerrado_trees.v1i.coco/_separated\DJI_0470_EDITADO_frame1300_png_Ceiba_speciosa_5.png,1304,1834
90,_separated,../data/Cerrado_trees.v1i.coco/_separated\DJI_0470_EDITADO_frame1300_png_Ceiba_speciosa_6.png,906,606
91,_separated,../data/Cerrado_trees.v1i.coco/_separated\DJI_0470_EDITADO_frame1500_png_Angico_2.png,1357,1889
92,_separated,../data/Cerrado_trees.v1i.coco/_separated\DJI_0470_EDITADO_frame1500_png_Tapirira_guianensis_1.png,214,476
93,_separated,../data/Cerrado_trees.v1i.coco/_separated\DJI_0470_EDITADO_frame1600_png_Angico_4.png,549,1491
94,_separated,../data/Cerrado_trees.v1i.coco/_separated\DJI_0470_EDITADO_frame1600_png_Angico_5.png,1832,2343
95,_separated,../data/Cerrado_trees.v1i.coco/_separated\DJI_0470_EDITADO_frame1600_png_Angico_6.png,776,1762
96,_separated,../data/Cerrado_trees.v1i.coco/_separated\DJI_0470_EDITADO_frame1600_png_Apeiba_tibourbou_3.png,873,649
97,_separated,../data/Cerrado_trees.v1i.coco/_separated\DJI_0470_EDITADO_frame1600_png_Ceiba_speciosa_1.png,1289,774
98,_separated,../data/Cerrado_trees.v1i.coco/_separated\DJI_0470_EDITADO_frame1600_png_Ceiba_speciosa_2.png,1529,1136
99,_separated,../data/Cerrado_trees.v1i.coco/_separated\DJI_0470_EDITADO_frame2000_png_Angico_2.png,1502,2558
100,_separated,../data/Cerrado_trees.v1i.coco/_separated\DJI_0470_EDITADO_frame2000_png_Ceiba_speciosa_3.png,1442,1190
101,_separated,../data/Cerrado_trees.v1i.coco/_separated\DJI_0470_EDITADO_frame2000_png_Tapirira_guianensis_1.png,1845,2217
102,_separated,../data/Cerrado_trees.v1i.coco/_separated\DJI_0470_EDITADO_frame200_png_Apeiba_tibourbou_4.png,280,241
103,_separated,../data/Cerrado_trees.v1i.coco/_separated\DJI_0470_EDITADO_frame200_png_Cedrela_fissilis_2.png,163,466
104,_separated,../data/Cerrado_trees.v1i.coco/_separated\DJI_0470_EDITADO_frame200_png_Ceiba_speciosa_3.png,2151,1677
105,_separated,../data/Cerrado_trees.v1i.coco/_separated\DJI_0470_EDITADO_frame200_png_Tapirira_guianensis_1.png,2154,2350
106,_separated,../data/Cerrado_trees.v1i.coco/_separated\DJI_0470_EDITADO_frame2100_png_Angico_2.png,435,1527
107,_separated,../data/Cerrado_trees.v1i.coco/_separated\DJI_0470_EDITADO_frame2100_png_Apeiba_tibourbou_1.png,114,111
108,_separated,../data/Cerrado_trees.v1i.coco/_separated\DJI_0470_EDITADO_frame2100_png_Apeiba_tibourbou_6.png,676,1444
109,_separated,../data/Cerrado_trees.v1i.coco/_separated\DJI_0470_EDITADO_frame2100_png_Apeiba_tibourbou_7.png,658,295
110,_separated,../data/Cerrado_trees.v1i.coco/_separated\DJI_0470_EDITADO_frame2100_png_Apeiba_tibourbou_8.png,298,364
111,_separated,../data/Cerrado_trees.v1i.coco/_separated\DJI_0470_EDITADO_frame2100_png_Ceiba_speciosa_3.png,596,1099
112,_separated,../data/Cerrado_trees.v1i.coco/_separated\DJI_0470_EDITADO_frame2100_png_Ceiba_speciosa_4.png,1645,806
113,_separated,../data/Cerrado_trees.v1i.coco/_separated\DJI_0470_EDITADO_frame2100_png_Tapirira_guianensis_5.png,486,801
114,_separated,../data/Cerrado_trees.v1i.coco/_separated\DJI_0470_EDITADO_frame2100_png_Tapirira_guianensis_9.png,2134,2127
115,_separated,../data/Cerrado_trees.v1i.coco/_separated\DJI_0470_EDITADO_frame2200_png_Apeiba_tibourbou_2.png,170,151
116,_separated,../data/Cerrado_trees.v1i.coco/_separated\DJI_0470_EDITADO_frame2200_png_Apeiba_tibourbou_3.png,1460,1673
117,_separated,../data/Cerrado_trees.v1i.coco/_separated\DJI_0470_EDITADO_frame2200_png_Apeiba_tibourbou_4.png,297,337
118,_separated,../data/Cerrado_trees.v1i.coco/_separated\DJI_0470_EDITADO_frame2200_png_Ceiba_speciosa_7.png,1247,661
119,_separated,../data/Cerrado_trees.v1i.coco/_separated\DJI_0470_EDITADO_frame2200_png_Tapirira_guianensis_1.png,1199,1802
120,_separated,../data/Cerrado_trees.v1i.coco/_separated\DJI_0470_EDITADO_frame2200_png_Tapirira_guianensis_5.png,590,580
121,_separated,../data/Cerrado_trees.v1i.coco/_separated\DJI_0470_EDITADO_frame2200_png_Tapirira_guianensis_6.png,1227,2210
122,_separated,../data/Cerrado_trees.v1i.coco/_separated\DJI_0470_EDITADO_frame2300_png_Apeiba_tibourbou_1.png,1370,1232
123,_separated,../data/Cerrado_trees.v1i.coco/_separated\DJI_0470_EDITADO_frame2300_png_Apeiba_tibourbou_5.png,586,1775
124,_separated,../data/Cerrado_trees.v1i.coco/_separated\DJI_0470_EDITADO_frame2300_png_Tapirira_guianensis_2.png,591,526
125,_separated,../data/Cerrado_trees.v1i.coco/_separated\DJI_0470_EDITADO_frame2300_png_Tapirira_guianensis_3.png,1971,2606
126,_separated,../data/Cerrado_trees.v1i.coco/_separated\DJI_0470_EDITADO_frame2300_png_Tapirira_guianensis_4.png,1162,1047
127,_separated,../data/Cerrado_trees.v1i.coco/_separated\DJI_0470_EDITADO_frame2400_png_Apeiba_tibourbou_1.png,1150,1247
128,_separated,../data/Cerrado_trees.v1i.coco/_separated\DJI_0470_EDITADO_frame2400_png_Ceiba_speciosa_4.png,1394,676
129,_separated,../data/Cerrado_trees.v1i.coco/_separated\DJI_0470_EDITADO_frame2400_png_Tapirira_guianensis_2.png,2159,2583
130,_separated,../data/Cerrado_trees.v1i.coco/_separated\DJI_0470_EDITADO_frame2400_png_Tapirira_guianensis_3.png,1003,1274
131,_separated,../data/Cerrado_trees.v1i.coco/_separated\DJI_0470_EDITADO_frame2500_png_Cedrela_fissilis_3.png,719,918
132,_separated,../data/Cerrado_trees.v1i.coco/_separated\DJI_0470_EDITADO_frame2500_png_Ceiba_speciosa_1.png,1868,725
133,_separated,../data/Cerrado_trees.v1i.coco/_separated\DJI_0470_EDITADO_frame2500_png_Ceiba_speciosa_2.png,1127,876
134,_separated,../data/Cerrado_trees.v1i.coco/_separated\DJI_0470_EDITADO_frame2500_png_Sterculia_6.png,698,982
135,_separated,../data/Cerrado_trees.v1i.coco/_separated\DJI_0470_EDITADO_frame2500_png_Tapirira_guianensis_4.png,1730,2027
136,_separated,../data/Cerrado_trees.v1i.coco/_separated\DJI_0470_EDITADO_frame2500_png_Tapirira_guianensis_5.png,1187,1289
137,_separated,../data/Cerrado_trees.v1i.coco/_separated\DJI_0470_EDITADO_frame400_png_Apeiba_tibourbou_4.png,570,353
138,_separated,../data/Cerrado_trees.v1i.coco/_separated\DJI_0470_EDITADO_frame400_png_Apeiba_tibourbou_5.png,346,275
139,_separated,../data/Cerrado_trees.v1i.coco/_separated\DJI_0470_EDITADO_frame400_png_Apeiba_tibourbou_6.png,264,432
140,_separated,../data/Cerrado_trees.v1i.coco/_separated\DJI_0470_EDITADO_frame400_png_Ceiba_speciosa_1.png,1267,1084
141,_separated,../data/Cerrado_trees.v1i.coco/_separated\DJI_0470_EDITADO_frame400_png_Ceiba_speciosa_2.png,661,1192
142,_separated,../data/Cerrado_trees.v1i.coco/_separated\DJI_0470_EDITADO_frame400_png_Tapirira_guianensis_3.png,2159,2767
143,_separated,../data/Cerrado_trees.v1i.coco/_separated\DJI_0470_EDITADO_frame400_png_Tapirira_guianensis_7.png,679,295
144,_separated,../data/Cerrado_trees.v1i.coco/_separated\DJI_0470_EDITADO_frame400_png_Tapirira_guianensis_8.png,508,482
145,_separated,../data/Cerrado_trees.v1i.coco/_separated\DJI_0470_EDITADO_frame500_png_Apeiba_tibourbou_4.png,623,1148
146,_separated,../data/Cerrado_trees.v1i.coco/_separated\DJI_0470_EDITADO_frame500_png_Apeiba_tibourbou_5.png,432,318
147,_separated,../data/Cerrado_trees.v1i.coco/_separated\DJI_0470_EDITADO_frame500_png_Ceiba_speciosa_1.png,1325,1019
148,_separated,../data/Cerrado_trees.v1i.coco/_separated\DJI_0470_EDITADO_frame500_png_Ceiba_speciosa_2.png,860,1003
149,_separated,../data/Cerrado_trees.v1i.coco/_separated\DJI_0470_EDITADO_frame500_png_Tapirira_guianensis_3.png,658,729
150,_separated,../data/Cerrado_trees.v1i.coco/_separated\DJI_0470_EDITADO_frame500_png_Tapirira_guianensis_6.png,2073,2611
151,_separated,../data/Cerrado_trees.v1i.coco/_separated\DJI_0470_EDITADO_frame600_png_Angico_8.png,766,426
152,_separated,../data/Cerrado_trees.v1i.coco/_separated\DJI_0470_EDITADO_frame600_png_Apeiba_tibourbou_4.png,1174,1251
153,_separated,../data/Cerrado_trees.v1i.coco/_separated\DJI_0470_EDITADO_frame600_png_Apeiba_tibourbou_6.png,206,260
154,_separated,../data/Cerrado_trees.v1i.coco/_separated\DJI_0470_EDITADO_frame600_png_Apeiba_tibourbou_7.png,176,191
155,_separated,../data/Cerrado_trees.v1i.coco/_separated\DJI_0470_EDITADO_frame600_png_Ceiba_speciosa_1.png,1577,1321
156,_separated,../data/Cerrado_trees.v1i.coco/_separated\DJI_0470_EDITADO_frame600_png_Tapirira_guianensis_2.png,1288,1986
157,_separated,../data/Cerrado_trees.v1i.coco/_separated\DJI_0470_EDITADO_frame600_png_Tapirira_guianensis_3.png,687,762
158,_separated,../data/Cerrado_trees.v1i.coco/_separated\DJI_0470_EDITADO_frame600_png_Tapirira_guianensis_5.png,1572,955
159,_separated,../data/Cerrado_trees.v1i.coco/_separated\DJI_0479_EDITADO_frame1000_png_Angico_3.png,2152,2534
160,_separated,../data/Cerrado_trees.v1i.coco/_separated\DJI_0479_EDITADO_frame1000_png_Hymenaea_courbaril_1.png,695,832
161,_separated,../data/Cerrado_trees.v1i.coco/_separated\DJI_0479_EDITADO_frame1000_png_Hymenaea_courbaril_2.png,1029,1990
162,_separated,../data/Cerrado_trees.v1i.coco/_separated\DJI_0479_EDITADO_frame3100_png_Ceiba_speciosa_1.png,1300,1376
163,_separated,../data/Cerrado_trees.v1i.coco/_separated\DJI_0479_EDITADO_frame3100_png_Mangifera_indica_2.png,782,1054
164,_separated,../data/Cerrado_trees.v1i.coco/_separated\DJI_0480_BARU_EDITADO_frame0_png_Dipteryx_alata_1.png,1809,2982
165,_separated,../data/Cerrado_trees.v1i.coco/_separated\DJI_0480_BARU_EDITADO_frame110_png_Dipteryx_alata_1.png,1830,3346
166,_separated,../data/Cerrado_trees.v1i.coco/_separated\DJI_0480_BARU_EDITADO_frame180_png_Dipteryx_alata_1.png,1459,1474
167,_separated,../data/Cerrado_trees.v1i.coco/_separated\DJI_0480_BARU_EDITADO_frame180_png_Dipteryx_alata_2.png,2090,2027
168,_separated,../data/Cerrado_trees.v1i.coco/_separated\DJI_0481_EDITADO_frame100_png_Angico_1.png,720,1542
169,_separated,../data/Cerrado_trees.v1i.coco/_separated\DJI_0481_EDITADO_frame100_png_Dipteryx_alata_2.png,759,907
170,_separated,../data/Cerrado_trees.v1i.coco/_separated\DJI_0481_EDITADO_frame100_png_Dipteryx_alata_3.png,1420,1419
171,_separated,../data/Cerrado_trees.v1i.coco/_separated\DJI_0483_EDITADO_frame1100_png_Angico_1.png,2154,3348
172,_separated,../data/Cerrado_trees.v1i.coco/_separated\DJI_0483_EDITADO_frame1100_png_Mauritia_flexuosa_2.png,1475,496
173,_separated,../data/Cerrado_trees.v1i.coco/_separated\DJI_0483_EDITADO_frame1200_png_Angico_2.png,184,246
174,_separated,../data/Cerrado_trees.v1i.coco/_separated\DJI_0483_EDITADO_frame1200_png_Angico_3.png,2159,3496
175,_separated,../data/Cerrado_trees.v1i.coco/_separated\DJI_0483_EDITADO_frame1200_png_Mauritia_flexuosa_1.png,2141,922
176,_separated,../data/Cerrado_trees.v1i.coco/_separated\DJI_0483_EDITADO_frame900_png_Angico_1.png,2154,2842
177,_separated,../data/Cerrado_trees.v1i.coco/_separated\DJI_0483_EDITADO_frame900_png_Angico_2.png,373,842
178,_separated,../data/Cerrado_trees.v1i.coco/_separated\DJI_0483_EDITADO_frame900_png_Angico_3.png,184,395
179,_separated,../data/Cerrado_trees.v1i.coco/_separated\DJI_0483_EDITADO_frame900_png_Mauritia_flexuosa_4.png,1056,286
180,_separated,../data/Cerrado_trees.v1i.coco/_separated\DJI_0483_EDITADO_frame900_png_Mauritia_flexuosa_5.png,787,324
181,_separated,../data/Cerrado_trees.v1i.coco/_separated\DJI_0988_oiti_EDITADO_frame0_png_Licania_tomentosa_1.png,1944,1887
182,_separated,../data/Cerrado_trees.v1i.coco/_separated\DJI_0988_oiti_EDITADO_frame0_png_Licania_tomentosa_2.png,1178,321
183,_separated2,../data/Cerrado_trees.v1i.coco/_separated2\0.png,161,165
184,_separated2,../data/Cerrado_trees.v1i.coco/_separated2\1.png,286,92
185,_separated2,../data/Cerrado_trees.v1i.coco/_separated2\10.png,104,114
186,_separated2,../data/Cerrado_trees.v1i.coco/_separated2\100.png,538,268
187,_separated2,../data/Cerrado_trees.v1i.coco/_separated2\1000.png,570,804
188,_separated2,../data/Cerrado_trees.v1i.coco/_separated2\1001.png,834,870
189,_separated2,../data/Cerrado_trees.v1i.coco/_separated2\1002.png,363,445
190,_separated2,../data/Cerrado_trees.v1i.coco/_separated2\1003.png,345,210
191,_separated2,../data/Cerrado_trees.v1i.coco/_separated2\1004.png,667,741
192,_separated2,../data/Cerrado_trees.v1i.coco/_separated2\1005.png,401,141
193,_separated2,../data/Cerrado_trees.v1i.coco/_separated2\1006.png,1020,970
194,_separated2,../data/Cerrado_trees.v1i.coco/_separated2\1007.png,150,364
195,_separated2,../data/Cerrado_trees.v1i.coco/_separated2\1008.png,202,282
196,_separated2,../data/Cerrado_trees.v1i.coco/_separated2\1009.png,461,130
197,_separated2,../data/Cerrado_trees.v1i.coco/_separated2\101.png,202,466
198,_separated2,../data/Cerrado_trees.v1i.coco/_separated2\1010.png,495,676
199,_separated2,../data/Cerrado_trees.v1i.coco/_separated2\1011.png,109,93
200,_separated2,../data/Cerrado_trees.v1i.coco/_separated2\1012.png,586,236
201,_separated2,../data/Cerrado_trees.v1i.coco/_separated2\1013.png,659,498
202,_separated2,../data/Cerrado_trees.v1i.coco/_separated2\1014.png,192,226
203,_separated2,../data/Cerrado_trees.v1i.coco/_separated2\1015.png,432,121
204,_separated2,../data/Cerrado_trees.v1i.coco/_separated2\1016.png,52,106
205,_separated2,../data/Cerrado_trees.v1i.coco/_separated2\1017.png,1016,646
206,_separated2,../data/Cerrado_trees.v1i.coco/_separated2\1018.png,294,187
207,_separated2,../data/Cerrado_trees.v1i.coco/_separated2\1019.png,537,579
208,_separated2,../data/Cerrado_trees.v1i.coco/_separated2\102.png,389,171
209,_separated2,../data/Cerrado_trees.v1i.coco/_separated2\1020.png,154,102
210,_separated2,../data/Cerrado_trees.v1i.coco/_separated2\1021.png,364,142
211,_separated2,../data/Cerrado_trees.v1i.coco/_separated2\1022.png,176,106
212,_separated2,../data/Cerrado_trees.v1i.coco/_separated2\1023.png,774,398
213,_separated2,../data/Cerrado_trees.v1i.coco/_separated2\1024.png,27,33
214,_separated2,../data/Cerrado_trees.v1i.coco/_separated2\1025.png,119,60
215,_separated2,../data/Cerrado_trees.v1i.coco/_separated2\1026.png,723,609
216,_separated2,../data/Cerrado_trees.v1i.coco/_separated2\1027.png,230,197
217,_separated2,../data/Cerrado_trees.v1i.coco/_separated2\1028.png,132,138
218,_separated2,../data/Cerrado_trees.v1i.coco/_separated2\1029.png,95,116
219,_separated2,../data/Cerrado_trees.v1i.coco/_separated2\103.png,662,653
220,_separated2,../data/Cerrado_trees.v1i.coco/_separated2\1030.png,99,142
221,_separated2,../data/Cerrado_trees.v1i.coco/_separated2\1031.png,281,203
222,_separated2,../data/Cerrado_trees.v1i.coco/_separated2\1032.png,453,506
223,_separated2,../data/Cerrado_trees.v1i.coco/_separated2\1033.png,87,171
224,_separated2,../data/Cerrado_trees.v1i.coco/_separated2\1034.png,120,59
225,_separated2,../data/Cerrado_trees.v1i.coco/_separated2\1035.png,119,139
226,_separated2,../data/Cerrado_trees.v1i.coco/_separated2\1036.png,366,279
227,_separated2,../data/Cerrado_trees.v1i.coco/_separated2\1037.png,156,195
228,_separated2,../data/Cerrado_trees.v1i.coco/_separated2\1038.png,169,90
229,_separated2,../data/Cerrado_trees.v1i.coco/_separated2\1039.png,74,252
230,_separated2,../data/Cerrado_trees.v1i.coco/_separated2\104.png,108,294
231,_separated2,../data/Cerrado_trees.v1i.coco/_separated2\1040.png,234,259
232,_separated2,../data/Cerrado_trees.v1i.coco/_separated2\1041.png,175,347
233,_separated2,../data/Cerrado_trees.v1i.coco/_separated2\1042.png,107,136
234,_separated2,../data/Cerrado_trees.v1i.coco/_separated2\1043.png,87,113
235,_separated2,../data/Cerrado_trees.v1i.coco/_separated2\1044.png,216,139
236,_separated2,../data/Cerrado_trees.v1i.coco/_separated2\1045.png,286,275
237,_separated2,../data/Cerrado_trees.v1i.coco/_separated2\1046.png,310,367
238,_separated2,../data/Cerrado_trees.v1i.coco/_separated2\1047.png,84,18
239,_separated2,../data/Cerrado_trees.v1i.coco/_separated2\1048.png,62,21
240,_separated2,../data/Cerrado_trees.v1i.coco/_separated2\1049.png,609,531
241,_separated2,../data/Cerrado_trees.v1i.coco/_separated2\105.png,180,256
242,_separated2,../data/Cerrado_trees.v1i.coco/_separated2\1050.png,296,157
243,_separated2,../data/Cerrado_trees.v1i.coco/_separated2\1051.png,138,153
244,_separated2,../data/Cerrado_trees.v1i.coco/_separated2\1052.png,560,752
245,_separated2,../data/Cerrado_trees.v1i.coco/_separated2\1053.png,102,155
246,_separated2,../data/Cerrado_trees.v1i.coco/_separated2\1054.png,273,272
247,_separated2,../data/Cerrado_trees.v1i.coco/_separated2\1055.png,529,556
248,_separated2,../data/Cerrado_trees.v1i.coco/_separated2\1056.png,56,51
249,_separated2,../data/Cerrado_trees.v1i.coco/_separated2\1057.png,384,329
250,_separated2,../data/Cerrado_trees.v1i.coco/_separated2\1058.png,347,379
251,_separated2,../data/Cerrado_trees.v1i.coco/_separated2\1059.png,63,140
252,_separated2,../data/Cerrado_trees.v1i.coco/_separated2\106.png,581,365
253,_separated2,../data/Cerrado_trees.v1i.coco/_separated2\1060.png,171,298
254,_separated2,../data/Cerrado_trees.v1i.coco/_separated2\1061.png,291,329
255,_separated2,../data/Cerrado_trees.v1i.coco/_separated2\1062.png,121,120
256,_separated2,../data/Cerrado_trees.v1i.coco/_separated2\1063.png,304,572
257,_separated2,../data/Cerrado_trees.v1i.coco/_separated2\1064.png,363,456
258,_separated2,../data/Cerrado_trees.v1i.coco/_separated2\1065.png,28,78
259,_separated2,../data/Cerrado_trees.v1i.coco/_separated2\1066.png,161,143
260,_separated2,../data/Cerrado_trees.v1i.coco/_separated2\1067.png,208,213
261,_separated2,../data/Cerrado_trees.v1i.coco/_separated2\1068.png,270,337
262,_separated2,../data/Cerrado_trees.v1i.coco/_separated2\1069.png,473,553
263,_separated2,../data/Cerrado_trees.v1i.coco/_separated2\107.png,38,131
264,_separated2,../data/Cerrado_trees.v1i.coco/_separated2\1070.png,660,413
265,_separated2,../data/Cerrado_trees.v1i.coco/_separated2\1071.png,193,444
266,_separated2,../data/Cerrado_trees.v1i.coco/_separated2\1072.png,141,159
267,_separated2,../data/Cerrado_trees.v1i.coco/_separated2\1073.png,92,89
268,_separated2,../data/Cerrado_trees.v1i.coco/_separated2\1074.png,282,210
269,_separated2,../data/Cerrado_trees.v1i.coco/_separated2\1075.png,466,754
270,_separated2,../data/Cerrado_trees.v1i.coco/_separated2\1076.png,177,207
271,_separated2,../data/Cerrado_trees.v1i.coco/_separated2\1077.png,184,37
272,_separated2,../data/Cerrado_trees.v1i.coco/_separated2\1078.png,135,150
273,_separated2,../data/Cerrado_trees.v1i.coco/_separated2\1079.png,54,88
274,_separated2,../data/Cerrado_trees.v1i.coco/_separated2\108.png,362,452
275,_separated2,../data/Cerrado_trees.v1i.coco/_separated2\1080.png,47,199
276,_separated2,../data/Cerrado_trees.v1i.coco/_separated2\1081.png,85,184
277,_separated2,../data/Cerrado_trees.v1i.coco/_separated2\1082.png,55,51
278,_separated2,../data/Cerrado_trees.v1i.coco/_separated2\1083.png,378,338
279,_separated2,../data/Cerrado_trees.v1i.coco/_separated2\1084.png,639,556
280,_separated2,../data/Cerrado_trees.v1i.coco/_separated2\1085.png,139,169
281,_separated2,../data/Cerrado_trees.v1i.coco/_separated2\1086.png,274,170
282,_separated2,../data/Cerrado_trees.v1i.coco/_separated2\1087.png,159,146
283,_separated2,../data/Cerrado_trees.v1i.coco/_separated2\1088.png,154,156
284,_separated2,../data/Cerrado_trees.v1i.coco/_separated2\1089.png,292,386
285,_separated2,../data/Cerrado_trees.v1i.coco/_separated2\109.png,509,417
286,_separated2,../data/Cerrado_trees.v1i.coco/_separated2\1090.png,623,680
287,_separated2,../data/Cerrado_trees.v1i.coco/_separated2\1091.png,171,110
288,_separated2,../data/Cerrado_trees.v1i.coco/_separated2\1092.png,309,306
289,_separated2,../data/Cerrado_trees.v1i.coco/_separated2\1093.png,119,120
290,_separated2,../data/Cerrado_trees.v1i.coco/_separated2\1094.png,103,121
291,_separated2,../data/Cerrado_trees.v1i.coco/_separated2\1095.png,232,245
292,_separated2,../data/Cerrado_trees.v1i.coco/_separated2\1096.png,623,695
293,_separated2,../data/Cerrado_trees.v1i.coco/_separated2\1097.png,893,755
294,_separated2,../data/Cerrado_trees.v1i.coco/_separated2\1098.png,219,220
295,_separated2,../data/Cerrado_trees.v1i.coco/_separated2\1099.png,134,216
296,_separated2,../data/Cerrado_trees.v1i.coco/_separated2\11.png,121,121
297,_separated2,../data/Cerrado_trees.v1i.coco/_separated2\110.png,39,34
298,_separated2,../data/Cerrado_trees.v1i.coco/_separated2\1100.png,247,229
299,_separated2,../data/Cerrado_trees.v1i.coco/_separated2\1101.png,219,300
300,_separated2,../data/Cerrado_trees.v1i.coco/_separated2\1102.png,300,589
301,_separated2,../data/Cerrado_trees.v1i.coco/_separated2\1103.png,705,685
302,_separated2,../data/Cerrado_trees.v1i.coco/_separated2\1104.png,144,100
303,_separated2,../data/Cerrado_trees.v1i.coco/_separated2\1105.png,114,130
304,_separated2,../data/Cerrado_trees.v1i.coco/_separated2\1106.png,694,397
305,_separated2,../data/Cerrado_trees.v1i.coco/_separated2\1107.png,207,27
306,_separated2,../data/Cerrado_trees.v1i.coco/_separated2\1108.png,121,133
307,_separated2,../data/Cerrado_trees.v1i.coco/_separated2\1109.png,348,347
308,_separated2,../data/Cerrado_trees.v1i.coco/_separated2\111.png,346,262
309,_separated2,../data/Cerrado_trees.v1i.coco/_separated2\1110.png,175,466
310,_separated2,../data/Cerrado_trees.v1i.coco/_separated2\1111.png,208,236
311,_separated2,../data/Cerrado_trees.v1i.coco/_separated2\1112.png,353,267
312,_separated2,../data/Cerrado_trees.v1i.coco/_separated2\1113.png,490,544
313,_separated2,../data/Cerrado_trees.v1i.coco/_separated2\1114.png,684,477
314,_separated2,../data/Cerrado_trees.v1i.coco/_separated2\1115.png,1023,318
315,_separated2,../data/Cerrado_trees.v1i.coco/_separated2\1116.png,130,239
316,_separated2,../data/Cerrado_trees.v1i.coco/_separated2\1117.png,216,261
317,_separated2,../data/Cerrado_trees.v1i.coco/_separated2\1118.png,399,305
318,_separated2,../data/Cerrado_trees.v1i.coco/_separated2\1119.png,547,505
319,_separated2,../data/Cerrado_trees.v1i.coco/_separated2\112.png,132,75
320,_separated2,../data/Cerrado_trees.v1i.coco/_separated2\1120.png,433,120
321,_separated2,../data/Cerrado_trees.v1i.coco/_separated2\1121.png,887,812
322,_separated2,../data/Cerrado_trees.v1i.coco/_separated2\1122.png,305,307
323,_separated2,../data/Cerrado_trees.v1i.coco/_separated2\1123.png,391,699
324,_separated2,../data/Cerrado_trees.v1i.coco/_separated2\1124.png,133,121
325,_separated2,../data/Cerrado_trees.v1i.coco/_separated2\1125.png,251,381
326,_separated2,../data/Cerrado_trees.v1i.coco/_separated2\1126.png,755,642
327,_separated2,../data/Cerrado_trees.v1i.coco/_separated2\1127.png,96,387
328,_separated2,../data/Cerrado_trees.v1i.coco/_separated2\1128.png,451,381
329,_separated2,../data/Cerrado_trees.v1i.coco/_separated2\1129.png,659,742
330,_separated2,../data/Cerrado_trees.v1i.coco/_separated2\113.png,92,109
331,_separated2,../data/Cerrado_trees.v1i.coco/_separated2\1130.png,94,119
332,_separated2,../data/Cerrado_trees.v1i.coco/_separated2\1131.png,224,586
333,_separated2,../data/Cerrado_trees.v1i.coco/_separated2\1132.png,206,182
334,_separated2,../data/Cerrado_trees.v1i.coco/_separated2\1133.png,252,370
335,_separated2,../data/Cerrado_trees.v1i.coco/_separated2\1134.png,94,160
336,_separated2,../data/Cerrado_trees.v1i.coco/_separated2\1135.png,61,119
337,_separated2,../data/Cerrado_trees.v1i.coco/_separated2\1136.png,467,282
338,_separated2,../data/Cerrado_trees.v1i.coco/_separated2\1137.png,104,88
339,_separated2,../data/Cerrado_trees.v1i.coco/_separated2\1138.png,248,207
340,_separated2,../data/Cerrado_trees.v1i.coco/_separated2\1139.png,490,671
341,_separated2,../data/Cerrado_trees.v1i.coco/_separated2\114.png,923,1023
342,_separated2,../data/Cerrado_trees.v1i.coco/_separated2\1140.png,133,151
343,_separated2,../data/Cerrado_trees.v1i.coco/_separated2\1141.png,423,653
344,_separated2,../data/Cerrado_trees.v1i.coco/_separated2\1142.png,323,377
345,_separated2,../data/Cerrado_trees.v1i.coco/_separated2\1143.png,206,435
346,_separated2,../data/Cerrado_trees.v1i.coco/_separated2\1144.png,116,95
347,_separated2,../data/Cerrado_trees.v1i.coco/_separated2\1145.png,740,675
348,_separated2,../data/Cerrado_trees.v1i.coco/_separated2\1146.png,170,378
349,_separated2,../data/Cerrado_trees.v1i.coco/_separated2\1147.png,196,282
350,_separated2,../data/Cerrado_trees.v1i.coco/_separated2\1148.png,130,235
351,_separated2,../data/Cerrado_trees.v1i.coco/_separated2\1149.png,189,169
352,_separated2,../data/Cerrado_trees.v1i.coco/_separated2\115.png,672,136
353,_separated2,../data/Cerrado_trees.v1i.coco/_separated2\1150.png,905,277
354,_separated2,../data/Cerrado_trees.v1i.coco/_separated2\1151.png,273,193
355,_separated2,../data/Cerrado_trees.v1i.coco/_separated2\1152.png,326,378
356,_separated2,../data/Cerrado_trees.v1i.coco/_separated2\1153.png,172,297
357,_separated2,../data/Cerrado_trees.v1i.coco/_separated2\1154.png,203,265
358,_separated2,../data/Cerrado_trees.v1i.coco/_separated2\1155.png,133,105
359,_separated2,../data/Cerrado_trees.v1i.coco/_separated2\1156.png,21,62
360,_separated2,../data/Cerrado_trees.v1i.coco/_separated2\1157.png,136,191
361,_separated2,../data/Cerrado_trees.v1i.coco/_separated2\1158.png,170,103
362,_separated2,../data/Cerrado_trees.v1i.coco/_separated2\1159.png,142,106
363,_separated2,../data/Cerrado_trees.v1i.coco/_separated2\116.png,800,996
364,_separated2,../data/Cerrado_trees.v1i.coco/_separated2\1160.png,88,91
365,_separated2,../data/Cerrado_trees.v1i.coco/_separated2\1161.png,28,149
366,_separated2,../data/Cerrado_trees.v1i.coco/_separated2\1162.png,136,114
367,_separated2,../data/Cerrado_trees.v1i.coco/_separated2\1163.png,281,163
368,_separated2,../data/Cerrado_trees.v1i.coco/_separated2\1164.png,281,272
369,_separated2,../data/Cerrado_trees.v1i.coco/_separated2\1165.png,112,257
370,_separated2,../data/Cerrado_trees.v1i.coco/_separated2\1166.png,341,196
371,_separated2,../data/Cerrado_trees.v1i.coco/_separated2\1167.png,273,332
372,_separated2,../data/Cerrado_trees.v1i.coco/_separated2\1168.png,58,140
373,_separated2,../data/Cerrado_trees.v1i.coco/_separated2\1169.png,577,636
374,_separated2,../data/Cerrado_trees.v1i.coco/_separated2\117.png,117,253
375,_separated2,../data/Cerrado_trees.v1i.coco/_separated2\1170.png,383,382
376,_separated2,../data/Cerrado_trees.v1i.coco/_separated2\1171.png,199,61
377,_separated2,../data/Cerrado_trees.v1i.coco/_separated2\1172.png,164,548
378,_separated2,../data/Cerrado_trees.v1i.coco/_separated2\1173.png,248,227
379,_separated2,../data/Cerrado_trees.v1i.coco/_separated2\1174.png,329,421
380,_separated2,../data/Cerrado_trees.v1i.coco/_separated2\1175.png,329,379
381,_separated2,../data/Cerrado_trees.v1i.coco/_separated2\1176.png,137,127
382,_separated2,../data/Cerrado_trees.v1i.coco/_separated2\1177.png,81,253
383,_separated2,../data/Cerrado_trees.v1i.coco/_separated2\1178.png,693,446
384,_separated2,../data/Cerrado_trees.v1i.coco/_separated2\1179.png,666,469
385,_separated2,../data/Cerrado_trees.v1i.coco/_separated2\118.png,270,612
386,_separated2,../data/Cerrado_trees.v1i.coco/_separated2\1180.png,331,285
387,_separated2,../data/Cerrado_trees.v1i.coco/_separated2\1181.png,379,340
388,_separated2,../data/Cerrado_trees.v1i.coco/_separated2\1182.png,221,331
389,_separated2,../data/Cerrado_trees.v1i.coco/_separated2\1183.png,111,119
390,_separated2,../data/Cerrado_trees.v1i.coco/_separated2\1184.png,593,802
391,_separated2,../data/Cerrado_trees.v1i.coco/_separated2\1185.png,126,316
392,_separated2,../data/Cerrado_trees.v1i.coco/_separated2\1186.png,146,114
393,_separated2,../data/Cerrado_trees.v1i.coco/_separated2\1187.png,24,4
394,_separated2,../data/Cerrado_trees.v1i.coco/_separated2\1188.png,93,109
395,_separated2,../data/Cerrado_trees.v1i.coco/_separated2\1189.png,87,259
396,_separated2,../data/Cerrado_trees.v1i.coco/_separated2\119.png,224,434
397,_separated2,../data/Cerrado_trees.v1i.coco/_separated2\1190.png,315,124
398,_separated2,../data/Cerrado_trees.v1i.coco/_separated2\1191.png,526,455
399,_separated2,../data/Cerrado_trees.v1i.coco/_separated2\1192.png,43,6
400,_separated2,../data/Cerrado_trees.v1i.coco/_separated2\1193.png,630,504
401,_separated2,../data/Cerrado_trees.v1i.coco/_separated2\1194.png,16,79
402,_separated2,../data/Cerrado_trees.v1i.coco/_separated2\1195.png,157,41
403,_separated2,../data/Cerrado_trees.v1i.coco/_separated2\1196.png,455,591
404,_separated2,../data/Cerrado_trees.v1i.coco/_separated2\1197.png,173,133
405,_separated2,../data/Cerrado_trees.v1i.coco/_separated2\1198.png,285,376
406,_separated2,../data/Cerrado_trees.v1i.coco/_separated2\1199.png,419,747
407,_separated2,../data/Cerrado_trees.v1i.coco/_separated2\12.png,421,162
408,_separated2,../data/Cerrado_trees.v1i.coco/_separated2\120.png,226,182
409,_separated2,../data/Cerrado_trees.v1i.coco/_separated2\1200.png,229,218
410,_separated2,../data/Cerrado_trees.v1i.coco/_separated2\1201.png,207,154
411,_separated2,../data/Cerrado_trees.v1i.coco/_separated2\1202.png,396,305
412,_separated2,../data/Cerrado_trees.v1i.coco/_separated2\1203.png,168,125
413,_separated2,../data/Cerrado_trees.v1i.coco/_separated2\1204.png,37,165
414,_separated2,../data/Cerrado_trees.v1i.coco/_separated2\1205.png,278,107
415,_separated2,../data/Cerrado_trees.v1i.coco/_separated2\1206.png,199,260
416,_separated2,../data/Cerrado_trees.v1i.coco/_separated2\1207.png,120,121
417,_separated2,../data/Cerrado_trees.v1i.coco/_separated2\1208.png,313,93
418,_separated2,../data/Cerrado_trees.v1i.coco/_separated2\1209.png,205,287
419,_separated2,../data/Cerrado_trees.v1i.coco/_separated2\121.png,487,229
420,_separated2,../data/Cerrado_trees.v1i.coco/_separated2\1210.png,287,604
421,_separated2,../data/Cerrado_trees.v1i.coco/_separated2\1211.png,89,146
422,_separated2,../data/Cerrado_trees.v1i.coco/_separated2\1212.png,145,229
423,_separated2,../data/Cerrado_trees.v1i.coco/_separated2\1213.png,142,56
424,_separated2,../data/Cerrado_trees.v1i.coco/_separated2\1214.png,337,148
425,_separated2,../data/Cerrado_trees.v1i.coco/_separated2\1215.png,396,387
426,_separated2,../data/Cerrado_trees.v1i.coco/_separated2\1216.png,335,310
427,_separated2,../data/Cerrado_trees.v1i.coco/_separated2\1217.png,406,303
428,_separated2,../data/Cerrado_trees.v1i.coco/_separated2\1218.png,299,519
429,_separated2,../data/Cerrado_trees.v1i.coco/_separated2\1219.png,279,102
430,_separated2,../data/Cerrado_trees.v1i.coco/_separated2\122.png,282,948
431,_separated2,../data/Cerrado_trees.v1i.coco/_separated2\1220.png,274,203
432,_separated2,../data/Cerrado_trees.v1i.coco/_separated2\1221.png,119,289
433,_separated2,../data/Cerrado_trees.v1i.coco/_separated2\1222.png,527,714
434,_separated2,../data/Cerrado_trees.v1i.coco/_separated2\1223.png,362,190
435,_separated2,../data/Cerrado_trees.v1i.coco/_separated2\1224.png,89,111
436,_separated2,../data/Cerrado_trees.v1i.coco/_separated2\1225.png,557,500
437,_separated2,../data/Cerrado_trees.v1i.coco/_separated2\1226.png,145,147
438,_separated2,../data/Cerrado_trees.v1i.coco/_separated2\1227.png,317,387
439,_separated2,../data/Cerrado_trees.v1i.coco/_separated2\1228.png,194,376
440,_separated2,../data/Cerrado_trees.v1i.coco/_separated2\1229.png,96,164
441,_separated2,../data/Cerrado_trees.v1i.coco/_separated2\123.png,176,347
442,_separated2,../data/Cerrado_trees.v1i.coco/_separated2\1230.png,760,402
443,_separated2,../data/Cerrado_trees.v1i.coco/_separated2\1231.png,147,200
444,_separated2,../data/Cerrado_trees.v1i.coco/_separated2\1232.png,11,35
445,_separated2,../data/Cerrado_trees.v1i.coco/_separated2\1233.png,388,667
446,_separated2,../data/Cerrado_trees.v1i.coco/_separated2\1234.png,527,176
447,_separated2,../data/Cerrado_trees.v1i.coco/_separated2\1235.png,284,305
448,_separated2,../data/Cerrado_trees.v1i.coco/_separated2\1236.png,194,131
449,_separated2,../data/Cerrado_trees.v1i.coco/_separated2\1237.png,185,40
450,_separated2,../data/Cerrado_trees.v1i.coco/_separated2\1238.png,70,125
451,_separated2,../data/Cerrado_trees.v1i.coco/_separated2\1239.png,307,371
452,_separated2,../data/Cerrado_trees.v1i.coco/_separated2\124.png,537,363
453,_separated2,../data/Cerrado_trees.v1i.coco/_separated2\1240.png,732,794
454,_separated2,../data/Cerrado_trees.v1i.coco/_separated2\1241.png,372,807
455,_separated2,../data/Cerrado_trees.v1i.coco/_separated2\1242.png,95,71
456,_separated2,../data/Cerrado_trees.v1i.coco/_separated2\1243.png,497,363
457,_separated2,../data/Cerrado_trees.v1i.coco/_separated2\1244.png,74,414
458,_separated2,../data/Cerrado_trees.v1i.coco/_separated2\1245.png,277,1023
459,_separated2,../data/Cerrado_trees.v1i.coco/_separated2\1246.png,370,431
460,_separated2,../data/Cerrado_trees.v1i.coco/_separated2\1247.png,100,243
461,_separated2,../data/Cerrado_trees.v1i.coco/_separated2\1248.png,520,518
462,_separated2,../data/Cerrado_trees.v1i.coco/_separated2\1249.png,95,96
463,_separated2,../data/Cerrado_trees.v1i.coco/_separated2\125.png,275,360
464,_separated2,../data/Cerrado_trees.v1i.coco/_separated2\1250.png,248,275
465,_separated2,../data/Cerrado_trees.v1i.coco/_separated2\1251.png,117,223
466,_separated2,../data/Cerrado_trees.v1i.coco/_separated2\1252.png,111,96
467,_separated2,../data/Cerrado_trees.v1i.coco/_separated2\1253.png,297,151
468,_separated2,../data/Cerrado_trees.v1i.coco/_separated2\1254.png,201,281
469,_separated2,../data/Cerrado_trees.v1i.coco/_separated2\1255.png,175,154
470,_separated2,../data/Cerrado_trees.v1i.coco/_separated2\1256.png,112,66
471,_separated2,../data/Cerrado_trees.v1i.coco/_separated2\1257.png,91,165
472,_separated2,../data/Cerrado_trees.v1i.coco/_separated2\1258.png,109,125
473,_separated2,../data/Cerrado_trees.v1i.coco/_separated2\1259.png,196,193
474,_separated2,../data/Cerrado_trees.v1i.coco/_separated2\126.png,45,144
475,_separated2,../data/Cerrado_trees.v1i.coco/_separated2\1260.png,104,108
476,_separated2,../data/Cerrado_trees.v1i.coco/_separated2\1261.png,42,106
477,_separated2,../data/Cerrado_trees.v1i.coco/_separated2\1262.png,309,510
478,_separated2,../data/Cerrado_trees.v1i.coco/_separated2\1263.png,552,566
479,_separated2,../data/Cerrado_trees.v1i.coco/_separated2\1264.png,167,104
480,_separated2,../data/Cerrado_trees.v1i.coco/_separated2\1265.png,364,362
481,_separated2,../data/Cerrado_trees.v1i.coco/_separated2\1266.png,764,407
482,_separated2,../data/Cerrado_trees.v1i.coco/_separated2\1267.png,204,310
483,_separated2,../data/Cerrado_trees.v1i.coco/_separated2\1268.png,61,52
484,_separated2,../data/Cerrado_trees.v1i.coco/_separated2\1269.png,297,426
485,_separated2,../data/Cerrado_trees.v1i.coco/_separated2\127.png,522,570
486,_separated2,../data/Cerrado_trees.v1i.coco/_separated2\1270.png,112,169
487,_separated2,../data/Cerrado_trees.v1i.coco/_separated2\1271.png,117,136
488,_separated2,../data/Cerrado_trees.v1i.coco/_separated2\1272.png,13,10
489,_separated2,../data/Cerrado_trees.v1i.coco/_separated2\1273.png,63,99
490,_separated2,../data/Cerrado_trees.v1i.coco/_separated2\1274.png,929,570
491,_separated2,../data/Cerrado_trees.v1i.coco/_separated2\1275.png,219,70
492,_separated2,../data/Cerrado_trees.v1i.coco/_separated2\1276.png,168,48
493,_separated2,../data/Cerrado_trees.v1i.coco/_separated2\1277.png,214,310
494,_separated2,../data/Cerrado_trees.v1i.coco/_separated2\1278.png,818,435
495,_separated2,../data/Cerrado_trees.v1i.coco/_separated2\1279.png,92,126
496,_separated2,../data/Cerrado_trees.v1i.coco/_separated2\128.png,304,317
497,_separated2,../data/Cerrado_trees.v1i.coco/_separated2\1280.png,260,308
498,_separated2,../data/Cerrado_trees.v1i.coco/_separated2\1281.png,597,321
499,_separated2,../data/Cerrado_trees.v1i.coco/_separated2\1282.png,31,129
500,_separated2,../data/Cerrado_trees.v1i.coco/_separated2\1283.png,124,94
501,_separated2,../data/Cerrado_trees.v1i.coco/_separated2\1284.png,214,238
502,_separated2,../data/Cerrado_trees.v1i.coco/_separated2\1285.png,60,15
503,_separated2,../data/Cerrado_trees.v1i.coco/_separated2\1286.png,445,475
504,_separated2,../data/Cerrado_trees.v1i.coco/_separated2\1287.png,138,124
505,_separated2,../data/Cerrado_trees.v1i.coco/_separated2\1288.png,71,88
506,_separated2,../data/Cerrado_trees.v1i.coco/_separated2\1289.png,493,338
507,_separated2,../data/Cerrado_trees.v1i.coco/_separated2\129.png,120,116
508,_separated2,../data/Cerrado_trees.v1i.coco/_separated2\1290.png,46,70
509,_separated2,../data/Cerrado_trees.v1i.coco/_separated2\1291.png,135,115
510,_separated2,../data/Cerrado_trees.v1i.coco/_separated2\1292.png,31,102
511,_separated2,../data/Cerrado_trees.v1i.coco/_separated2\1293.png,131,167
512,_separated2,../data/Cerrado_trees.v1i.coco/_separated2\1294.png,377,329
513,_separated2,../data/Cerrado_trees.v1i.coco/_separated2\1295.png,258,486
514,_separated2,../data/Cerrado_trees.v1i.coco/_separated2\1296.png,470,116
515,_separated2,../data/Cerrado_trees.v1i.coco/_separated2\1297.png,390,101
516,_separated2,../data/Cerrado_trees.v1i.coco/_separated2\1298.png,351,267
517,_separated2,../data/Cerrado_trees.v1i.coco/_separated2\1299.png,8,31
518,_separated2,../data/Cerrado_trees.v1i.coco/_separated2\13.png,158,287
519,_separated2,../data/Cerrado_trees.v1i.coco/_separated2\130.png,695,664
520,_separated2,../data/Cerrado_trees.v1i.coco/_separated2\1300.png,97,84
521,_separated2,../data/Cerrado_trees.v1i.coco/_separated2\1301.png,416,170
522,_separated2,../data/Cerrado_trees.v1i.coco/_separated2\1302.png,156,193
523,_separated2,../data/Cerrado_trees.v1i.coco/_separated2\1303.png,624,365
524,_separated2,../data/Cerrado_trees.v1i.coco/_separated2\1304.png,329,166
525,_separated2,../data/Cerrado_trees.v1i.coco/_separated2\1305.png,37,56
526,_separated2,../data/Cerrado_trees.v1i.coco/_separated2\1306.png,195,195
527,_separated2,../data/Cerrado_trees.v1i.coco/_separated2\1307.png,32,46
528,_separated2,../data/Cerrado_trees.v1i.coco/_separated2\1308.png,78,92
529,_separated2,../data/Cerrado_trees.v1i.coco/_separated2\1309.png,241,171
530,_separated2,../data/Cerrado_trees.v1i.coco/_separated2\131.png,245,231
531,_separated2,../data/Cerrado_trees.v1i.coco/_separated2\1310.png,96,121
532,_separated2,../data/Cerrado_trees.v1i.coco/_separated2\1311.png,263,318
533,_separated2,../data/Cerrado_trees.v1i.coco/_separated2\1312.png,243,116
534,_separated2,../data/Cerrado_trees.v1i.coco/_separated2\1313.png,565,348
535,_separated2,../data/Cerrado_trees.v1i.coco/_separated2\1314.png,282,35
536,_separated2,../data/Cerrado_trees.v1i.coco/_separated2\1315.png,137,165
537,_separated2,../data/Cerrado_trees.v1i.coco/_separated2\1316.png,133,90
538,_separated2,../data/Cerrado_trees.v1i.coco/_separated2\1317.png,106,179
539,_separated2,../data/Cerrado_trees.v1i.coco/_separated2\1318.png,731,817
540,_separated2,../data/Cerrado_trees.v1i.coco/_separated2\1319.png,180,365
541,_separated2,../data/Cerrado_trees.v1i.coco/_separated2\132.png,1020,994
542,_separated2,../data/Cerrado_trees.v1i.coco/_separated2\1320.png,392,444
543,_separated2,../data/Cerrado_trees.v1i.coco/_separated2\1321.png,203,210
544,_separated2,../data/Cerrado_trees.v1i.coco/_separated2\1322.png,131,155
545,_separated2,../data/Cerrado_trees.v1i.coco/_separated2\1323.png,318,48
546,_separated2,../data/Cerrado_trees.v1i.coco/_separated2\1324.png,401,400
547,_separated2,../data/Cerrado_trees.v1i.coco/_separated2\1325.png,79,92
548,_separated2,../data/Cerrado_trees.v1i.coco/_separated2\1326.png,473,473
549,_separated2,../data/Cerrado_trees.v1i.coco/_separated2\1327.png,66,76
550,_separated2,../data/Cerrado_trees.v1i.coco/_separated2\1328.png,66,173
551,_separated2,../data/Cerrado_trees.v1i.coco/_separated2\1329.png,65,167
552,_separated2,../data/Cerrado_trees.v1i.coco/_separated2\133.png,300,143
553,_separated2,../data/Cerrado_trees.v1i.coco/_separated2\1330.png,324,874
554,_separated2,../data/Cerrado_trees.v1i.coco/_separated2\1331.png,211,158
555,_separated2,../data/Cerrado_trees.v1i.coco/_separated2\1332.png,308,444
556,_separated2,../data/Cerrado_trees.v1i.coco/_separated2\1333.png,136,101
557,_separated2,../data/Cerrado_trees.v1i.coco/_separated2\1334.png,367,328
558,_separated2,../data/Cerrado_trees.v1i.coco/_separated2\1335.png,373,261
559,_separated2,../data/Cerrado_trees.v1i.coco/_separated2\1336.png,1023,883
560,_separated2,../data/Cerrado_trees.v1i.coco/_separated2\1337.png,36,37
561,_separated2,../data/Cerrado_trees.v1i.coco/_separated2\1338.png,72,94
562,_separated2,../data/Cerrado_trees.v1i.coco/_separated2\1339.png,270,297
563,_separated2,../data/Cerrado_trees.v1i.coco/_separated2\134.png,298,133
564,_separated2,../data/Cerrado_trees.v1i.coco/_separated2\1340.png,207,106
565,_separated2,../data/Cerrado_trees.v1i.coco/_separated2\1341.png,131,86
566,_separated2,../data/Cerrado_trees.v1i.coco/_separated2\1342.png,282,324
567,_separated2,../data/Cerrado_trees.v1i.coco/_separated2\1343.png,325,310
568,_separated2,../data/Cerrado_trees.v1i.coco/_separated2\1344.png,244,103
569,_separated2,../data/Cerrado_trees.v1i.coco/_separated2\1345.png,204,277
570,_separated2,../data/Cerrado_trees.v1i.coco/_separated2\1346.png,105,123
571,_separated2,../data/Cerrado_trees.v1i.coco/_separated2\1347.png,171,247
572,_separated2,../data/Cerrado_trees.v1i.coco/_separated2\1348.png,104,89
573,_separated2,../data/Cerrado_trees.v1i.coco/_separated2\1349.png,132,98
574,_separated2,../data/Cerrado_trees.v1i.coco/_separated2\135.png,445,334
575,_separated2,../data/Cerrado_trees.v1i.coco/_separated2\1350.png,145,115
576,_separated2,../data/Cerrado_trees.v1i.coco/_separated2\1351.png,98,133
577,_separated2,../data/Cerrado_trees.v1i.coco/_separated2\1352.png,384,445
578,_separated2,../data/Cerrado_trees.v1i.coco/_separated2\1353.png,100,95
579,_separated2,../data/Cerrado_trees.v1i.coco/_separated2\1354.png,397,192
580,_separated2,../data/Cerrado_trees.v1i.coco/_separated2\1355.png,564,326
581,_separated2,../data/Cerrado_trees.v1i.coco/_separated2\1356.png,673,408
582,_separated2,../data/Cerrado_trees.v1i.coco/_separated2\1357.png,62,52
583,_separated2,../data/Cerrado_trees.v1i.coco/_separated2\1358.png,101,243
584,_separated2,../data/Cerrado_trees.v1i.coco/_separated2\1359.png,697,388
585,_separated2,../data/Cerrado_trees.v1i.coco/_separated2\136.png,94,99
586,_separated2,../data/Cerrado_trees.v1i.coco/_separated2\1360.png,521,558
587,_separated2,../data/Cerrado_trees.v1i.coco/_separated2\1361.png,949,448
588,_separated2,../data/Cerrado_trees.v1i.coco/_separated2\1362.png,33,34
589,_separated2,../data/Cerrado_trees.v1i.coco/_separated2\1363.png,155,102
590,_separated2,../data/Cerrado_trees.v1i.coco/_separated2\1364.png,107,28
591,_separated2,../data/Cerrado_trees.v1i.coco/_separated2\1365.png,250,395
592,_separated2,../data/Cerrado_trees.v1i.coco/_separated2\1366.png,193,675
593,_separated2,../data/Cerrado_trees.v1i.coco/_separated2\1367.png,406,400
594,_separated2,../data/Cerrado_trees.v1i.coco/_separated2\1368.png,364,441
595,_separated2,../data/Cerrado_trees.v1i.coco/_separated2\1369.png,612,559
596,_separated2,../data/Cerrado_trees.v1i.coco/_separated2\137.png,916,422
597,_separated2,../data/Cerrado_trees.v1i.coco/_separated2\1370.png,95,73
598,_separated2,../data/Cerrado_trees.v1i.coco/_separated2\1371.png,215,177
599,_separated2,../data/Cerrado_trees.v1i.coco/_separated2\1372.png,219,192
600,_separated2,../data/Cerrado_trees.v1i.coco/_separated2\1373.png,301,470
601,_separated2,../data/Cerrado_trees.v1i.coco/_separated2\1374.png,2,32
602,_separated2,../data/Cerrado_trees.v1i.coco/_separated2\1375.png,89,86
603,_separated2,../data/Cerrado_trees.v1i.coco/_separated2\1376.png,194,185
604,_separated2,../data/Cerrado_trees.v1i.coco/_separated2\1377.png,304,150
605,_separated2,../data/Cerrado_trees.v1i.coco/_separated2\1378.png,61,34
606,_separated2,../data/Cerrado_trees.v1i.coco/_separated2\1379.png,451,360
607,_separated2,../data/Cerrado_trees.v1i.coco/_separated2\138.png,85,52
608,_separated2,../data/Cerrado_trees.v1i.coco/_separated2\1380.png,106,233
609,_separated2,../data/Cerrado_trees.v1i.coco/_separated2\1381.png,452,222
610,_separated2,../data/Cerrado_trees.v1i.coco/_separated2\1382.png,7,30
611,_separated2,../data/Cerrado_trees.v1i.coco/_separated2\1383.png,299,257
612,_separated2,../data/Cerrado_trees.v1i.coco/_separated2\1384.png,139,118
613,_separated2,../data/Cerrado_trees.v1i.coco/_separated2\1385.png,205,283
614,_separated2,../data/Cerrado_trees.v1i.coco/_separated2\1386.png,271,366
615,_separated2,../data/Cerrado_trees.v1i.coco/_separated2\1387.png,176,89
616,_separated2,../data/Cerrado_trees.v1i.coco/_separated2\1388.png,98,94
617,_separated2,../data/Cerrado_trees.v1i.coco/_separated2\1389.png,388,456
618,_separated2,../data/Cerrado_trees.v1i.coco/_separated2\139.png,48,48
619,_separated2,../data/Cerrado_trees.v1i.coco/_separated2\1390.png,387,453
620,_separated2,../data/Cerrado_trees.v1i.coco/_separated2\1391.png,126,66
621,_separated2,../data/Cerrado_trees.v1i.coco/_separated2\1392.png,210,249
622,_separated2,../data/Cerrado_trees.v1i.coco/_separated2\1393.png,126,85
623,_separated2,../data/Cerrado_trees.v1i.coco/_separated2\1394.png,222,33
624,_separated2,../data/Cerrado_trees.v1i.coco/_separated2\1395.png,307,211
625,_separated2,../data/Cerrado_trees.v1i.coco/_separated2\1396.png,250,230
626,_separated2,../data/Cerrado_trees.v1i.coco/_separated2\1397.png,442,421
627,_separated2,../data/Cerrado_trees.v1i.coco/_separated2\1398.png,57,53
628,_separated2,../data/Cerrado_trees.v1i.coco/_separated2\1399.png,642,266
629,_separated2,../data/Cerrado_trees.v1i.coco/_separated2\14.png,109,116
630,_separated2,../data/Cerrado_trees.v1i.coco/_separated2\140.png,999,694
631,_separated2,../data/Cerrado_trees.v1i.coco/_separated2\1400.png,84,93
632,_separated2,../data/Cerrado_trees.v1i.coco/_separated2\1401.png,54,53
633,_separated2,../data/Cerrado_trees.v1i.coco/_separated2\1402.png,679,263
634,_separated2,../data/Cerrado_trees.v1i.coco/_separated2\1403.png,51,141
635,_separated2,../data/Cerrado_trees.v1i.coco/_separated2\1404.png,58,72
636,_separated2,../data/Cerrado_trees.v1i.coco/_separated2\1405.png,440,196
637,_separated2,../data/Cerrado_trees.v1i.coco/_separated2\1406.png,693,520
638,_separated2,../data/Cerrado_trees.v1i.coco/_separated2\1407.png,74,42
639,_separated2,../data/Cerrado_trees.v1i.coco/_separated2\1408.png,870,341
640,_separated2,../data/Cerrado_trees.v1i.coco/_separated2\1409.png,336,132
641,_separated2,../data/Cerrado_trees.v1i.coco/_separated2\141.png,556,376
642,_separated2,../data/Cerrado_trees.v1i.coco/_separated2\1410.png,234,323
643,_separated2,../data/Cerrado_trees.v1i.coco/_separated2\1411.png,302,271
644,_separated2,../data/Cerrado_trees.v1i.coco/_separated2\1412.png,169,138
645,_separated2,../data/Cerrado_trees.v1i.coco/_separated2\1413.png,324,474
646,_separated2,../data/Cerrado_trees.v1i.coco/_separated2\1414.png,184,195
647,_separated2,../data/Cerrado_trees.v1i.coco/_separated2\1415.png,112,162
648,_separated2,../data/Cerrado_trees.v1i.coco/_separated2\1416.png,860,466
649,_separated2,../data/Cerrado_trees.v1i.coco/_separated2\1417.png,261,480
650,_separated2,../data/Cerrado_trees.v1i.coco/_separated2\1418.png,176,214
651,_separated2,../data/Cerrado_trees.v1i.coco/_separated2\1419.png,385,323
652,_separated2,../data/Cerrado_trees.v1i.coco/_separated2\142.png,182,163
653,_separated2,../data/Cerrado_trees.v1i.coco/_separated2\1420.png,802,733
654,_separated2,../data/Cerrado_trees.v1i.coco/_separated2\1421.png,47,137
655,_separated2,../data/Cerrado_trees.v1i.coco/_separated2\1422.png,113,162
656,_separated2,../data/Cerrado_trees.v1i.coco/_separated2\1423.png,321,538
657,_separated2,../data/Cerrado_trees.v1i.coco/_separated2\1424.png,602,610
658,_separated2,../data/Cerrado_trees.v1i.coco/_separated2\1425.png,253,314
659,_separated2,../data/Cerrado_trees.v1i.coco/_separated2\1426.png,470,104
660,_separated2,../data/Cerrado_trees.v1i.coco/_separated2\1427.png,118,24
661,_separated2,../data/Cerrado_trees.v1i.coco/_separated2\1428.png,356,264
662,_separated2,../data/Cerrado_trees.v1i.coco/_separated2\1429.png,236,130
663,_separated2,../data/Cerrado_trees.v1i.coco/_separated2\143.png,280,978
664,_separated2,../data/Cerrado_trees.v1i.coco/_separated2\1430.png,120,463
665,_separated2,../data/Cerrado_trees.v1i.coco/_separated2\1431.png,117,32
666,_separated2,../data/Cerrado_trees.v1i.coco/_separated2\1432.png,78,140
667,_separated2,../data/Cerrado_trees.v1i.coco/_separated2\1433.png,345,566
668,_separated2,../data/Cerrado_trees.v1i.coco/_separated2\1434.png,170,115
669,_separated2,../data/Cerrado_trees.v1i.coco/_separated2\1435.png,8,31
670,_separated2,../data/Cerrado_trees.v1i.coco/_separated2\1436.png,252,371
671,_separated2,../data/Cerrado_trees.v1i.coco/_separated2\1437.png,144,135
672,_separated2,../data/Cerrado_trees.v1i.coco/_separated2\1438.png,61,16
673,_separated2,../data/Cerrado_trees.v1i.coco/_separated2\1439.png,95,124
674,_separated2,../data/Cerrado_trees.v1i.coco/_separated2\144.png,66,70
675,_separated2,../data/Cerrado_trees.v1i.coco/_separated2\1440.png,59,175
676,_separated2,../data/Cerrado_trees.v1i.coco/_separated2\1441.png,195,194
677,_separated2,../data/Cerrado_trees.v1i.coco/_separated2\1442.png,183,91
678,_separated2,../data/Cerrado_trees.v1i.coco/_separated2\1443.png,127,112
679,_separated2,../data/Cerrado_trees.v1i.coco/_separated2\1444.png,584,623
680,_separated2,../data/Cerrado_trees.v1i.coco/_separated2\1445.png,194,167
681,_separated2,../data/Cerrado_trees.v1i.coco/_separated2\1446.png,57,258
682,_separated2,../data/Cerrado_trees.v1i.coco/_separated2\1447.png,103,89
683,_separated2,../data/Cerrado_trees.v1i.coco/_separated2\1448.png,66,118
684,_separated2,../data/Cerrado_trees.v1i.coco/_separated2\1449.png,129,31
685,_separated2,../data/Cerrado_trees.v1i.coco/_separated2\145.png,281,480
686,_separated2,../data/Cerrado_trees.v1i.coco/_separated2\1450.png,212,151
687,_separated2,../data/Cerrado_trees.v1i.coco/_separated2\1451.png,1001,526
688,_separated2,../data/Cerrado_trees.v1i.coco/_separated2\1452.png,274,324
689,_separated2,../data/Cerrado_trees.v1i.coco/_separated2\1453.png,154,322
690,_separated2,../data/Cerrado_trees.v1i.coco/_separated2\1454.png,200,215
691,_separated2,../data/Cerrado_trees.v1i.coco/_separated2\1455.png,267,131
692,_separated2,../data/Cerrado_trees.v1i.coco/_separated2\1456.png,579,663
693,_separated2,../data/Cerrado_trees.v1i.coco/_separated2\1457.png,187,87
694,_separated2,../data/Cerrado_trees.v1i.coco/_separated2\1458.png,498,453
695,_separated2,../data/Cerrado_trees.v1i.coco/_separated2\1459.png,1023,759
696,_separated2,../data/Cerrado_trees.v1i.coco/_separated2\146.png,169,116
697,_separated2,../data/Cerrado_trees.v1i.coco/_separated2\1460.png,207,183
698,_separated2,../data/Cerrado_trees.v1i.coco/_separated2\1461.png,187,244
699,_separated2,../data/Cerrado_trees.v1i.coco/_separated2\1462.png,67,62
700,_separated2,../data/Cerrado_trees.v1i.coco/_separated2\1463.png,310,109
701,_separated2,../data/Cerrado_trees.v1i.coco/_separated2\1464.png,473,479
702,_separated2,../data/Cerrado_trees.v1i.coco/_separated2\1465.png,138,132
703,_separated2,../data/Cerrado_trees.v1i.coco/_separated2\1466.png,200,32
704,_separated2,../data/Cerrado_trees.v1i.coco/_separated2\1467.png,118,71
705,_separated2,../data/Cerrado_trees.v1i.coco/_separated2\1468.png,116,136
706,_separated2,../data/Cerrado_trees.v1i.coco/_separated2\1469.png,150,202
707,_separated2,../data/Cerrado_trees.v1i.coco/_separated2\147.png,624,359
708,_separated2,../data/Cerrado_trees.v1i.coco/_separated2\1470.png,128,120
709,_separated2,../data/Cerrado_trees.v1i.coco/_separated2\1471.png,378,163
710,_separated2,../data/Cerrado_trees.v1i.coco/_separated2\1472.png,193,440
711,_separated2,../data/Cerrado_trees.v1i.coco/_separated2\1473.png,155,208
712,_separated2,../data/Cerrado_trees.v1i.coco/_separated2\1474.png,198,153
713,_separated2,../data/Cerrado_trees.v1i.coco/_separated2\1475.png,88,85
714,_separated2,../data/Cerrado_trees.v1i.coco/_separated2\1476.png,425,223
715,_separated2,../data/Cerrado_trees.v1i.coco/_separated2\1477.png,130,136
716,_separated2,../data/Cerrado_trees.v1i.coco/_separated2\1478.png,52,62
717,_separated2,../data/Cerrado_trees.v1i.coco/_separated2\1479.png,29,118
718,_separated2,../data/Cerrado_trees.v1i.coco/_separated2\148.png,212,137
719,_separated2,../data/Cerrado_trees.v1i.coco/_separated2\1480.png,471,754
720,_separated2,../data/Cerrado_trees.v1i.coco/_separated2\1481.png,472,287
721,_separated2,../data/Cerrado_trees.v1i.coco/_separated2\1482.png,462,387
722,_separated2,../data/Cerrado_trees.v1i.coco/_separated2\1483.png,35,56
723,_separated2,../data/Cerrado_trees.v1i.coco/_separated2\1484.png,313,356
724,_separated2,../data/Cerrado_trees.v1i.coco/_separated2\1485.png,314,126
725,_separated2,../data/Cerrado_trees.v1i.coco/_separated2\1486.png,304,552
726,_separated2,../data/Cerrado_trees.v1i.coco/_separated2\1487.png,552,638
727,_separated2,../data/Cerrado_trees.v1i.coco/_separated2\1488.png,245,257
728,_separated2,../data/Cerrado_trees.v1i.coco/_separated2\1489.png,141,161
729,_separated2,../data/Cerrado_trees.v1i.coco/_separated2\149.png,160,229
730,_separated2,../data/Cerrado_trees.v1i.coco/_separated2\1490.png,194,160
731,_separated2,../data/Cerrado_trees.v1i.coco/_separated2\1491.png,129,316
732,_separated2,../data/Cerrado_trees.v1i.coco/_separated2\1492.png,422,745
733,_separated2,../data/Cerrado_trees.v1i.coco/_separated2\1493.png,322,263
734,_separated2,../data/Cerrado_trees.v1i.coco/_separated2\1494.png,556,529
735,_separated2,../data/Cerrado_trees.v1i.coco/_separated2\1495.png,228,263
736,_separated2,../data/Cerrado_trees.v1i.coco/_separated2\1496.png,212,573
737,_separated2,../data/Cerrado_trees.v1i.coco/_separated2\1497.png,391,697
738,_separated2,../data/Cerrado_trees.v1i.coco/_separated2\1498.png,127,114
739,_separated2,../data/Cerrado_trees.v1i.coco/_separated2\1499.png,180,171
740,_separated2,../data/Cerrado_trees.v1i.coco/_separated2\15.png,153,421
741,_separated2,../data/Cerrado_trees.v1i.coco/_separated2\150.png,108,84
742,_separated2,../data/Cerrado_trees.v1i.coco/_separated2\1500.png,627,259
743,_separated2,../data/Cerrado_trees.v1i.coco/_separated2\1501.png,237,34
744,_separated2,../data/Cerrado_trees.v1i.coco/_separated2\1502.png,154,150
745,_separated2,../data/Cerrado_trees.v1i.coco/_separated2\1503.png,541,183
746,_separated2,../data/Cerrado_trees.v1i.coco/_separated2\1504.png,303,398
747,_separated2,../data/Cerrado_trees.v1i.coco/_separated2\1505.png,94,100
748,_separated2,../data/Cerrado_trees.v1i.coco/_separated2\1506.png,273,155
749,_separated2,../data/Cerrado_trees.v1i.coco/_separated2\1507.png,271,154
750,_separated2,../data/Cerrado_trees.v1i.coco/_separated2\1508.png,121,120
751,_separated2,../data/Cerrado_trees.v1i.coco/_separated2\1509.png,319,372
752,_separated2,../data/Cerrado_trees.v1i.coco/_separated2\151.png,181,306
753,_separated2,../data/Cerrado_trees.v1i.coco/_separated2\1510.png,79,156
754,_separated2,../data/Cerrado_trees.v1i.coco/_separated2\1511.png,412,239
755,_separated2,../data/Cerrado_trees.v1i.coco/_separated2\1512.png,33,34
756,_separated2,../data/Cerrado_trees.v1i.coco/_separated2\1513.png,353,1024
757,_separated2,../data/Cerrado_trees.v1i.coco/_separated2\1514.png,134,189
758,_separated2,../data/Cerrado_trees.v1i.coco/_separated2\1515.png,367,353
759,_separated2,../data/Cerrado_trees.v1i.coco/_separated2\1516.png,209,246
760,_separated2,../data/Cerrado_trees.v1i.coco/_separated2\1517.png,121,102
761,_separated2,../data/Cerrado_trees.v1i.coco/_separated2\1518.png,100,63
762,_separated2,../data/Cerrado_trees.v1i.coco/_separated2\1519.png,231,192
763,_separated2,../data/Cerrado_trees.v1i.coco/_separated2\152.png,317,401
764,_separated2,../data/Cerrado_trees.v1i.coco/_separated2\1520.png,779,329
765,_separated2,../data/Cerrado_trees.v1i.coco/_separated2\1521.png,66,75
766,_separated2,../data/Cerrado_trees.v1i.coco/_separated2\1522.png,138,76
767,_separated2,../data/Cerrado_trees.v1i.coco/_separated2\1523.png,177,202
768,_separated2,../data/Cerrado_trees.v1i.coco/_separated2\1524.png,530,390
769,_separated2,../data/Cerrado_trees.v1i.coco/_separated2\1525.png,512,438
770,_separated2,../data/Cerrado_trees.v1i.coco/_separated2\1526.png,82,94
771,_separated2,../data/Cerrado_trees.v1i.coco/_separated2\1527.png,62,67
772,_separated2,../data/Cerrado_trees.v1i.coco/_separated2\1528.png,115,286
773,_separated2,../data/Cerrado_trees.v1i.coco/_separated2\1529.png,188,132
774,_separated2,../data/Cerrado_trees.v1i.coco/_separated2\153.png,29,73
775,_separated2,../data/Cerrado_trees.v1i.coco/_separated2\1530.png,504,547
776,_separated2,../data/Cerrado_trees.v1i.coco/_separated2\1531.png,285,200
777,_separated2,../data/Cerrado_trees.v1i.coco/_separated2\1532.png,43,225
778,_separated2,../data/Cerrado_trees.v1i.coco/_separated2\1533.png,444,754
779,_separated2,../data/Cerrado_trees.v1i.coco/_separated2\1534.png,225,339
780,_separated2,../data/Cerrado_trees.v1i.coco/_separated2\1535.png,98,82
781,_separated2,../data/Cerrado_trees.v1i.coco/_separated2\1536.png,169,145
782,_separated2,../data/Cerrado_trees.v1i.coco/_separated2\1537.png,90,90
783,_separated2,../data/Cerrado_trees.v1i.coco/_separated2\1538.png,370,446
784,_separated2,../data/Cerrado_trees.v1i.coco/_separated2\1539.png,197,41
785,_separated2,../data/Cerrado_trees.v1i.coco/_separated2\154.png,858,1005
786,_separated2,../data/Cerrado_trees.v1i.coco/_separated2\1540.png,125,92
787,_separated2,../data/Cerrado_trees.v1i.coco/_separated2\1541.png,261,185
788,_separated2,../data/Cerrado_trees.v1i.coco/_separated2\1542.png,324,133
789,_separated2,../data/Cerrado_trees.v1i.coco/_separated2\1543.png,120,96
790,_separated2,../data/Cerrado_trees.v1i.coco/_separated2\1544.png,424,329
791,_separated2,../data/Cerrado_trees.v1i.coco/_separated2\1545.png,174,152
792,_separated2,../data/Cerrado_trees.v1i.coco/_separated2\1546.png,143,98
793,_separated2,../data/Cerrado_trees.v1i.coco/_separated2\1547.png,499,1023
794,_separated2,../data/Cerrado_trees.v1i.coco/_separated2\1548.png,106,169
795,_separated2,../data/Cerrado_trees.v1i.coco/_separated2\1549.png,148,148
796,_separated2,../data/Cerrado_trees.v1i.coco/_separated2\155.png,601,532
797,_separated2,../data/Cerrado_trees.v1i.coco/_separated2\1550.png,338,186
798,_separated2,../data/Cerrado_trees.v1i.coco/_separated2\1551.png,34,12
799,_separated2,../data/Cerrado_trees.v1i.coco/_separated2\1552.png,121,97
800,_separated2,../data/Cerrado_trees.v1i.coco/_separated2\1553.png,67,47
801,_separated2,../data/Cerrado_trees.v1i.coco/_separated2\1554.png,138,118
802,_separated2,../data/Cerrado_trees.v1i.coco/_separated2\1555.png,104,67
803,_separated2,../data/Cerrado_trees.v1i.coco/_separated2\1556.png,87,93
804,_separated2,../data/Cerrado_trees.v1i.coco/_separated2\1557.png,135,138
805,_separated2,../data/Cerrado_trees.v1i.coco/_separated2\1558.png,157,139
806,_separated2,../data/Cerrado_trees.v1i.coco/_separated2\1559.png,380,346
807,_separated2,../data/Cerrado_trees.v1i.coco/_separated2\156.png,467,269
808,_separated2,../data/Cerrado_trees.v1i.coco/_separated2\1560.png,73,54
809,_separated2,../data/Cerrado_trees.v1i.coco/_separated2\1561.png,225,212
810,_separated2,../data/Cerrado_trees.v1i.coco/_separated2\1562.png,274,281
811,_separated2,../data/Cerrado_trees.v1i.coco/_separated2\1563.png,140,59
812,_separated2,../data/Cerrado_trees.v1i.coco/_separated2\1564.png,39,122
813,_separated2,../data/Cerrado_trees.v1i.coco/_separated2\1565.png,706,498
814,_separated2,../data/Cerrado_trees.v1i.coco/_separated2\1566.png,91,101
815,_separated2,../data/Cerrado_trees.v1i.coco/_separated2\1567.png,188,247
816,_separated2,../data/Cerrado_trees.v1i.coco/_separated2\1568.png,15,60
817,_separated2,../data/Cerrado_trees.v1i.coco/_separated2\1569.png,53,183
818,_separated2,../data/Cerrado_trees.v1i.coco/_separated2\157.png,161,63
819,_separated2,../data/Cerrado_trees.v1i.coco/_separated2\1570.png,229,128
820,_separated2,../data/Cerrado_trees.v1i.coco/_separated2\1571.png,104,89
821,_separated2,../data/Cerrado_trees.v1i.coco/_separated2\1572.png,104,172
822,_separated2,../data/Cerrado_trees.v1i.coco/_separated2\1573.png,347,172
823,_separated2,../data/Cerrado_trees.v1i.coco/_separated2\1574.png,370,344
824,_separated2,../data/Cerrado_trees.v1i.coco/_separated2\1575.png,200,362
825,_separated2,../data/Cerrado_trees.v1i.coco/_separated2\1576.png,150,46
826,_separated2,../data/Cerrado_trees.v1i.coco/_separated2\1577.png,642,758
827,_separated2,../data/Cerrado_trees.v1i.coco/_separated2\1578.png,1023,249
828,_separated2,../data/Cerrado_trees.v1i.coco/_separated2\1579.png,32,237
829,_separated2,../data/Cerrado_trees.v1i.coco/_separated2\158.png,52,89
830,_separated2,../data/Cerrado_trees.v1i.coco/_separated2\1580.png,153,320
831,_separated2,../data/Cerrado_trees.v1i.coco/_separated2\1581.png,312,218
832,_separated2,../data/Cerrado_trees.v1i.coco/_separated2\1582.png,341,473
833,_separated2,../data/Cerrado_trees.v1i.coco/_separated2\1583.png,137,165
834,_separated2,../data/Cerrado_trees.v1i.coco/_separated2\1584.png,159,146
835,_separated2,../data/Cerrado_trees.v1i.coco/_separated2\1585.png,335,272
836,_separated2,../data/Cerrado_trees.v1i.coco/_separated2\1586.png,685,461
837,_separated2,../data/Cerrado_trees.v1i.coco/_separated2\1587.png,157,35
838,_separated2,../data/Cerrado_trees.v1i.coco/_separated2\1588.png,172,298
839,_separated2,../data/Cerrado_trees.v1i.coco/_separated2\1589.png,687,712
840,_separated2,../data/Cerrado_trees.v1i.coco/_separated2\159.png,58,138
841,_separated2,../data/Cerrado_trees.v1i.coco/_separated2\1590.png,108,95
842,_separated2,../data/Cerrado_trees.v1i.coco/_separated2\1591.png,150,138
843,_separated2,../data/Cerrado_trees.v1i.coco/_separated2\1592.png,378,331
844,_separated2,../data/Cerrado_trees.v1i.coco/_separated2\1593.png,128,63
845,_separated2,../data/Cerrado_trees.v1i.coco/_separated2\1594.png,212,238
846,_separated2,../data/Cerrado_trees.v1i.coco/_separated2\1595.png,946,483
847,_separated2,../data/Cerrado_trees.v1i.coco/_separated2\1596.png,100,102
848,_separated2,../data/Cerrado_trees.v1i.coco/_separated2\1597.png,198,194
849,_separated2,../data/Cerrado_trees.v1i.coco/_separated2\1598.png,53,119
850,_separated2,../data/Cerrado_trees.v1i.coco/_separated2\1599.png,215,243
851,_separated2,../data/Cerrado_trees.v1i.coco/_separated2\16.png,149,114
852,_separated2,../data/Cerrado_trees.v1i.coco/_separated2\160.png,398,359
853,_separated2,../data/Cerrado_trees.v1i.coco/_separated2\1600.png,426,295
854,_separated2,../data/Cerrado_trees.v1i.coco/_separated2\1601.png,100,102
855,_separated2,../data/Cerrado_trees.v1i.coco/_separated2\1602.png,185,88
856,_separated2,../data/Cerrado_trees.v1i.coco/_separated2\1603.png,226,303
857,_separated2,../data/Cerrado_trees.v1i.coco/_separated2\1604.png,307,1023
858,_separated2,../data/Cerrado_trees.v1i.coco/_separated2\1605.png,165,136
859,_separated2,../data/Cerrado_trees.v1i.coco/_separated2\1606.png,806,594
860,_separated2,../data/Cerrado_trees.v1i.coco/_separated2\1607.png,207,225
861,_separated2,../data/Cerrado_trees.v1i.coco/_separated2\1608.png,555,501
862,_separated2,../data/Cerrado_trees.v1i.coco/_separated2\1609.png,314,214
863,_separated2,../data/Cerrado_trees.v1i.coco/_separated2\161.png,47,168
864,_separated2,../data/Cerrado_trees.v1i.coco/_separated2\1610.png,212,155
865,_separated2,../data/Cerrado_trees.v1i.coco/_separated2\1611.png,81,42
866,_separated2,../data/Cerrado_trees.v1i.coco/_separated2\1612.png,99,62
867,_separated2,../data/Cerrado_trees.v1i.coco/_separated2\1613.png,366,310
868,_separated2,../data/Cerrado_trees.v1i.coco/_separated2\1614.png,135,117
869,_separated2,../data/Cerrado_trees.v1i.coco/_separated2\1615.png,787,921
870,_separated2,../data/Cerrado_trees.v1i.coco/_separated2\1616.png,272,273
871,_separated2,../data/Cerrado_trees.v1i.coco/_separated2\1617.png,398,688
872,_separated2,../data/Cerrado_trees.v1i.coco/_separated2\1618.png,312,221
873,_separated2,../data/Cerrado_trees.v1i.coco/_separated2\1619.png,214,141
874,_separated2,../data/Cerrado_trees.v1i.coco/_separated2\162.png,114,99
875,_separated2,../data/Cerrado_trees.v1i.coco/_separated2\1620.png,122,120
876,_separated2,../data/Cerrado_trees.v1i.coco/_separated2\1621.png,320,276
877,_separated2,../data/Cerrado_trees.v1i.coco/_separated2\1622.png,73,87
878,_separated2,../data/Cerrado_trees.v1i.coco/_separated2\1623.png,21,62
879,_separated2,../data/Cerrado_trees.v1i.coco/_separated2\1624.png,370,341
880,_separated2,../data/Cerrado_trees.v1i.coco/_separated2\1625.png,429,62
881,_separated2,../data/Cerrado_trees.v1i.coco/_separated2\1626.png,234,195
882,_separated2,../data/Cerrado_trees.v1i.coco/_separated2\1627.png,58,52
883,_separated2,../data/Cerrado_trees.v1i.coco/_separated2\1628.png,52,76
884,_separated2,../data/Cerrado_trees.v1i.coco/_separated2\1629.png,153,207
885,_separated2,../data/Cerrado_trees.v1i.coco/_separated2\163.png,216,123
886,_separated2,../data/Cerrado_trees.v1i.coco/_separated2\1630.png,313,564
887,_separated2,../data/Cerrado_trees.v1i.coco/_separated2\1631.png,19,22
888,_separated2,../data/Cerrado_trees.v1i.coco/_separated2\1632.png,139,169
889,_separated2,../data/Cerrado_trees.v1i.coco/_separated2\1633.png,376,384
890,_separated2,../data/Cerrado_trees.v1i.coco/_separated2\1634.png,186,167
891,_separated2,../data/Cerrado_trees.v1i.coco/_separated2\1635.png,502,668
892,_separated2,../data/Cerrado_trees.v1i.coco/_separated2\1636.png,145,169
893,_separated2,../data/Cerrado_trees.v1i.coco/_separated2\1637.png,88,185
894,_separated2,../data/Cerrado_trees.v1i.coco/_separated2\1638.png,194,281
895,_separated2,../data/Cerrado_trees.v1i.coco/_separated2\1639.png,107,277
896,_separated2,../data/Cerrado_trees.v1i.coco/_separated2\164.png,205,188
897,_separated2,../data/Cerrado_trees.v1i.coco/_separated2\1640.png,153,288
898,_separated2,../data/Cerrado_trees.v1i.coco/_separated2\1641.png,114,89
899,_separated2,../data/Cerrado_trees.v1i.coco/_separated2\1642.png,40,123
900,_separated2,../data/Cerrado_trees.v1i.coco/_separated2\1643.png,267,337
901,_separated2,../data/Cerrado_trees.v1i.coco/_separated2\1644.png,106,140
902,_separated2,../data/Cerrado_trees.v1i.coco/_separated2\1645.png,169,131
903,_separated2,../data/Cerrado_trees.v1i.coco/_separated2\1646.png,95,116
904,_separated2,../data/Cerrado_trees.v1i.coco/_separated2\1647.png,58,201
905,_separated2,../data/Cerrado_trees.v1i.coco/_separated2\1648.png,359,256
906,_separated2,../data/Cerrado_trees.v1i.coco/_separated2\1649.png,111,257
907,_separated2,../data/Cerrado_trees.v1i.coco/_separated2\165.png,106,198
908,_separated2,../data/Cerrado_trees.v1i.coco/_separated2\1650.png,371,281
909,_separated2,../data/Cerrado_trees.v1i.coco/_separated2\1651.png,547,505
910,_separated2,../data/Cerrado_trees.v1i.coco/_separated2\1652.png,745,422
911,_separated2,../data/Cerrado_trees.v1i.coco/_separated2\1653.png,81,386
912,_separated2,../data/Cerrado_trees.v1i.coco/_separated2\1654.png,122,102
913,_separated2,../data/Cerrado_trees.v1i.coco/_separated2\1655.png,438,666
914,_separated2,../data/Cerrado_trees.v1i.coco/_separated2\1656.png,50,198
915,_separated2,../data/Cerrado_trees.v1i.coco/_separated2\1657.png,253,641
916,_separated2,../data/Cerrado_trees.v1i.coco/_separated2\1658.png,304,589
917,_separated2,../data/Cerrado_trees.v1i.coco/_separated2\1659.png,138,87
918,_separated2,../data/Cerrado_trees.v1i.coco/_separated2\166.png,83,326
919,_separated2,../data/Cerrado_trees.v1i.coco/_separated2\1660.png,689,623
920,_separated2,../data/Cerrado_trees.v1i.coco/_separated2\1661.png,167,296
921,_separated2,../data/Cerrado_trees.v1i.coco/_separated2\1662.png,100,94
922,_separated2,../data/Cerrado_trees.v1i.coco/_separated2\1663.png,155,109
923,_separated2,../data/Cerrado_trees.v1i.coco/_separated2\1664.png,203,310
924,_separated2,../data/Cerrado_trees.v1i.coco/_separated2\1665.png,310,364
925,_separated2,../data/Cerrado_trees.v1i.coco/_separated2\1666.png,194,194
926,_separated2,../data/Cerrado_trees.v1i.coco/_separated2\1667.png,244,413
927,_separated2,../data/Cerrado_trees.v1i.coco/_separated2\1668.png,133,106
928,_separated2,../data/Cerrado_trees.v1i.coco/_separated2\1669.png,450,582
929,_separated2,../data/Cerrado_trees.v1i.coco/_separated2\167.png,70,106
930,_separated2,../data/Cerrado_trees.v1i.coco/_separated2\1670.png,282,894
931,_separated2,../data/Cerrado_trees.v1i.coco/_separated2\1671.png,68,48
932,_separated2,../data/Cerrado_trees.v1i.coco/_separated2\1672.png,306,304
933,_separated2,../data/Cerrado_trees.v1i.coco/_separated2\1673.png,386,191
934,_separated2,../data/Cerrado_trees.v1i.coco/_separated2\1674.png,202,155
935,_separated2,../data/Cerrado_trees.v1i.coco/_separated2\1675.png,97,142
936,_separated2,../data/Cerrado_trees.v1i.coco/_separated2\1676.png,305,524
937,_separated2,../data/Cerrado_trees.v1i.coco/_separated2\1677.png,501,555
938,_separated2,../data/Cerrado_trees.v1i.coco/_separated2\1678.png,56,35
939,_separated2,../data/Cerrado_trees.v1i.coco/_separated2\1679.png,979,301
940,_separated2,../data/Cerrado_trees.v1i.coco/_separated2\168.png,359,249
941,_separated2,../data/Cerrado_trees.v1i.coco/_separated2\1680.png,491,532
942,_separated2,../data/Cerrado_trees.v1i.coco/_separated2\1681.png,140,103
943,_separated2,../data/Cerrado_trees.v1i.coco/_separated2\1682.png,478,306
944,_separated2,../data/Cerrado_trees.v1i.coco/_separated2\1683.png,174,154
945,_separated2,../data/Cerrado_trees.v1i.coco/_separated2\1684.png,169,184
946,_separated2,../data/Cerrado_trees.v1i.coco/_separated2\1685.png,478,801
947,_separated2,../data/Cerrado_trees.v1i.coco/_separated2\1686.png,355,327
948,_separated2,../data/Cerrado_trees.v1i.coco/_separated2\1687.png,332,365
949,_separated2,../data/Cerrado_trees.v1i.coco/_separated2\1688.png,178,440
950,_separated2,../data/Cerrado_trees.v1i.coco/_separated2\1689.png,382,311
951,_separated2,../data/Cerrado_trees.v1i.coco/_separated2\169.png,132,123
952,_separated2,../data/Cerrado_trees.v1i.coco/_separated2\1690.png,470,472
953,_separated2,../data/Cerrado_trees.v1i.coco/_separated2\1691.png,208,34
954,_separated2,../data/Cerrado_trees.v1i.coco/_separated2\1692.png,1024,354
955,_separated2,../data/Cerrado_trees.v1i.coco/_separated2\1693.png,893,335
956,_separated2,../data/Cerrado_trees.v1i.coco/_separated2\1694.png,55,51
957,_separated2,../data/Cerrado_trees.v1i.coco/_separated2\1695.png,6,42
958,_separated2,../data/Cerrado_trees.v1i.coco/_separated2\1696.png,130,119
959,_separated2,../data/Cerrado_trees.v1i.coco/_separated2\1697.png,641,545
960,_separated2,../data/Cerrado_trees.v1i.coco/_separated2\1698.png,79,13
961,_separated2,../data/Cerrado_trees.v1i.coco/_separated2\1699.png,43,70
962,_separated2,../data/Cerrado_trees.v1i.coco/_separated2\17.png,320,373
963,_separated2,../data/Cerrado_trees.v1i.coco/_separated2\170.png,124,142
964,_separated2,../data/Cerrado_trees.v1i.coco/_separated2\1700.png,335,230
965,_separated2,../data/Cerrado_trees.v1i.coco/_separated2\1701.png,429,200
966,_separated2,../data/Cerrado_trees.v1i.coco/_separated2\1702.png,12,34
967,_separated2,../data/Cerrado_trees.v1i.coco/_separated2\1703.png,79,126
968,_separated2,../data/Cerrado_trees.v1i.coco/_separated2\1704.png,221,255
969,_separated2,../data/Cerrado_trees.v1i.coco/_separated2\1705.png,237,330
970,_separated2,../data/Cerrado_trees.v1i.coco/_separated2\1706.png,921,763
971,_separated2,../data/Cerrado_trees.v1i.coco/_separated2\1707.png,89,91
972,_separated2,../data/Cerrado_trees.v1i.coco/_separated2\1708.png,250,185
973,_separated2,../data/Cerrado_trees.v1i.coco/_separated2\1709.png,41,80
974,_separated2,../data/Cerrado_trees.v1i.coco/_separated2\171.png,219,141
975,_separated2,../data/Cerrado_trees.v1i.coco/_separated2\1710.png,289,239
976,_separated2,../data/Cerrado_trees.v1i.coco/_separated2\1711.png,225,337
977,_separated2,../data/Cerrado_trees.v1i.coco/_separated2\1712.png,310,199
978,_separated2,../data/Cerrado_trees.v1i.coco/_separated2\1713.png,187,165
979,_separated2,../data/Cerrado_trees.v1i.coco/_separated2\1714.png,210,249
980,_separated2,../data/Cerrado_trees.v1i.coco/_separated2\1715.png,114,314
981,_separated2,../data/Cerrado_trees.v1i.coco/_separated2\1716.png,249,206
982,_separated2,../data/Cerrado_trees.v1i.coco/_separated2\1717.png,499,668
983,_separated2,../data/Cerrado_trees.v1i.coco/_separated2\1718.png,87,73
984,_separated2,../data/Cerrado_trees.v1i.coco/_separated2\1719.png,124,306
985,_separated2,../data/Cerrado_trees.v1i.coco/_separated2\172.png,250,388
986,_separated2,../data/Cerrado_trees.v1i.coco/_separated2\1720.png,1023,249
987,_separated2,../data/Cerrado_trees.v1i.coco/_separated2\1721.png,372,1006
988,_separated2,../data/Cerrado_trees.v1i.coco/_separated2\1722.png,311,222
989,_separated2,../data/Cerrado_trees.v1i.coco/_separated2\1723.png,69,42
990,_separated2,../data/Cerrado_trees.v1i.coco/_separated2\1724.png,277,277
991,_separated2,../data/Cerrado_trees.v1i.coco/_separated2\1725.png,830,519
992,_separated2,../data/Cerrado_trees.v1i.coco/_separated2\1726.png,257,116
993,_separated2,../data/Cerrado_trees.v1i.coco/_separated2\1727.png,49,61
994,_separated2,../data/Cerrado_trees.v1i.coco/_separated2\1728.png,311,231
995,_separated2,../data/Cerrado_trees.v1i.coco/_separated2\1729.png,230,311
996,_separated2,../data/Cerrado_trees.v1i.coco/_separated2\173.png,78,86
997,_separated2,../data/Cerrado_trees.v1i.coco/_separated2\1730.png,152,107
998,_separated2,../data/Cerrado_trees.v1i.coco/_separated2\1731.png,112,313
999,_separated2,../data/Cerrado_trees.v1i.coco/_separated2\1732.png,102,235
1000,_separated2,../data/Cerrado_trees.v1i.coco/_separated2\1733.png,159,282
1001,_separated2,../data/Cerrado_trees.v1i.coco/_separated2\1734.png,188,206
1002,_separated2,../data/Cerrado_trees.v1i.coco/_separated2\1735.png,119,109
1003,_separated2,../data/Cerrado_trees.v1i.coco/_separated2\1736.png,318,142
1004,_separated2,../data/Cerrado_trees.v1i.coco/_separated2\1737.png,473,334
1005,_separated2,../data/Cerrado_trees.v1i.coco/_separated2\1738.png,387,323
1006,_separated2,../data/Cerrado_trees.v1i.coco/_separated2\1739.png,162,135
1007,_separated2,../data/Cerrado_trees.v1i.coco/_separated2\174.png,111,101
1008,_separated2,../data/Cerrado_trees.v1i.coco/_separated2\1740.png,133,163
1009,_separated2,../data/Cerrado_trees.v1i.coco/_separated2\1741.png,135,161
1010,_separated2,../data/Cerrado_trees.v1i.coco/_separated2\1742.png,73,88
1011,_separated2,../data/Cerrado_trees.v1i.coco/_separated2\1743.png,282,200
1012,_separated2,../data/Cerrado_trees.v1i.coco/_separated2\1744.png,139,318
1013,_separated2,../data/Cerrado_trees.v1i.coco/_separated2\1745.png,281,156
1014,_separated2,../data/Cerrado_trees.v1i.coco/_separated2\1746.png,332,609
1015,_separated2,../data/Cerrado_trees.v1i.coco/_separated2\1747.png,426,574
1016,_separated2,../data/Cerrado_trees.v1i.coco/_separated2\1748.png,230,338
1017,_separated2,../data/Cerrado_trees.v1i.coco/_separated2\1749.png,329,242
1018,_separated2,../data/Cerrado_trees.v1i.coco/_separated2\175.png,335,146
1019,_separated2,../data/Cerrado_trees.v1i.coco/_separated2\1750.png,216,289
1020,_separated2,../data/Cerrado_trees.v1i.coco/_separated2\1751.png,186,192
1021,_separated2,../data/Cerrado_trees.v1i.coco/_separated2\1752.png,451,520
1022,_separated2,../data/Cerrado_trees.v1i.coco/_separated2\1753.png,122,121
1023,_separated2,../data/Cerrado_trees.v1i.coco/_separated2\1754.png,428,164
1024,_separated2,../data/Cerrado_trees.v1i.coco/_separated2\1755.png,468,830
1025,_separated2,../data/Cerrado_trees.v1i.coco/_separated2\1756.png,635,976
1026,_separated2,../data/Cerrado_trees.v1i.coco/_separated2\1757.png,319,375
1027,_separated2,../data/Cerrado_trees.v1i.coco/_separated2\1758.png,604,309
1028,_separated2,../data/Cerrado_trees.v1i.coco/_separated2\1759.png,188,313
1029,_separated2,../data/Cerrado_trees.v1i.coco/_separated2\176.png,321,284
1030,_separated2,../data/Cerrado_trees.v1i.coco/_separated2\1760.png,146,110
1031,_separated2,../data/Cerrado_trees.v1i.coco/_separated2\1761.png,163,108
1032,_separated2,../data/Cerrado_trees.v1i.coco/_separated2\1762.png,468,280
1033,_separated2,../data/Cerrado_trees.v1i.coco/_separated2\1763.png,314,207
1034,_separated2,../data/Cerrado_trees.v1i.coco/_separated2\1764.png,222,255
1035,_separated2,../data/Cerrado_trees.v1i.coco/_separated2\1765.png,97,83
1036,_separated2,../data/Cerrado_trees.v1i.coco/_separated2\1766.png,271,121
1037,_separated2,../data/Cerrado_trees.v1i.coco/_separated2\1767.png,290,272
1038,_separated2,../data/Cerrado_trees.v1i.coco/_separated2\1768.png,302,375
1039,_separated2,../data/Cerrado_trees.v1i.coco/_separated2\1769.png,423,656
1040,_separated2,../data/Cerrado_trees.v1i.coco/_separated2\177.png,257,96
1041,_separated2,../data/Cerrado_trees.v1i.coco/_separated2\1770.png,56,143
1042,_separated2,../data/Cerrado_trees.v1i.coco/_separated2\1771.png,845,332
1043,_separated2,../data/Cerrado_trees.v1i.coco/_separated2\1772.png,387,402
1044,_separated2,../data/Cerrado_trees.v1i.coco/_separated2\1773.png,147,287
1045,_separated2,../data/Cerrado_trees.v1i.coco/_separated2\1774.png,837,494
1046,_separated2,../data/Cerrado_trees.v1i.coco/_separated2\1775.png,319,475
1047,_separated2,../data/Cerrado_trees.v1i.coco/_separated2\1776.png,165,94
1048,_separated2,../data/Cerrado_trees.v1i.coco/_separated2\1777.png,378,315
1049,_separated2,../data/Cerrado_trees.v1i.coco/_separated2\1778.png,166,337
1050,_separated2,../data/Cerrado_trees.v1i.coco/_separated2\1779.png,186,170
1051,_separated2,../data/Cerrado_trees.v1i.coco/_separated2\178.png,279,450
1052,_separated2,../data/Cerrado_trees.v1i.coco/_separated2\1780.png,736,428
1053,_separated2,../data/Cerrado_trees.v1i.coco/_separated2\1781.png,357,610
1054,_separated2,../data/Cerrado_trees.v1i.coco/_separated2\1782.png,403,278
1055,_separated2,../data/Cerrado_trees.v1i.coco/_separated2\1783.png,109,94
1056,_separated2,../data/Cerrado_trees.v1i.coco/_separated2\1784.png,315,483
1057,_separated2,../data/Cerrado_trees.v1i.coco/_separated2\1785.png,11,35
1058,_separated2,../data/Cerrado_trees.v1i.coco/_separated2\1786.png,106,120
1059,_separated2,../data/Cerrado_trees.v1i.coco/_separated2\1787.png,372,312
1060,_separated2,../data/Cerrado_trees.v1i.coco/_separated2\1788.png,980,628
1061,_separated2,../data/Cerrado_trees.v1i.coco/_separated2\1789.png,282,159
1062,_separated2,../data/Cerrado_trees.v1i.coco/_separated2\179.png,182,133
1063,_separated2,../data/Cerrado_trees.v1i.coco/_separated2\1790.png,98,234
1064,_separated2,../data/Cerrado_trees.v1i.coco/_separated2\1791.png,282,285
1065,_separated2,../data/Cerrado_trees.v1i.coco/_separated2\1792.png,91,89
1066,_separated2,../data/Cerrado_trees.v1i.coco/_separated2\1793.png,324,380
1067,_separated2,../data/Cerrado_trees.v1i.coco/_separated2\1794.png,453,375
1068,_separated2,../data/Cerrado_trees.v1i.coco/_separated2\1795.png,122,125
1069,_separated2,../data/Cerrado_trees.v1i.coco/_separated2\1796.png,1023,498
1070,_separated2,../data/Cerrado_trees.v1i.coco/_separated2\1797.png,73,224
1071,_separated2,../data/Cerrado_trees.v1i.coco/_separated2\1798.png,153,152
1072,_separated2,../data/Cerrado_trees.v1i.coco/_separated2\1799.png,278,283
1073,_separated2,../data/Cerrado_trees.v1i.coco/_separated2\18.png,118,122
1074,_separated2,../data/Cerrado_trees.v1i.coco/_separated2\180.png,293,128
1075,_separated2,../data/Cerrado_trees.v1i.coco/_separated2\1800.png,136,128
1076,_separated2,../data/Cerrado_trees.v1i.coco/_separated2\1801.png,68,47
1077,_separated2,../data/Cerrado_trees.v1i.coco/_separated2\1802.png,132,548
1078,_separated2,../data/Cerrado_trees.v1i.coco/_separated2\1803.png,240,186
1079,_separated2,../data/Cerrado_trees.v1i.coco/_separated2\1804.png,357,609
1080,_separated2,../data/Cerrado_trees.v1i.coco/_separated2\1805.png,453,810
1081,_separated2,../data/Cerrado_trees.v1i.coco/_separated2\1806.png,89,176
1082,_separated2,../data/Cerrado_trees.v1i.coco/_separated2\1807.png,223,310
1083,_separated2,../data/Cerrado_trees.v1i.coco/_separated2\1808.png,280,398
1084,_separated2,../data/Cerrado_trees.v1i.coco/_separated2\1809.png,405,426
1085,_separated2,../data/Cerrado_trees.v1i.coco/_separated2\181.png,303,334
1086,_separated2,../data/Cerrado_trees.v1i.coco/_separated2\1810.png,183,235
1087,_separated2,../data/Cerrado_trees.v1i.coco/_separated2\1811.png,22,19
1088,_separated2,../data/Cerrado_trees.v1i.coco/_separated2\1812.png,109,278
1089,_separated2,../data/Cerrado_trees.v1i.coco/_separated2\1813.png,170,589
1090,_separated2,../data/Cerrado_trees.v1i.coco/_separated2\1814.png,373,320
1091,_separated2,../data/Cerrado_trees.v1i.coco/_separated2\1815.png,340,186
1092,_separated2,../data/Cerrado_trees.v1i.coco/_separated2\1816.png,147,12
1093,_separated2,../data/Cerrado_trees.v1i.coco/_separated2\1817.png,256,222
1094,_separated2,../data/Cerrado_trees.v1i.coco/_separated2\1818.png,410,515
1095,_separated2,../data/Cerrado_trees.v1i.coco/_separated2\1819.png,17,35
1096,_separated2,../data/Cerrado_trees.v1i.coco/_separated2\182.png,731,774
1097,_separated2,../data/Cerrado_trees.v1i.coco/_separated2\1820.png,285,198
1098,_separated2,../data/Cerrado_trees.v1i.coco/_separated2\1821.png,311,373
1099,_separated2,../data/Cerrado_trees.v1i.coco/_separated2\1822.png,146,109
1100,_separated2,../data/Cerrado_trees.v1i.coco/_separated2\1823.png,217,314
1101,_separated2,../data/Cerrado_trees.v1i.coco/_separated2\1824.png,501,829
1102,_separated2,../data/Cerrado_trees.v1i.coco/_separated2\1825.png,262,395
1103,_separated2,../data/Cerrado_trees.v1i.coco/_separated2\1826.png,110,312
1104,_separated2,../data/Cerrado_trees.v1i.coco/_separated2\1827.png,289,157
1105,_separated2,../data/Cerrado_trees.v1i.coco/_separated2\1828.png,94,120
1106,_separated2,../data/Cerrado_trees.v1i.coco/_separated2\1829.png,649,302
1107,_separated2,../data/Cerrado_trees.v1i.coco/_separated2\183.png,135,266
1108,_separated2,../data/Cerrado_trees.v1i.coco/_separated2\1830.png,498,306
1109,_separated2,../data/Cerrado_trees.v1i.coco/_separated2\1831.png,628,938
1110,_separated2,../data/Cerrado_trees.v1i.coco/_separated2\1832.png,190,238
1111,_separated2,../data/Cerrado_trees.v1i.coco/_separated2\1833.png,240,258
1112,_separated2,../data/Cerrado_trees.v1i.coco/_separated2\1834.png,810,472
1113,_separated2,../data/Cerrado_trees.v1i.coco/_separated2\1835.png,18,34
1114,_separated2,../data/Cerrado_trees.v1i.coco/_separated2\1836.png,92,96
1115,_separated2,../data/Cerrado_trees.v1i.coco/_separated2\1837.png,160,225
1116,_separated2,../data/Cerrado_trees.v1i.coco/_separated2\1838.png,488,424
1117,_separated2,../data/Cerrado_trees.v1i.coco/_separated2\1839.png,491,416
1118,_separated2,../data/Cerrado_trees.v1i.coco/_separated2\184.png,93,119
1119,_separated2,../data/Cerrado_trees.v1i.coco/_separated2\1840.png,293,376
1120,_separated2,../data/Cerrado_trees.v1i.coco/_separated2\1841.png,799,935
1121,_separated2,../data/Cerrado_trees.v1i.coco/_separated2\1842.png,146,109
1122,_separated2,../data/Cerrado_trees.v1i.coco/_separated2\1843.png,744,680
1123,_separated2,../data/Cerrado_trees.v1i.coco/_separated2\1844.png,291,343
1124,_separated2,../data/Cerrado_trees.v1i.coco/_separated2\1845.png,530,365
1125,_separated2,../data/Cerrado_trees.v1i.coco/_separated2\1846.png,247,208
1126,_separated2,../data/Cerrado_trees.v1i.coco/_separated2\1847.png,308,661
1127,_separated2,../data/Cerrado_trees.v1i.coco/_separated2\1848.png,75,156
1128,_separated2,../data/Cerrado_trees.v1i.coco/_separated2\1849.png,34,143
1129,_separated2,../data/Cerrado_trees.v1i.coco/_separated2\185.png,358,365
1130,_separated2,../data/Cerrado_trees.v1i.coco/_separated2\1850.png,42,67
1131,_separated2,../data/Cerrado_trees.v1i.coco/_separated2\1851.png,425,371
1132,_separated2,../data/Cerrado_trees.v1i.coco/_separated2\1852.png,94,111
1133,_separated2,../data/Cerrado_trees.v1i.coco/_separated2\1853.png,81,95
1134,_separated2,../data/Cerrado_trees.v1i.coco/_separated2\1854.png,202,630
1135,_separated2,../data/Cerrado_trees.v1i.coco/_separated2\1855.png,511,338
1136,_separated2,../data/Cerrado_trees.v1i.coco/_separated2\1856.png,34,16
1137,_separated2,../data/Cerrado_trees.v1i.coco/_separated2\1857.png,289,138
1138,_separated2,../data/Cerrado_trees.v1i.coco/_separated2\1858.png,667,282
1139,_separated2,../data/Cerrado_trees.v1i.coco/_separated2\1859.png,317,339
1140,_separated2,../data/Cerrado_trees.v1i.coco/_separated2\186.png,144,147
1141,_separated2,../data/Cerrado_trees.v1i.coco/_separated2\1860.png,128,158
1142,_separated2,../data/Cerrado_trees.v1i.coco/_separated2\1861.png,117,135
1143,_separated2,../data/Cerrado_trees.v1i.coco/_separated2\1862.png,10,8
1144,_separated2,../data/Cerrado_trees.v1i.coco/_separated2\1863.png,480,831
1145,_separated2,../data/Cerrado_trees.v1i.coco/_separated2\1864.png,399,693
1146,_separated2,../data/Cerrado_trees.v1i.coco/_separated2\1865.png,35,157
1147,_separated2,../data/Cerrado_trees.v1i.coco/_separated2\1866.png,300,495
1148,_separated2,../data/Cerrado_trees.v1i.coco/_separated2\1867.png,212,185
1149,_separated2,../data/Cerrado_trees.v1i.coco/_separated2\1868.png,314,219
1150,_separated2,../data/Cerrado_trees.v1i.coco/_separated2\1869.png,292,609
1151,_separated2,../data/Cerrado_trees.v1i.coco/_separated2\187.png,184,177
1152,_separated2,../data/Cerrado_trees.v1i.coco/_separated2\1870.png,68,202
1153,_separated2,../data/Cerrado_trees.v1i.coco/_separated2\1871.png,325,363
1154,_separated2,../data/Cerrado_trees.v1i.coco/_separated2\1872.png,212,150
1155,_separated2,../data/Cerrado_trees.v1i.coco/_separated2\1873.png,96,90
1156,_separated2,../data/Cerrado_trees.v1i.coco/_separated2\1874.png,240,305
1157,_separated2,../data/Cerrado_trees.v1i.coco/_separated2\1875.png,80,20
1158,_separated2,../data/Cerrado_trees.v1i.coco/_separated2\1876.png,297,35
1159,_separated2,../data/Cerrado_trees.v1i.coco/_separated2\1877.png,632,205
1160,_separated2,../data/Cerrado_trees.v1i.coco/_separated2\1878.png,413,246
1161,_separated2,../data/Cerrado_trees.v1i.coco/_separated2\1879.png,179,106
1162,_separated2,../data/Cerrado_trees.v1i.coco/_separated2\188.png,4,69
1163,_separated2,../data/Cerrado_trees.v1i.coco/_separated2\1880.png,458,449
1164,_separated2,../data/Cerrado_trees.v1i.coco/_separated2\1881.png,214,218
1165,_separated2,../data/Cerrado_trees.v1i.coco/_separated2\1882.png,188,212
1166,_separated2,../data/Cerrado_trees.v1i.coco/_separated2\1883.png,304,161
1167,_separated2,../data/Cerrado_trees.v1i.coco/_separated2\1884.png,96,79
1168,_separated2,../data/Cerrado_trees.v1i.coco/_separated2\1885.png,297,29
1169,_separated2,../data/Cerrado_trees.v1i.coco/_separated2\1886.png,344,531
1170,_separated2,../data/Cerrado_trees.v1i.coco/_separated2\1887.png,277,394
1171,_separated2,../data/Cerrado_trees.v1i.coco/_separated2\1888.png,234,301
1172,_separated2,../data/Cerrado_trees.v1i.coco/_separated2\1889.png,77,109
1173,_separated2,../data/Cerrado_trees.v1i.coco/_separated2\189.png,102,241
1174,_separated2,../data/Cerrado_trees.v1i.coco/_separated2\1890.png,538,368
1175,_separated2,../data/Cerrado_trees.v1i.coco/_separated2\1891.png,467,308
1176,_separated2,../data/Cerrado_trees.v1i.coco/_separated2\1892.png,161,226
1177,_separated2,../data/Cerrado_trees.v1i.coco/_separated2\1893.png,188,189
1178,_separated2,../data/Cerrado_trees.v1i.coco/_separated2\1894.png,282,290
1179,_separated2,../data/Cerrado_trees.v1i.coco/_separated2\1895.png,355,317
1180,_separated2,../data/Cerrado_trees.v1i.coco/_separated2\1896.png,68,139
1181,_separated2,../data/Cerrado_trees.v1i.coco/_separated2\1897.png,131,158
1182,_separated2,../data/Cerrado_trees.v1i.coco/_separated2\1898.png,297,552
1183,_separated2,../data/Cerrado_trees.v1i.coco/_separated2\1899.png,15,5
1184,_separated2,../data/Cerrado_trees.v1i.coco/_separated2\19.png,264,135
1185,_separated2,../data/Cerrado_trees.v1i.coco/_separated2\190.png,303,215
1186,_separated2,../data/Cerrado_trees.v1i.coco/_separated2\1900.png,503,822
1187,_separated2,../data/Cerrado_trees.v1i.coco/_separated2\1901.png,118,170
1188,_separated2,../data/Cerrado_trees.v1i.coco/_separated2\1902.png,80,157
1189,_separated2,../data/Cerrado_trees.v1i.coco/_separated2\1903.png,537,373
1190,_separated2,../data/Cerrado_trees.v1i.coco/_separated2\1904.png,140,51
1191,_separated2,../data/Cerrado_trees.v1i.coco/_separated2\1905.png,401,277
1192,_separated2,../data/Cerrado_trees.v1i.coco/_separated2\1906.png,347,395
1193,_separated2,../data/Cerrado_trees.v1i.coco/_separated2\1907.png,112,73
1194,_separated2,../data/Cerrado_trees.v1i.coco/_separated2\1908.png,25,11
1195,_separated2,../data/Cerrado_trees.v1i.coco/_separated2\1909.png,359,347
1196,_separated2,../data/Cerrado_trees.v1i.coco/_separated2\191.png,81,238
1197,_separated2,../data/Cerrado_trees.v1i.coco/_separated2\1910.png,312,274
1198,_separated2,../data/Cerrado_trees.v1i.coco/_separated2\1911.png,43,158
1199,_separated2,../data/Cerrado_trees.v1i.coco/_separated2\1912.png,242,195
1200,_separated2,../data/Cerrado_trees.v1i.coco/_separated2\1913.png,747,659
1201,_separated2,../data/Cerrado_trees.v1i.coco/_separated2\1914.png,283,312
1202,_separated2,../data/Cerrado_trees.v1i.coco/_separated2\1915.png,471,131
1203,_separated2,../data/Cerrado_trees.v1i.coco/_separated2\1916.png,83,165
1204,_separated2,../data/Cerrado_trees.v1i.coco/_separated2\1917.png,314,142
1205,_separated2,../data/Cerrado_trees.v1i.coco/_separated2\1918.png,60,102
1206,_separated2,../data/Cerrado_trees.v1i.coco/_separated2\1919.png,12,66
1207,_separated2,../data/Cerrado_trees.v1i.coco/_separated2\192.png,733,600
1208,_separated2,../data/Cerrado_trees.v1i.coco/_separated2\1920.png,313,467
1209,_separated2,../data/Cerrado_trees.v1i.coco/_separated2\1921.png,8,10
1210,_separated2,../data/Cerrado_trees.v1i.coco/_separated2\1922.png,372,253
1211,_separated2,../data/Cerrado_trees.v1i.coco/_separated2\1923.png,100,114
1212,_separated2,../data/Cerrado_trees.v1i.coco/_separated2\1924.png,107,230
1213,_separated2,../data/Cerrado_trees.v1i.coco/_separated2\1925.png,190,175
1214,_separated2,../data/Cerrado_trees.v1i.coco/_separated2\1926.png,268,246
1215,_separated2,../data/Cerrado_trees.v1i.coco/_separated2\1927.png,423,535
1216,_separated2,../data/Cerrado_trees.v1i.coco/_separated2\1928.png,36,143
1217,_separated2,../data/Cerrado_trees.v1i.coco/_separated2\1929.png,168,58
1218,_separated2,../data/Cerrado_trees.v1i.coco/_separated2\193.png,265,394
1219,_separated2,../data/Cerrado_trees.v1i.coco/_separated2\1930.png,459,457
1220,_separated2,../data/Cerrado_trees.v1i.coco/_separated2\1931.png,281,387
1221,_separated2,../data/Cerrado_trees.v1i.coco/_separated2\1932.png,88,175
1222,_separated2,../data/Cerrado_trees.v1i.coco/_separated2\1933.png,224,155
1223,_separated2,../data/Cerrado_trees.v1i.coco/_separated2\1934.png,116,101
1224,_separated2,../data/Cerrado_trees.v1i.coco/_separated2\1935.png,533,517
1225,_separated2,../data/Cerrado_trees.v1i.coco/_separated2\1936.png,62,110
1226,_separated2,../data/Cerrado_trees.v1i.coco/_separated2\1937.png,258,260
1227,_separated2,../data/Cerrado_trees.v1i.coco/_separated2\1938.png,434,457
1228,_separated2,../data/Cerrado_trees.v1i.coco/_separated2\1939.png,286,83
1229,_separated2,../data/Cerrado_trees.v1i.coco/_separated2\194.png,10,28
1230,_separated2,../data/Cerrado_trees.v1i.coco/_separated2\1940.png,328,391
1231,_separated2,../data/Cerrado_trees.v1i.coco/_separated2\1941.png,130,158
1232,_separated2,../data/Cerrado_trees.v1i.coco/_separated2\1942.png,377,290
1233,_separated2,../data/Cerrado_trees.v1i.coco/_separated2\1943.png,203,71
1234,_separated2,../data/Cerrado_trees.v1i.coco/_separated2\1944.png,119,93
1235,_separated2,../data/Cerrado_trees.v1i.coco/_separated2\1945.png,175,134
1236,_separated2,../data/Cerrado_trees.v1i.coco/_separated2\1946.png,73,72
1237,_separated2,../data/Cerrado_trees.v1i.coco/_separated2\1947.png,6,2
1238,_separated2,../data/Cerrado_trees.v1i.coco/_separated2\1948.png,197,173
1239,_separated2,../data/Cerrado_trees.v1i.coco/_separated2\1949.png,173,186
1240,_separated2,../data/Cerrado_trees.v1i.coco/_separated2\195.png,77,152
1241,_separated2,../data/Cerrado_trees.v1i.coco/_separated2\1950.png,89,123
1242,_separated2,../data/Cerrado_trees.v1i.coco/_separated2\1951.png,265,390
1243,_separated2,../data/Cerrado_trees.v1i.coco/_separated2\1952.png,550,328
1244,_separated2,../data/Cerrado_trees.v1i.coco/_separated2\1953.png,112,81
1245,_separated2,../data/Cerrado_trees.v1i.coco/_separated2\1954.png,330,477
1246,_separated2,../data/Cerrado_trees.v1i.coco/_separated2\1955.png,590,269
1247,_separated2,../data/Cerrado_trees.v1i.coco/_separated2\1956.png,366,216
1248,_separated2,../data/Cerrado_trees.v1i.coco/_separated2\1957.png,177,107
1249,_separated2,../data/Cerrado_trees.v1i.coco/_separated2\1958.png,495,306
1250,_separated2,../data/Cerrado_trees.v1i.coco/_separated2\1959.png,517,558
1251,_separated2,../data/Cerrado_trees.v1i.coco/_separated2\196.png,163,182
1252,_separated2,../data/Cerrado_trees.v1i.coco/_separated2\1960.png,440,577
1253,_separated2,../data/Cerrado_trees.v1i.coco/_separated2\1961.png,374,246
1254,_separated2,../data/Cerrado_trees.v1i.coco/_separated2\1962.png,481,245
1255,_separated2,../data/Cerrado_trees.v1i.coco/_separated2\1963.png,229,128
1256,_separated2,../data/Cerrado_trees.v1i.coco/_separated2\1964.png,519,556
1257,_separated2,../data/Cerrado_trees.v1i.coco/_separated2\1965.png,19,80
1258,_separated2,../data/Cerrado_trees.v1i.coco/_separated2\1966.png,318,172
1259,_separated2,../data/Cerrado_trees.v1i.coco/_separated2\1967.png,434,345
1260,_separated2,../data/Cerrado_trees.v1i.coco/_separated2\1968.png,18,38
1261,_separated2,../data/Cerrado_trees.v1i.coco/_separated2\1969.png,279,400
1262,_separated2,../data/Cerrado_trees.v1i.coco/_separated2\197.png,334,223
1263,_separated2,../data/Cerrado_trees.v1i.coco/_separated2\1970.png,218,205
1264,_separated2,../data/Cerrado_trees.v1i.coco/_separated2\1971.png,136,472
1265,_separated2,../data/Cerrado_trees.v1i.coco/_separated2\1972.png,396,320
1266,_separated2,../data/Cerrado_trees.v1i.coco/_separated2\1973.png,455,265
1267,_separated2,../data/Cerrado_trees.v1i.coco/_separated2\1974.png,218,86
1268,_separated2,../data/Cerrado_trees.v1i.coco/_separated2\1975.png,216,214
1269,_separated2,../data/Cerrado_trees.v1i.coco/_separated2\1976.png,796,946
1270,_separated2,../data/Cerrado_trees.v1i.coco/_separated2\1977.png,656,747
1271,_separated2,../data/Cerrado_trees.v1i.coco/_separated2\1978.png,493,298
1272,_separated2,../data/Cerrado_trees.v1i.coco/_separated2\1979.png,189,133
1273,_separated2,../data/Cerrado_trees.v1i.coco/_separated2\198.png,175,87
1274,_separated2,../data/Cerrado_trees.v1i.coco/_separated2\1980.png,52,55
1275,_separated2,../data/Cerrado_trees.v1i.coco/_separated2\1981.png,20,83
1276,_separated2,../data/Cerrado_trees.v1i.coco/_separated2\1982.png,94,80
1277,_separated2,../data/Cerrado_trees.v1i.coco/_separated2\1983.png,141,314
1278,_separated2,../data/Cerrado_trees.v1i.coco/_separated2\1984.png,293,235
1279,_separated2,../data/Cerrado_trees.v1i.coco/_separated2\1985.png,832,526
1280,_separated2,../data/Cerrado_trees.v1i.coco/_separated2\1986.png,170,276
1281,_separated2,../data/Cerrado_trees.v1i.coco/_separated2\1987.png,382,540
1282,_separated2,../data/Cerrado_trees.v1i.coco/_separated2\1988.png,514,409
1283,_separated2,../data/Cerrado_trees.v1i.coco/_separated2\1989.png,75,153
1284,_separated2,../data/Cerrado_trees.v1i.coco/_separated2\199.png,283,307
1285,_separated2,../data/Cerrado_trees.v1i.coco/_separated2\1990.png,257,416
1286,_separated2,../data/Cerrado_trees.v1i.coco/_separated2\1991.png,656,727
1287,_separated2,../data/Cerrado_trees.v1i.coco/_separated2\1992.png,164,83
1288,_separated2,../data/Cerrado_trees.v1i.coco/_separated2\1993.png,412,453
1289,_separated2,../data/Cerrado_trees.v1i.coco/_separated2\1994.png,98,144
1290,_separated2,../data/Cerrado_trees.v1i.coco/_separated2\1995.png,161,138
1291,_separated2,../data/Cerrado_trees.v1i.coco/_separated2\1996.png,244,118
1292,_separated2,../data/Cerrado_trees.v1i.coco/_separated2\1997.png,314,274
1293,_separated2,../data/Cerrado_trees.v1i.coco/_separated2\1998.png,170,118
1294,_separated2,../data/Cerrado_trees.v1i.coco/_separated2\1999.png,221,294
1295,_separated2,../data/Cerrado_trees.v1i.coco/_separated2\2.png,110,220
1296,_separated2,../data/Cerrado_trees.v1i.coco/_separated2\20.png,76,79
1297,_separated2,../data/Cerrado_trees.v1i.coco/_separated2\200.png,69,139
1298,_separated2,../data/Cerrado_trees.v1i.coco/_separated2\2000.png,87,75
1299,_separated2,../data/Cerrado_trees.v1i.coco/_separated2\2001.png,304,431
1300,_separated2,../data/Cerrado_trees.v1i.coco/_separated2\2002.png,61,106
1301,_separated2,../data/Cerrado_trees.v1i.coco/_separated2\2003.png,190,208
1302,_separated2,../data/Cerrado_trees.v1i.coco/_separated2\2004.png,551,532
1303,_separated2,../data/Cerrado_trees.v1i.coco/_separated2\2005.png,203,242
1304,_separated2,../data/Cerrado_trees.v1i.coco/_separated2\2006.png,152,323
1305,_separated2,../data/Cerrado_trees.v1i.coco/_separated2\2007.png,453,258
1306,_separated2,../data/Cerrado_trees.v1i.coco/_separated2\2008.png,10,65
1307,_separated2,../data/Cerrado_trees.v1i.coco/_separated2\2009.png,160,274
1308,_separated2,../data/Cerrado_trees.v1i.coco/_separated2\201.png,179,333
1309,_separated2,../data/Cerrado_trees.v1i.coco/_separated2\2010.png,129,188
1310,_separated2,../data/Cerrado_trees.v1i.coco/_separated2\2011.png,228,368
1311,_separated2,../data/Cerrado_trees.v1i.coco/_separated2\2012.png,174,197
1312,_separated2,../data/Cerrado_trees.v1i.coco/_separated2\2013.png,214,116
1313,_separated2,../data/Cerrado_trees.v1i.coco/_separated2\2014.png,176,240
1314,_separated2,../data/Cerrado_trees.v1i.coco/_separated2\2015.png,312,289
1315,_separated2,../data/Cerrado_trees.v1i.coco/_separated2\2016.png,139,70
1316,_separated2,../data/Cerrado_trees.v1i.coco/_separated2\2017.png,139,78
1317,_separated2,../data/Cerrado_trees.v1i.coco/_separated2\2018.png,536,415
1318,_separated2,../data/Cerrado_trees.v1i.coco/_separated2\2019.png,497,1023
1319,_separated2,../data/Cerrado_trees.v1i.coco/_separated2\202.png,203,201
1320,_separated2,../data/Cerrado_trees.v1i.coco/_separated2\2020.png,93,78
1321,_separated2,../data/Cerrado_trees.v1i.coco/_separated2\2021.png,143,131
1322,_separated2,../data/Cerrado_trees.v1i.coco/_separated2\2022.png,190,175
1323,_separated2,../data/Cerrado_trees.v1i.coco/_separated2\2023.png,306,258
1324,_separated2,../data/Cerrado_trees.v1i.coco/_separated2\2024.png,209,188
1325,_separated2,../data/Cerrado_trees.v1i.coco/_separated2\2025.png,197,241
1326,_separated2,../data/Cerrado_trees.v1i.coco/_separated2\2026.png,337,430
1327,_separated2,../data/Cerrado_trees.v1i.coco/_separated2\2027.png,126,75
1328,_separated2,../data/Cerrado_trees.v1i.coco/_separated2\2028.png,100,92
1329,_separated2,../data/Cerrado_trees.v1i.coco/_separated2\2029.png,155,130
1330,_separated2,../data/Cerrado_trees.v1i.coco/_separated2\203.png,771,666
1331,_separated2,../data/Cerrado_trees.v1i.coco/_separated2\2030.png,410,453
1332,_separated2,../data/Cerrado_trees.v1i.coco/_separated2\2031.png,5,15
1333,_separated2,../data/Cerrado_trees.v1i.coco/_separated2\2032.png,395,348
1334,_separated2,../data/Cerrado_trees.v1i.coco/_separated2\2033.png,112,73
1335,_separated2,../data/Cerrado_trees.v1i.coco/_separated2\2034.png,184,194
1336,_separated2,../data/Cerrado_trees.v1i.coco/_separated2\2035.png,129,289
1337,_separated2,../data/Cerrado_trees.v1i.coco/_separated2\2036.png,123,89
1338,_separated2,../data/Cerrado_trees.v1i.coco/_separated2\2037.png,447,161
1339,_separated2,../data/Cerrado_trees.v1i.coco/_separated2\2038.png,223,496
1340,_separated2,../data/Cerrado_trees.v1i.coco/_separated2\2039.png,315,261
1341,_separated2,../data/Cerrado_trees.v1i.coco/_separated2\204.png,214,217
1342,_separated2,../data/Cerrado_trees.v1i.coco/_separated2\2040.png,124,94
1343,_separated2,../data/Cerrado_trees.v1i.coco/_separated2\2041.png,394,448
1344,_separated2,../data/Cerrado_trees.v1i.coco/_separated2\2042.png,208,236
1345,_separated2,../data/Cerrado_trees.v1i.coco/_separated2\2043.png,34,33
1346,_separated2,../data/Cerrado_trees.v1i.coco/_separated2\2044.png,615,335
1347,_separated2,../data/Cerrado_trees.v1i.coco/_separated2\2045.png,480,328
1348,_separated2,../data/Cerrado_trees.v1i.coco/_separated2\2046.png,81,142
1349,_separated2,../data/Cerrado_trees.v1i.coco/_separated2\2047.png,327,360
1350,_separated2,../data/Cerrado_trees.v1i.coco/_separated2\2048.png,448,369
1351,_separated2,../data/Cerrado_trees.v1i.coco/_separated2\2049.png,104,102
1352,_separated2,../data/Cerrado_trees.v1i.coco/_separated2\205.png,425,529
1353,_separated2,../data/Cerrado_trees.v1i.coco/_separated2\2050.png,275,185
1354,_separated2,../data/Cerrado_trees.v1i.coco/_separated2\2051.png,401,404
1355,_separated2,../data/Cerrado_trees.v1i.coco/_separated2\2052.png,90,96
1356,_separated2,../data/Cerrado_trees.v1i.coco/_separated2\2053.png,73,188
1357,_separated2,../data/Cerrado_trees.v1i.coco/_separated2\2054.png,107,103
1358,_separated2,../data/Cerrado_trees.v1i.coco/_separated2\2055.png,674,562
1359,_separated2,../data/Cerrado_trees.v1i.coco/_separated2\2056.png,95,97
1360,_separated2,../data/Cerrado_trees.v1i.coco/_separated2\2057.png,338,449
1361,_separated2,../data/Cerrado_trees.v1i.coco/_separated2\2058.png,651,586
1362,_separated2,../data/Cerrado_trees.v1i.coco/_separated2\2059.png,104,76
1363,_separated2,../data/Cerrado_trees.v1i.coco/_separated2\206.png,311,297
1364,_separated2,../data/Cerrado_trees.v1i.coco/_separated2\2060.png,245,114
1365,_separated2,../data/Cerrado_trees.v1i.coco/_separated2\2061.png,83,185
1366,_separated2,../data/Cerrado_trees.v1i.coco/_separated2\2062.png,70,97
1367,_separated2,../data/Cerrado_trees.v1i.coco/_separated2\2063.png,455,240
1368,_separated2,../data/Cerrado_trees.v1i.coco/_separated2\2064.png,173,134
1369,_separated2,../data/Cerrado_trees.v1i.coco/_separated2\2065.png,111,124
1370,_separated2,../data/Cerrado_trees.v1i.coco/_separated2\2066.png,136,115
1371,_separated2,../data/Cerrado_trees.v1i.coco/_separated2\2067.png,148,174
1372,_separated2,../data/Cerrado_trees.v1i.coco/_separated2\2068.png,530,544
1373,_separated2,../data/Cerrado_trees.v1i.coco/_separated2\2069.png,165,103
1374,_separated2,../data/Cerrado_trees.v1i.coco/_separated2\207.png,318,266
1375,_separated2,../data/Cerrado_trees.v1i.coco/_separated2\2070.png,709,893
1376,_separated2,../data/Cerrado_trees.v1i.coco/_separated2\2071.png,358,61
1377,_separated2,../data/Cerrado_trees.v1i.coco/_separated2\2072.png,244,111
1378,_separated2,../data/Cerrado_trees.v1i.coco/_separated2\2073.png,142,452
1379,_separated2,../data/Cerrado_trees.v1i.coco/_separated2\2074.png,258,85
1380,_separated2,../data/Cerrado_trees.v1i.coco/_separated2\2075.png,68,60
1381,_separated2,../data/Cerrado_trees.v1i.coco/_separated2\2076.png,79,126
1382,_separated2,../data/Cerrado_trees.v1i.coco/_separated2\2077.png,851,1023
1383,_separated2,../data/Cerrado_trees.v1i.coco/_separated2\2078.png,142,184
1384,_separated2,../data/Cerrado_trees.v1i.coco/_separated2\2079.png,47,14
1385,_separated2,../data/Cerrado_trees.v1i.coco/_separated2\208.png,239,525
1386,_separated2,../data/Cerrado_trees.v1i.coco/_separated2\2080.png,120,108
1387,_separated2,../data/Cerrado_trees.v1i.coco/_separated2\2081.png,356,266
1388,_separated2,../data/Cerrado_trees.v1i.coco/_separated2\2082.png,410,582
1389,_separated2,../data/Cerrado_trees.v1i.coco/_separated2\2083.png,130,100
1390,_separated2,../data/Cerrado_trees.v1i.coco/_separated2\2084.png,226,132
1391,_separated2,../data/Cerrado_trees.v1i.coco/_separated2\2085.png,482,442
1392,_separated2,../data/Cerrado_trees.v1i.coco/_separated2\2086.png,103,156
1393,_separated2,../data/Cerrado_trees.v1i.coco/_separated2\2087.png,323,199
1394,_separated2,../data/Cerrado_trees.v1i.coco/_separated2\2088.png,244,126
1395,_separated2,../data/Cerrado_trees.v1i.coco/_separated2\2089.png,664,604
1396,_separated2,../data/Cerrado_trees.v1i.coco/_separated2\209.png,269,316
1397,_separated2,../data/Cerrado_trees.v1i.coco/_separated2\2090.png,638,396
1398,_separated2,../data/Cerrado_trees.v1i.coco/_separated2\2091.png,16,96
1399,_separated2,../data/Cerrado_trees.v1i.coco/_separated2\2092.png,305,297
1400,_separated2,../data/Cerrado_trees.v1i.coco/_separated2\2093.png,131,58
1401,_separated2,../data/Cerrado_trees.v1i.coco/_separated2\2094.png,169,129
1402,_separated2,../data/Cerrado_trees.v1i.coco/_separated2\2095.png,267,128
1403,_separated2,../data/Cerrado_trees.v1i.coco/_separated2\2096.png,466,441
1404,_separated2,../data/Cerrado_trees.v1i.coco/_separated2\2097.png,62,220
1405,_separated2,../data/Cerrado_trees.v1i.coco/_separated2\2098.png,234,176
1406,_separated2,../data/Cerrado_trees.v1i.coco/_separated2\2099.png,124,113
1407,_separated2,../data/Cerrado_trees.v1i.coco/_separated2\21.png,172,170
1408,_separated2,../data/Cerrado_trees.v1i.coco/_separated2\210.png,232,406
1409,_separated2,../data/Cerrado_trees.v1i.coco/_separated2\2100.png,292,145
1410,_separated2,../data/Cerrado_trees.v1i.coco/_separated2\2101.png,137,85
1411,_separated2,../data/Cerrado_trees.v1i.coco/_separated2\2102.png,389,610
1412,_separated2,../data/Cerrado_trees.v1i.coco/_separated2\2103.png,363,188
1413,_separated2,../data/Cerrado_trees.v1i.coco/_separated2\2104.png,300,380
1414,_separated2,../data/Cerrado_trees.v1i.coco/_separated2\2105.png,353,514
1415,_separated2,../data/Cerrado_trees.v1i.coco/_separated2\2106.png,321,133
1416,_separated2,../data/Cerrado_trees.v1i.coco/_separated2\2107.png,182,240
1417,_separated2,../data/Cerrado_trees.v1i.coco/_separated2\2108.png,211,196
1418,_separated2,../data/Cerrado_trees.v1i.coco/_separated2\2109.png,254,362
1419,_separated2,../data/Cerrado_trees.v1i.coco/_separated2\211.png,142,232
1420,_separated2,../data/Cerrado_trees.v1i.coco/_separated2\2110.png,92,100
1421,_separated2,../data/Cerrado_trees.v1i.coco/_separated2\2111.png,85,101
1422,_separated2,../data/Cerrado_trees.v1i.coco/_separated2\2112.png,195,133
1423,_separated2,../data/Cerrado_trees.v1i.coco/_separated2\2113.png,230,175
1424,_separated2,../data/Cerrado_trees.v1i.coco/_separated2\2114.png,122,136
1425,_separated2,../data/Cerrado_trees.v1i.coco/_separated2\2115.png,124,195
1426,_separated2,../data/Cerrado_trees.v1i.coco/_separated2\2116.png,284,614
1427,_separated2,../data/Cerrado_trees.v1i.coco/_separated2\2117.png,209,101
1428,_separated2,../data/Cerrado_trees.v1i.coco/_separated2\2118.png,685,894
1429,_separated2,../data/Cerrado_trees.v1i.coco/_separated2\2119.png,174,185
1430,_separated2,../data/Cerrado_trees.v1i.coco/_separated2\212.png,171,193
1431,_separated2,../data/Cerrado_trees.v1i.coco/_separated2\2120.png,291,175
1432,_separated2,../data/Cerrado_trees.v1i.coco/_separated2\2121.png,316,264
1433,_separated2,../data/Cerrado_trees.v1i.coco/_separated2\2122.png,182,190
1434,_separated2,../data/Cerrado_trees.v1i.coco/_separated2\2123.png,515,458
1435,_separated2,../data/Cerrado_trees.v1i.coco/_separated2\2124.png,445,1021
1436,_separated2,../data/Cerrado_trees.v1i.coco/_separated2\2125.png,282,130
1437,_separated2,../data/Cerrado_trees.v1i.coco/_separated2\2126.png,208,224
1438,_separated2,../data/Cerrado_trees.v1i.coco/_separated2\2127.png,684,324
1439,_separated2,../data/Cerrado_trees.v1i.coco/_separated2\2128.png,234,427
1440,_separated2,../data/Cerrado_trees.v1i.coco/_separated2\2129.png,167,118
1441,_separated2,../data/Cerrado_trees.v1i.coco/_separated2\213.png,959,788
1442,_separated2,../data/Cerrado_trees.v1i.coco/_separated2\2130.png,178,144
1443,_separated2,../data/Cerrado_trees.v1i.coco/_separated2\2131.png,103,103
1444,_separated2,../data/Cerrado_trees.v1i.coco/_separated2\2132.png,1023,693
1445,_separated2,../data/Cerrado_trees.v1i.coco/_separated2\2133.png,319,447
1446,_separated2,../data/Cerrado_trees.v1i.coco/_separated2\2134.png,445,592
1447,_separated2,../data/Cerrado_trees.v1i.coco/_separated2\2135.png,56,74
1448,_separated2,../data/Cerrado_trees.v1i.coco/_separated2\2136.png,214,421
1449,_separated2,../data/Cerrado_trees.v1i.coco/_separated2\2137.png,103,210
1450,_separated2,../data/Cerrado_trees.v1i.coco/_separated2\2138.png,107,101
1451,_separated2,../data/Cerrado_trees.v1i.coco/_separated2\2139.png,635,264
1452,_separated2,../data/Cerrado_trees.v1i.coco/_separated2\214.png,294,151
1453,_separated2,../data/Cerrado_trees.v1i.coco/_separated2\2140.png,261,256
1454,_separated2,../data/Cerrado_trees.v1i.coco/_separated2\2141.png,472,587
1455,_separated2,../data/Cerrado_trees.v1i.coco/_separated2\2142.png,120,117
1456,_separated2,../data/Cerrado_trees.v1i.coco/_separated2\2143.png,315,276
1457,_separated2,../data/Cerrado_trees.v1i.coco/_separated2\2144.png,509,565
1458,_separated2,../data/Cerrado_trees.v1i.coco/_separated2\2145.png,99,90
1459,_separated2,../data/Cerrado_trees.v1i.coco/_separated2\2146.png,482,443
1460,_separated2,../data/Cerrado_trees.v1i.coco/_separated2\2147.png,163,228
1461,_separated2,../data/Cerrado_trees.v1i.coco/_separated2\2148.png,7,11
1462,_separated2,../data/Cerrado_trees.v1i.coco/_separated2\2149.png,273,239
1463,_separated2,../data/Cerrado_trees.v1i.coco/_separated2\215.png,71,204
1464,_separated2,../data/Cerrado_trees.v1i.coco/_separated2\2150.png,192,161
1465,_separated2,../data/Cerrado_trees.v1i.coco/_separated2\2151.png,183,158
1466,_separated2,../data/Cerrado_trees.v1i.coco/_separated2\2152.png,449,434
1467,_separated2,../data/Cerrado_trees.v1i.coco/_separated2\2153.png,107,100
1468,_separated2,../data/Cerrado_trees.v1i.coco/_separated2\2154.png,108,117
1469,_separated2,../data/Cerrado_trees.v1i.coco/_separated2\2155.png,162,168
1470,_separated2,../data/Cerrado_trees.v1i.coco/_separated2\2156.png,415,272
1471,_separated2,../data/Cerrado_trees.v1i.coco/_separated2\2157.png,641,579
1472,_separated2,../data/Cerrado_trees.v1i.coco/_separated2\2158.png,121,319
1473,_separated2,../data/Cerrado_trees.v1i.coco/_separated2\2159.png,420,171
1474,_separated2,../data/Cerrado_trees.v1i.coco/_separated2\216.png,79,95
1475,_separated2,../data/Cerrado_trees.v1i.coco/_separated2\2160.png,150,112
1476,_separated2,../data/Cerrado_trees.v1i.coco/_separated2\2161.png,106,78
1477,_separated2,../data/Cerrado_trees.v1i.coco/_separated2\2162.png,422,224
1478,_separated2,../data/Cerrado_trees.v1i.coco/_separated2\2163.png,40,55
1479,_separated2,../data/Cerrado_trees.v1i.coco/_separated2\2164.png,271,197
1480,_separated2,../data/Cerrado_trees.v1i.coco/_separated2\2165.png,183,56
1481,_separated2,../data/Cerrado_trees.v1i.coco/_separated2\2166.png,216,302
1482,_separated2,../data/Cerrado_trees.v1i.coco/_separated2\2167.png,170,59
1483,_separated2,../data/Cerrado_trees.v1i.coco/_separated2\2168.png,387,204
1484,_separated2,../data/Cerrado_trees.v1i.coco/_separated2\2169.png,140,242
1485,_separated2,../data/Cerrado_trees.v1i.coco/_separated2\217.png,422,392
1486,_separated2,../data/Cerrado_trees.v1i.coco/_separated2\2170.png,176,228
1487,_separated2,../data/Cerrado_trees.v1i.coco/_separated2\2171.png,664,693
1488,_separated2,../data/Cerrado_trees.v1i.coco/_separated2\2172.png,85,125
1489,_separated2,../data/Cerrado_trees.v1i.coco/_separated2\2173.png,168,41
1490,_separated2,../data/Cerrado_trees.v1i.coco/_separated2\2174.png,497,245
1491,_separated2,../data/Cerrado_trees.v1i.coco/_separated2\2175.png,169,171
1492,_separated2,../data/Cerrado_trees.v1i.coco/_separated2\2176.png,71,98
1493,_separated2,../data/Cerrado_trees.v1i.coco/_separated2\2177.png,38,103
1494,_separated2,../data/Cerrado_trees.v1i.coco/_separated2\2178.png,327,441
1495,_separated2,../data/Cerrado_trees.v1i.coco/_separated2\2179.png,175,125
1496,_separated2,../data/Cerrado_trees.v1i.coco/_separated2\218.png,185,68
1497,_separated2,../data/Cerrado_trees.v1i.coco/_separated2\2180.png,302,378
1498,_separated2,../data/Cerrado_trees.v1i.coco/_separated2\2181.png,296,409
1499,_separated2,../data/Cerrado_trees.v1i.coco/_separated2\2182.png,978,272
1500,_separated2,../data/Cerrado_trees.v1i.coco/_separated2\2183.png,308,303
1501,_separated2,../data/Cerrado_trees.v1i.coco/_separated2\2184.png,342,457
1502,_separated2,../data/Cerrado_trees.v1i.coco/_separated2\2185.png,304,125
1503,_separated2,../data/Cerrado_trees.v1i.coco/_separated2\2186.png,409,279
1504,_separated2,../data/Cerrado_trees.v1i.coco/_separated2\2187.png,105,89
1505,_separated2,../data/Cerrado_trees.v1i.coco/_separated2\2188.png,134,300
1506,_separated2,../data/Cerrado_trees.v1i.coco/_separated2\2189.png,389,473
1507,_separated2,../data/Cerrado_trees.v1i.coco/_separated2\219.png,264,358
1508,_separated2,../data/Cerrado_trees.v1i.coco/_separated2\2190.png,347,195
1509,_separated2,../data/Cerrado_trees.v1i.coco/_separated2\2191.png,1023,853
1510,_separated2,../data/Cerrado_trees.v1i.coco/_separated2\2192.png,173,389
1511,_separated2,../data/Cerrado_trees.v1i.coco/_separated2\2193.png,121,8
1512,_separated2,../data/Cerrado_trees.v1i.coco/_separated2\2194.png,355,386
1513,_separated2,../data/Cerrado_trees.v1i.coco/_separated2\2195.png,236,150
1514,_separated2,../data/Cerrado_trees.v1i.coco/_separated2\2196.png,241,167
1515,_separated2,../data/Cerrado_trees.v1i.coco/_separated2\2197.png,91,109
1516,_separated2,../data/Cerrado_trees.v1i.coco/_separated2\2198.png,134,237
1517,_separated2,../data/Cerrado_trees.v1i.coco/_separated2\2199.png,77,61
1518,_separated2,../data/Cerrado_trees.v1i.coco/_separated2\22.png,701,209
1519,_separated2,../data/Cerrado_trees.v1i.coco/_separated2\220.png,289,290
1520,_separated2,../data/Cerrado_trees.v1i.coco/_separated2\2200.png,76,74
1521,_separated2,../data/Cerrado_trees.v1i.coco/_separated2\2201.png,703,283
1522,_separated2,../data/Cerrado_trees.v1i.coco/_separated2\2202.png,113,105
1523,_separated2,../data/Cerrado_trees.v1i.coco/_separated2\2203.png,86,77
1524,_separated2,../data/Cerrado_trees.v1i.coco/_separated2\2204.png,355,293
1525,_separated2,../data/Cerrado_trees.v1i.coco/_separated2\2205.png,291,220
1526,_separated2,../data/Cerrado_trees.v1i.coco/_separated2\2206.png,300,155
1527,_separated2,../data/Cerrado_trees.v1i.coco/_separated2\2207.png,130,60
1528,_separated2,../data/Cerrado_trees.v1i.coco/_separated2\2208.png,39,7
1529,_separated2,../data/Cerrado_trees.v1i.coco/_separated2\2209.png,269,455
1530,_separated2,../data/Cerrado_trees.v1i.coco/_separated2\221.png,630,596
1531,_separated2,../data/Cerrado_trees.v1i.coco/_separated2\2210.png,252,119
1532,_separated2,../data/Cerrado_trees.v1i.coco/_separated2\2211.png,505,420
1533,_separated2,../data/Cerrado_trees.v1i.coco/_separated2\2212.png,299,282
1534,_separated2,../data/Cerrado_trees.v1i.coco/_separated2\2213.png,421,559
1535,_separated2,../data/Cerrado_trees.v1i.coco/_separated2\2214.png,647,669
1536,_separated2,../data/Cerrado_trees.v1i.coco/_separated2\2215.png,265,533
1537,_separated2,../data/Cerrado_trees.v1i.coco/_separated2\2216.png,548,270
1538,_separated2,../data/Cerrado_trees.v1i.coco/_separated2\2217.png,406,198
1539,_separated2,../data/Cerrado_trees.v1i.coco/_separated2\2218.png,74,78
1540,_separated2,../data/Cerrado_trees.v1i.coco/_separated2\2219.png,95,85
1541,_separated2,../data/Cerrado_trees.v1i.coco/_separated2\222.png,409,505
1542,_separated2,../data/Cerrado_trees.v1i.coco/_separated2\2220.png,313,196
1543,_separated2,../data/Cerrado_trees.v1i.coco/_separated2\2221.png,457,776
1544,_separated2,../data/Cerrado_trees.v1i.coco/_separated2\2222.png,131,146
1545,_separated2,../data/Cerrado_trees.v1i.coco/_separated2\2223.png,10,2
1546,_separated2,../data/Cerrado_trees.v1i.coco/_separated2\2224.png,261,556
1547,_separated2,../data/Cerrado_trees.v1i.coco/_separated2\2225.png,91,205
1548,_separated2,../data/Cerrado_trees.v1i.coco/_separated2\2226.png,53,264
1549,_separated2,../data/Cerrado_trees.v1i.coco/_separated2\2227.png,523,304
1550,_separated2,../data/Cerrado_trees.v1i.coco/_separated2\2228.png,2,10
1551,_separated2,../data/Cerrado_trees.v1i.coco/_separated2\2229.png,154,154
1552,_separated2,../data/Cerrado_trees.v1i.coco/_separated2\223.png,281,235
1553,_separated2,../data/Cerrado_trees.v1i.coco/_separated2\2230.png,220,115
1554,_separated2,../data/Cerrado_trees.v1i.coco/_separated2\2231.png,340,397
1555,_separated2,../data/Cerrado_trees.v1i.coco/_separated2\2232.png,116,128
1556,_separated2,../data/Cerrado_trees.v1i.coco/_separated2\2233.png,192,182
1557,_separated2,../data/Cerrado_trees.v1i.coco/_separated2\2234.png,127,135
1558,_separated2,../data/Cerrado_trees.v1i.coco/_separated2\2235.png,119,21
1559,_separated2,../data/Cerrado_trees.v1i.coco/_separated2\2236.png,62,131
1560,_separated2,../data/Cerrado_trees.v1i.coco/_separated2\2237.png,254,245
1561,_separated2,../data/Cerrado_trees.v1i.coco/_separated2\2238.png,105,89
1562,_separated2,../data/Cerrado_trees.v1i.coco/_separated2\2239.png,625,440
1563,_separated2,../data/Cerrado_trees.v1i.coco/_separated2\224.png,329,335
1564,_separated2,../data/Cerrado_trees.v1i.coco/_separated2\2240.png,147,302
1565,_separated2,../data/Cerrado_trees.v1i.coco/_separated2\2241.png,462,197
1566,_separated2,../data/Cerrado_trees.v1i.coco/_separated2\2242.png,91,96
1567,_separated2,../data/Cerrado_trees.v1i.coco/_separated2\2243.png,283,432
1568,_separated2,../data/Cerrado_trees.v1i.coco/_separated2\2244.png,100,93
1569,_separated2,../data/Cerrado_trees.v1i.coco/_separated2\2245.png,264,127
1570,_separated2,../data/Cerrado_trees.v1i.coco/_separated2\2246.png,374,319
1571,_separated2,../data/Cerrado_trees.v1i.coco/_separated2\2247.png,147,286
1572,_separated2,../data/Cerrado_trees.v1i.coco/_separated2\2248.png,178,291
1573,_separated2,../data/Cerrado_trees.v1i.coco/_separated2\2249.png,316,373
1574,_separated2,../data/Cerrado_trees.v1i.coco/_separated2\225.png,88,73
1575,_separated2,../data/Cerrado_trees.v1i.coco/_separated2\2250.png,587,365
1576,_separated2,../data/Cerrado_trees.v1i.coco/_separated2\2251.png,105,92
1577,_separated2,../data/Cerrado_trees.v1i.coco/_separated2\2252.png,121,118
1578,_separated2,../data/Cerrado_trees.v1i.coco/_separated2\2253.png,395,537
1579,_separated2,../data/Cerrado_trees.v1i.coco/_separated2\2254.png,93,192
1580,_separated2,../data/Cerrado_trees.v1i.coco/_separated2\2255.png,296,241
1581,_separated2,../data/Cerrado_trees.v1i.coco/_separated2\2256.png,908,1024
1582,_separated2,../data/Cerrado_trees.v1i.coco/_separated2\2257.png,272,292
1583,_separated2,../data/Cerrado_trees.v1i.coco/_separated2\2258.png,126,305
1584,_separated2,../data/Cerrado_trees.v1i.coco/_separated2\2259.png,73,77
1585,_separated2,../data/Cerrado_trees.v1i.coco/_separated2\226.png,58,225
1586,_separated2,../data/Cerrado_trees.v1i.coco/_separated2\2260.png,501,361
1587,_separated2,../data/Cerrado_trees.v1i.coco/_separated2\2261.png,171,227
1588,_separated2,../data/Cerrado_trees.v1i.coco/_separated2\2262.png,75,86
1589,_separated2,../data/Cerrado_trees.v1i.coco/_separated2\2263.png,992,1023
1590,_separated2,../data/Cerrado_trees.v1i.coco/_separated2\2264.png,702,443
1591,_separated2,../data/Cerrado_trees.v1i.coco/_separated2\2265.png,74,103
1592,_separated2,../data/Cerrado_trees.v1i.coco/_separated2\2266.png,706,426
1593,_separated2,../data/Cerrado_trees.v1i.coco/_separated2\2267.png,33,125
1594,_separated2,../data/Cerrado_trees.v1i.coco/_separated2\2268.png,88,96
1595,_separated2,../data/Cerrado_trees.v1i.coco/_separated2\2269.png,198,386
1596,_separated2,../data/Cerrado_trees.v1i.coco/_separated2\227.png,77,157
1597,_separated2,../data/Cerrado_trees.v1i.coco/_separated2\2270.png,267,538
1598,_separated2,../data/Cerrado_trees.v1i.coco/_separated2\2271.png,237,160
1599,_separated2,../data/Cerrado_trees.v1i.coco/_separated2\2272.png,118,121
1600,_separated2,../data/Cerrado_trees.v1i.coco/_separated2\2273.png,427,506
1601,_separated2,../data/Cerrado_trees.v1i.coco/_separated2\2274.png,173,286
1602,_separated2,../data/Cerrado_trees.v1i.coco/_separated2\2275.png,61,208
1603,_separated2,../data/Cerrado_trees.v1i.coco/_separated2\2276.png,307,533
1604,_separated2,../data/Cerrado_trees.v1i.coco/_separated2\2277.png,412,422
1605,_separated2,../data/Cerrado_trees.v1i.coco/_separated2\2278.png,365,990
1606,_separated2,../data/Cerrado_trees.v1i.coco/_separated2\2279.png,7,39
1607,_separated2,../data/Cerrado_trees.v1i.coco/_separated2\228.png,146,157
1608,_separated2,../data/Cerrado_trees.v1i.coco/_separated2\2280.png,132,81
1609,_separated2,../data/Cerrado_trees.v1i.coco/_separated2\2281.png,432,284
1610,_separated2,../data/Cerrado_trees.v1i.coco/_separated2\2282.png,483,377
1611,_separated2,../data/Cerrado_trees.v1i.coco/_separated2\2283.png,359,583
1612,_separated2,../data/Cerrado_trees.v1i.coco/_separated2\2284.png,78,75
1613,_separated2,../data/Cerrado_trees.v1i.coco/_separated2\2285.png,496,854
1614,_separated2,../data/Cerrado_trees.v1i.coco/_separated2\2286.png,26,28
1615,_separated2,../data/Cerrado_trees.v1i.coco/_separated2\2287.png,995,933
1616,_separated2,../data/Cerrado_trees.v1i.coco/_separated2\2288.png,163,98
1617,_separated2,../data/Cerrado_trees.v1i.coco/_separated2\2289.png,502,186
1618,_separated2,../data/Cerrado_trees.v1i.coco/_separated2\229.png,112,81
1619,_separated2,../data/Cerrado_trees.v1i.coco/_separated2\2290.png,101,89
1620,_separated2,../data/Cerrado_trees.v1i.coco/_separated2\2291.png,646,509
1621,_separated2,../data/Cerrado_trees.v1i.coco/_separated2\2292.png,339,95
1622,_separated2,../data/Cerrado_trees.v1i.coco/_separated2\2293.png,92,107
1623,_separated2,../data/Cerrado_trees.v1i.coco/_separated2\2294.png,190,380
1624,_separated2,../data/Cerrado_trees.v1i.coco/_separated2\2295.png,159,167
1625,_separated2,../data/Cerrado_trees.v1i.coco/_separated2\2296.png,293,354
1626,_separated2,../data/Cerrado_trees.v1i.coco/_separated2\2297.png,360,499
1627,_separated2,../data/Cerrado_trees.v1i.coco/_separated2\2298.png,454,177
1628,_separated2,../data/Cerrado_trees.v1i.coco/_separated2\2299.png,289,261
1629,_separated2,../data/Cerrado_trees.v1i.coco/_separated2\23.png,497,265
1630,_separated2,../data/Cerrado_trees.v1i.coco/_separated2\230.png,290,265
1631,_separated2,../data/Cerrado_trees.v1i.coco/_separated2\2300.png,299,278
1632,_separated2,../data/Cerrado_trees.v1i.coco/_separated2\2301.png,85,216
1633,_separated2,../data/Cerrado_trees.v1i.coco/_separated2\2302.png,146,132
1634,_separated2,../data/Cerrado_trees.v1i.coco/_separated2\2303.png,555,241
1635,_separated2,../data/Cerrado_trees.v1i.coco/_separated2\2304.png,173,260
1636,_separated2,../data/Cerrado_trees.v1i.coco/_separated2\2305.png,150,113
1637,_separated2,../data/Cerrado_trees.v1i.coco/_separated2\2306.png,425,392
1638,_separated2,../data/Cerrado_trees.v1i.coco/_separated2\2307.png,220,268
1639,_separated2,../data/Cerrado_trees.v1i.coco/_separated2\2308.png,272,294
1640,_separated2,../data/Cerrado_trees.v1i.coco/_separated2\2309.png,13,15
1641,_separated2,../data/Cerrado_trees.v1i.coco/_separated2\231.png,179,177
1642,_separated2,../data/Cerrado_trees.v1i.coco/_separated2\2310.png,214,88
1643,_separated2,../data/Cerrado_trees.v1i.coco/_separated2\2311.png,1023,902
1644,_separated2,../data/Cerrado_trees.v1i.coco/_separated2\2312.png,520,428
1645,_separated2,../data/Cerrado_trees.v1i.coco/_separated2\2313.png,182,346
1646,_separated2,../data/Cerrado_trees.v1i.coco/_separated2\2314.png,290,694
1647,_separated2,../data/Cerrado_trees.v1i.coco/_separated2\2315.png,67,180
1648,_separated2,../data/Cerrado_trees.v1i.coco/_separated2\2316.png,31,116
1649,_separated2,../data/Cerrado_trees.v1i.coco/_separated2\2317.png,455,605
1650,_separated2,../data/Cerrado_trees.v1i.coco/_separated2\2318.png,740,871
1651,_separated2,../data/Cerrado_trees.v1i.coco/_separated2\2319.png,74,131
1652,_separated2,../data/Cerrado_trees.v1i.coco/_separated2\232.png,173,206
1653,_separated2,../data/Cerrado_trees.v1i.coco/_separated2\2320.png,271,158
1654,_separated2,../data/Cerrado_trees.v1i.coco/_separated2\2321.png,311,397
1655,_separated2,../data/Cerrado_trees.v1i.coco/_separated2\2322.png,130,305
1656,_separated2,../data/Cerrado_trees.v1i.coco/_separated2\2323.png,772,659
1657,_separated2,../data/Cerrado_trees.v1i.coco/_separated2\2324.png,375,391
1658,_separated2,../data/Cerrado_trees.v1i.coco/_separated2\2325.png,300,413
1659,_separated2,../data/Cerrado_trees.v1i.coco/_separated2\2326.png,501,360
1660,_separated2,../data/Cerrado_trees.v1i.coco/_separated2\2327.png,603,329
1661,_separated2,../data/Cerrado_trees.v1i.coco/_separated2\2328.png,96,88
1662,_separated2,../data/Cerrado_trees.v1i.coco/_separated2\2329.png,593,433
1663,_separated2,../data/Cerrado_trees.v1i.coco/_separated2\233.png,283,118
1664,_separated2,../data/Cerrado_trees.v1i.coco/_separated2\2330.png,151,153
1665,_separated2,../data/Cerrado_trees.v1i.coco/_separated2\2331.png,144,233
1666,_separated2,../data/Cerrado_trees.v1i.coco/_separated2\2332.png,232,144
1667,_separated2,../data/Cerrado_trees.v1i.coco/_separated2\2333.png,308,246
1668,_separated2,../data/Cerrado_trees.v1i.coco/_separated2\2334.png,52,85
1669,_separated2,../data/Cerrado_trees.v1i.coco/_separated2\2335.png,568,1012
1670,_separated2,../data/Cerrado_trees.v1i.coco/_separated2\2336.png,259,39
1671,_separated2,../data/Cerrado_trees.v1i.coco/_separated2\2337.png,296,241
1672,_separated2,../data/Cerrado_trees.v1i.coco/_separated2\2338.png,400,370
1673,_separated2,../data/Cerrado_trees.v1i.coco/_separated2\2339.png,190,152
1674,_separated2,../data/Cerrado_trees.v1i.coco/_separated2\234.png,323,545
1675,_separated2,../data/Cerrado_trees.v1i.coco/_separated2\2340.png,320,351
1676,_separated2,../data/Cerrado_trees.v1i.coco/_separated2\2341.png,182,189
1677,_separated2,../data/Cerrado_trees.v1i.coco/_separated2\2342.png,86,86
1678,_separated2,../data/Cerrado_trees.v1i.coco/_separated2\2343.png,293,328
1679,_separated2,../data/Cerrado_trees.v1i.coco/_separated2\2344.png,378,153
1680,_separated2,../data/Cerrado_trees.v1i.coco/_separated2\2345.png,768,351
1681,_separated2,../data/Cerrado_trees.v1i.coco/_separated2\2346.png,194,565
1682,_separated2,../data/Cerrado_trees.v1i.coco/_separated2\2347.png,434,319
1683,_separated2,../data/Cerrado_trees.v1i.coco/_separated2\2348.png,214,103
1684,_separated2,../data/Cerrado_trees.v1i.coco/_separated2\2349.png,269,454
1685,_separated2,../data/Cerrado_trees.v1i.coco/_separated2\235.png,111,96
1686,_separated2,../data/Cerrado_trees.v1i.coco/_separated2\2350.png,676,330
1687,_separated2,../data/Cerrado_trees.v1i.coco/_separated2\2351.png,273,301
1688,_separated2,../data/Cerrado_trees.v1i.coco/_separated2\2352.png,173,101
1689,_separated2,../data/Cerrado_trees.v1i.coco/_separated2\2353.png,372,383
1690,_separated2,../data/Cerrado_trees.v1i.coco/_separated2\2354.png,335,288
1691,_separated2,../data/Cerrado_trees.v1i.coco/_separated2\2355.png,369,209
1692,_separated2,../data/Cerrado_trees.v1i.coco/_separated2\2356.png,143,401
1693,_separated2,../data/Cerrado_trees.v1i.coco/_separated2\2357.png,141,265
1694,_separated2,../data/Cerrado_trees.v1i.coco/_separated2\2358.png,226,46
1695,_separated2,../data/Cerrado_trees.v1i.coco/_separated2\2359.png,506,443
1696,_separated2,../data/Cerrado_trees.v1i.coco/_separated2\236.png,5,15
1697,_separated2,../data/Cerrado_trees.v1i.coco/_separated2\2360.png,773,346
1698,_separated2,../data/Cerrado_trees.v1i.coco/_separated2\2361.png,510,402
1699,_separated2,../data/Cerrado_trees.v1i.coco/_separated2\2362.png,103,74
1700,_separated2,../data/Cerrado_trees.v1i.coco/_separated2\2363.png,353,1007
1701,_separated2,../data/Cerrado_trees.v1i.coco/_separated2\2364.png,750,559
1702,_separated2,../data/Cerrado_trees.v1i.coco/_separated2\2365.png,627,500
1703,_separated2,../data/Cerrado_trees.v1i.coco/_separated2\2366.png,248,225
1704,_separated2,../data/Cerrado_trees.v1i.coco/_separated2\2367.png,936,1013
1705,_separated2,../data/Cerrado_trees.v1i.coco/_separated2\2368.png,843,485
1706,_separated2,../data/Cerrado_trees.v1i.coco/_separated2\2369.png,424,401
1707,_separated2,../data/Cerrado_trees.v1i.coco/_separated2\237.png,129,188
1708,_separated2,../data/Cerrado_trees.v1i.coco/_separated2\2370.png,29,98
1709,_separated2,../data/Cerrado_trees.v1i.coco/_separated2\2371.png,241,295
1710,_separated2,../data/Cerrado_trees.v1i.coco/_separated2\2372.png,463,330
1711,_separated2,../data/Cerrado_trees.v1i.coco/_separated2\2373.png,172,159
1712,_separated2,../data/Cerrado_trees.v1i.coco/_separated2\2374.png,603,436
1713,_separated2,../data/Cerrado_trees.v1i.coco/_separated2\2375.png,292,272
1714,_separated2,../data/Cerrado_trees.v1i.coco/_separated2\2376.png,277,206
1715,_separated2,../data/Cerrado_trees.v1i.coco/_separated2\2377.png,442,627
1716,_separated2,../data/Cerrado_trees.v1i.coco/_separated2\2378.png,63,169
1717,_separated2,../data/Cerrado_trees.v1i.coco/_separated2\2379.png,1023,353
1718,_separated2,../data/Cerrado_trees.v1i.coco/_separated2\238.png,246,365
1719,_separated2,../data/Cerrado_trees.v1i.coco/_separated2\2380.png,370,129
1720,_separated2,../data/Cerrado_trees.v1i.coco/_separated2\2381.png,376,203
1721,_separated2,../data/Cerrado_trees.v1i.coco/_separated2\2382.png,422,404
1722,_separated2,../data/Cerrado_trees.v1i.coco/_separated2\2383.png,89,100
1723,_separated2,../data/Cerrado_trees.v1i.coco/_separated2\2384.png,334,296
1724,_separated2,../data/Cerrado_trees.v1i.coco/_separated2\2385.png,400,340
1725,_separated2,../data/Cerrado_trees.v1i.coco/_separated2\2386.png,569,431
1726,_separated2,../data/Cerrado_trees.v1i.coco/_separated2\2387.png,259,165
1727,_separated2,../data/Cerrado_trees.v1i.coco/_separated2\2388.png,634,496
1728,_separated2,../data/Cerrado_trees.v1i.coco/_separated2\2389.png,768,348
1729,_separated2,../data/Cerrado_trees.v1i.coco/_separated2\239.png,423,490
1730,_separated2,../data/Cerrado_trees.v1i.coco/_separated2\2390.png,743,686
1731,_separated2,../data/Cerrado_trees.v1i.coco/_separated2\2391.png,159,166
1732,_separated2,../data/Cerrado_trees.v1i.coco/_separated2\2392.png,260,52
1733,_separated2,../data/Cerrado_trees.v1i.coco/_separated2\2393.png,192,88
1734,_separated2,../data/Cerrado_trees.v1i.coco/_separated2\2394.png,94,94
1735,_separated2,../data/Cerrado_trees.v1i.coco/_separated2\2395.png,860,803
1736,_separated2,../data/Cerrado_trees.v1i.coco/_separated2\2396.png,153,196
1737,_separated2,../data/Cerrado_trees.v1i.coco/_separated2\2397.png,198,567
1738,_separated2,../data/Cerrado_trees.v1i.coco/_separated2\2398.png,206,106
1739,_separated2,../data/Cerrado_trees.v1i.coco/_separated2\2399.png,14,13
1740,_separated2,../data/Cerrado_trees.v1i.coco/_separated2\24.png,258,268
1741,_separated2,../data/Cerrado_trees.v1i.coco/_separated2\240.png,601,264
1742,_separated2,../data/Cerrado_trees.v1i.coco/_separated2\2400.png,195,154
1743,_separated2,../data/Cerrado_trees.v1i.coco/_separated2\2401.png,259,169
1744,_separated2,../data/Cerrado_trees.v1i.coco/_separated2\2402.png,154,267
1745,_separated2,../data/Cerrado_trees.v1i.coco/_separated2\2403.png,743,679
1746,_separated2,../data/Cerrado_trees.v1i.coco/_separated2\2404.png,527,652
1747,_separated2,../data/Cerrado_trees.v1i.coco/_separated2\2405.png,396,429
1748,_separated2,../data/Cerrado_trees.v1i.coco/_separated2\2406.png,299,278
1749,_separated2,../data/Cerrado_trees.v1i.coco/_separated2\2407.png,300,465
1750,_separated2,../data/Cerrado_trees.v1i.coco/_separated2\2408.png,96,87
1751,_separated2,../data/Cerrado_trees.v1i.coco/_separated2\2409.png,122,168
1752,_separated2,../data/Cerrado_trees.v1i.coco/_separated2\241.png,837,513
1753,_separated2,../data/Cerrado_trees.v1i.coco/_separated2\2410.png,223,116
1754,_separated2,../data/Cerrado_trees.v1i.coco/_separated2\2411.png,126,110
1755,_separated2,../data/Cerrado_trees.v1i.coco/_separated2\2412.png,367,306
1756,_separated2,../data/Cerrado_trees.v1i.coco/_separated2\2413.png,126,110
1757,_separated2,../data/Cerrado_trees.v1i.coco/_separated2\2414.png,66,121
1758,_separated2,../data/Cerrado_trees.v1i.coco/_separated2\2415.png,375,405
1759,_separated2,../data/Cerrado_trees.v1i.coco/_separated2\2416.png,179,187
1760,_separated2,../data/Cerrado_trees.v1i.coco/_separated2\2417.png,589,1023
1761,_separated2,../data/Cerrado_trees.v1i.coco/_separated2\2418.png,30,116
1762,_separated2,../data/Cerrado_trees.v1i.coco/_separated2\2419.png,616,408
1763,_separated2,../data/Cerrado_trees.v1i.coco/_separated2\242.png,232,140
1764,_separated2,../data/Cerrado_trees.v1i.coco/_separated2\2420.png,430,511
1765,_separated2,../data/Cerrado_trees.v1i.coco/_separated2\2421.png,476,316
1766,_separated2,../data/Cerrado_trees.v1i.coco/_separated2\2422.png,539,749
1767,_separated2,../data/Cerrado_trees.v1i.coco/_separated2\2423.png,86,88
1768,_separated2,../data/Cerrado_trees.v1i.coco/_separated2\2424.png,49,141
1769,_separated2,../data/Cerrado_trees.v1i.coco/_separated2\2425.png,309,146
1770,_separated2,../data/Cerrado_trees.v1i.coco/_separated2\2426.png,176,233
1771,_separated2,../data/Cerrado_trees.v1i.coco/_separated2\2427.png,54,163
1772,_separated2,../data/Cerrado_trees.v1i.coco/_separated2\2428.png,37,156
1773,_separated2,../data/Cerrado_trees.v1i.coco/_separated2\2429.png,38,318
1774,_separated2,../data/Cerrado_trees.v1i.coco/_separated2\243.png,297,406
1775,_separated2,../data/Cerrado_trees.v1i.coco/_separated2\2430.png,318,418
1776,_separated2,../data/Cerrado_trees.v1i.coco/_separated2\2431.png,141,307
1777,_separated2,../data/Cerrado_trees.v1i.coco/_separated2\2432.png,750,578
1778,_separated2,../data/Cerrado_trees.v1i.coco/_separated2\2433.png,45,226
1779,_separated2,../data/Cerrado_trees.v1i.coco/_separated2\2434.png,414,306
1780,_separated2,../data/Cerrado_trees.v1i.coco/_separated2\2435.png,40,226
1781,_separated2,../data/Cerrado_trees.v1i.coco/_separated2\2436.png,102,173
1782,_separated2,../data/Cerrado_trees.v1i.coco/_separated2\2437.png,99,89
1783,_separated2,../data/Cerrado_trees.v1i.coco/_separated2\2438.png,386,231
1784,_separated2,../data/Cerrado_trees.v1i.coco/_separated2\2439.png,512,640
1785,_separated2,../data/Cerrado_trees.v1i.coco/_separated2\244.png,6,2
1786,_separated2,../data/Cerrado_trees.v1i.coco/_separated2\2440.png,206,271
1787,_separated2,../data/Cerrado_trees.v1i.coco/_separated2\2441.png,331,673
1788,_separated2,../data/Cerrado_trees.v1i.coco/_separated2\2442.png,306,414
1789,_separated2,../data/Cerrado_trees.v1i.coco/_separated2\2443.png,1010,989
1790,_separated2,../data/Cerrado_trees.v1i.coco/_separated2\2444.png,276,430
1791,_separated2,../data/Cerrado_trees.v1i.coco/_separated2\2445.png,155,154
1792,_separated2,../data/Cerrado_trees.v1i.coco/_separated2\2446.png,276,300
1793,_separated2,../data/Cerrado_trees.v1i.coco/_separated2\2447.png,647,768
1794,_separated2,../data/Cerrado_trees.v1i.coco/_separated2\2448.png,795,658
1795,_separated2,../data/Cerrado_trees.v1i.coco/_separated2\2449.png,849,803
1796,_separated2,../data/Cerrado_trees.v1i.coco/_separated2\245.png,89,101
1797,_separated2,../data/Cerrado_trees.v1i.coco/_separated2\2450.png,187,181
1798,_separated2,../data/Cerrado_trees.v1i.coco/_separated2\2451.png,81,108
1799,_separated2,../data/Cerrado_trees.v1i.coco/_separated2\2452.png,496,848
1800,_separated2,../data/Cerrado_trees.v1i.coco/_separated2\2453.png,558,755
1801,_separated2,../data/Cerrado_trees.v1i.coco/_separated2\2454.png,103,73
1802,_separated2,../data/Cerrado_trees.v1i.coco/_separated2\2455.png,162,329
1803,_separated2,../data/Cerrado_trees.v1i.coco/_separated2\2456.png,201,204
1804,_separated2,../data/Cerrado_trees.v1i.coco/_separated2\2457.png,178,103
1805,_separated2,../data/Cerrado_trees.v1i.coco/_separated2\2458.png,203,348
1806,_separated2,../data/Cerrado_trees.v1i.coco/_separated2\2459.png,311,417
1807,_separated2,../data/Cerrado_trees.v1i.coco/_separated2\246.png,167,276
1808,_separated2,../data/Cerrado_trees.v1i.coco/_separated2\2460.png,1023,568
1809,_separated2,../data/Cerrado_trees.v1i.coco/_separated2\2461.png,119,93
1810,_separated2,../data/Cerrado_trees.v1i.coco/_separated2\2462.png,122,168
1811,_separated2,../data/Cerrado_trees.v1i.coco/_separated2\2463.png,109,453
1812,_separated2,../data/Cerrado_trees.v1i.coco/_separated2\2464.png,86,108
1813,_separated2,../data/Cerrado_trees.v1i.coco/_separated2\2465.png,95,95
1814,_separated2,../data/Cerrado_trees.v1i.coco/_separated2\2466.png,507,535
1815,_separated2,../data/Cerrado_trees.v1i.coco/_separated2\2467.png,67,220
1816,_separated2,../data/Cerrado_trees.v1i.coco/_separated2\2468.png,125,372
1817,_separated2,../data/Cerrado_trees.v1i.coco/_separated2\2469.png,1023,925
1818,_separated2,../data/Cerrado_trees.v1i.coco/_separated2\247.png,417,201
1819,_separated2,../data/Cerrado_trees.v1i.coco/_separated2\2470.png,111,48
1820,_separated2,../data/Cerrado_trees.v1i.coco/_separated2\2471.png,184,175
1821,_separated2,../data/Cerrado_trees.v1i.coco/_separated2\2472.png,460,446
1822,_separated2,../data/Cerrado_trees.v1i.coco/_separated2\2473.png,440,604
1823,_separated2,../data/Cerrado_trees.v1i.coco/_separated2\2474.png,253,303
1824,_separated2,../data/Cerrado_trees.v1i.coco/_separated2\2475.png,232,145
1825,_separated2,../data/Cerrado_trees.v1i.coco/_separated2\2476.png,501,475
1826,_separated2,../data/Cerrado_trees.v1i.coco/_separated2\2477.png,106,172
1827,_separated2,../data/Cerrado_trees.v1i.coco/_separated2\2478.png,371,121
1828,_separated2,../data/Cerrado_trees.v1i.coco/_separated2\2479.png,433,581
1829,_separated2,../data/Cerrado_trees.v1i.coco/_separated2\248.png,71,94
1830,_separated2,../data/Cerrado_trees.v1i.coco/_separated2\2480.png,539,566
1831,_separated2,../data/Cerrado_trees.v1i.coco/_separated2\2481.png,318,345
1832,_separated2,../data/Cerrado_trees.v1i.coco/_separated2\2482.png,454,129
1833,_separated2,../data/Cerrado_trees.v1i.coco/_separated2\2483.png,86,86
1834,_separated2,../data/Cerrado_trees.v1i.coco/_separated2\2484.png,200,128
1835,_separated2,../data/Cerrado_trees.v1i.coco/_separated2\2485.png,426,500
1836,_separated2,../data/Cerrado_trees.v1i.coco/_separated2\2486.png,51,259
1837,_separated2,../data/Cerrado_trees.v1i.coco/_separated2\2487.png,71,23
1838,_separated2,../data/Cerrado_trees.v1i.coco/_separated2\2488.png,154,190
1839,_separated2,../data/Cerrado_trees.v1i.coco/_separated2\2489.png,401,143
1840,_separated2,../data/Cerrado_trees.v1i.coco/_separated2\249.png,462,473
1841,_separated2,../data/Cerrado_trees.v1i.coco/_separated2\2490.png,393,244
1842,_separated2,../data/Cerrado_trees.v1i.coco/_separated2\2491.png,288,310
1843,_separated2,../data/Cerrado_trees.v1i.coco/_separated2\2492.png,115,29
1844,_separated2,../data/Cerrado_trees.v1i.coco/_separated2\2493.png,572,198
1845,_separated2,../data/Cerrado_trees.v1i.coco/_separated2\2494.png,543,543
1846,_separated2,../data/Cerrado_trees.v1i.coco/_separated2\2495.png,190,157
1847,_separated2,../data/Cerrado_trees.v1i.coco/_separated2\2496.png,391,790
1848,_separated2,../data/Cerrado_trees.v1i.coco/_separated2\2497.png,493,568
1849,_separated2,../data/Cerrado_trees.v1i.coco/_separated2\2498.png,66,71
1850,_separated2,../data/Cerrado_trees.v1i.coco/_separated2\2499.png,385,228
1851,_separated2,../data/Cerrado_trees.v1i.coco/_separated2\25.png,39,8
1852,_separated2,../data/Cerrado_trees.v1i.coco/_separated2\250.png,87,138
1853,_separated2,../data/Cerrado_trees.v1i.coco/_separated2\2500.png,781,358
1854,_separated2,../data/Cerrado_trees.v1i.coco/_separated2\2501.png,180,198
1855,_separated2,../data/Cerrado_trees.v1i.coco/_separated2\2502.png,23,99
1856,_separated2,../data/Cerrado_trees.v1i.coco/_separated2\2503.png,343,588
1857,_separated2,../data/Cerrado_trees.v1i.coco/_separated2\2504.png,351,768
1858,_separated2,../data/Cerrado_trees.v1i.coco/_separated2\2505.png,439,618
1859,_separated2,../data/Cerrado_trees.v1i.coco/_separated2\2506.png,462,446
1860,_separated2,../data/Cerrado_trees.v1i.coco/_separated2\2507.png,238,380
1861,_separated2,../data/Cerrado_trees.v1i.coco/_separated2\2508.png,284,441
1862,_separated2,../data/Cerrado_trees.v1i.coco/_separated2\2509.png,202,54
1863,_separated2,../data/Cerrado_trees.v1i.coco/_separated2\251.png,118,170
1864,_separated2,../data/Cerrado_trees.v1i.coco/_separated2\2510.png,111,80
1865,_separated2,../data/Cerrado_trees.v1i.coco/_separated2\2511.png,348,192
1866,_separated2,../data/Cerrado_trees.v1i.coco/_separated2\2512.png,280,310
1867,_separated2,../data/Cerrado_trees.v1i.coco/_separated2\2513.png,199,172
1868,_separated2,../data/Cerrado_trees.v1i.coco/_separated2\2514.png,151,53
1869,_separated2,../data/Cerrado_trees.v1i.coco/_separated2\2515.png,117,66
1870,_separated2,../data/Cerrado_trees.v1i.coco/_separated2\2516.png,281,141
1871,_separated2,../data/Cerrado_trees.v1i.coco/_separated2\2517.png,229,174
1872,_separated2,../data/Cerrado_trees.v1i.coco/_separated2\2518.png,163,71
1873,_separated2,../data/Cerrado_trees.v1i.coco/_separated2\2519.png,328,173
1874,_separated2,../data/Cerrado_trees.v1i.coco/_separated2\252.png,96,79
1875,_separated2,../data/Cerrado_trees.v1i.coco/_separated2\2520.png,467,321
1876,_separated2,../data/Cerrado_trees.v1i.coco/_separated2\2521.png,71,66
1877,_separated2,../data/Cerrado_trees.v1i.coco/_separated2\2522.png,478,500
1878,_separated2,../data/Cerrado_trees.v1i.coco/_separated2\2523.png,316,354
1879,_separated2,../data/Cerrado_trees.v1i.coco/_separated2\2524.png,211,194
1880,_separated2,../data/Cerrado_trees.v1i.coco/_separated2\2525.png,36,317
1881,_separated2,../data/Cerrado_trees.v1i.coco/_separated2\2526.png,556,541
1882,_separated2,../data/Cerrado_trees.v1i.coco/_separated2\2527.png,94,119
1883,_separated2,../data/Cerrado_trees.v1i.coco/_separated2\2528.png,206,99
1884,_separated2,../data/Cerrado_trees.v1i.coco/_separated2\2529.png,195,178
1885,_separated2,../data/Cerrado_trees.v1i.coco/_separated2\253.png,29,297
1886,_separated2,../data/Cerrado_trees.v1i.coco/_separated2\2530.png,304,333
1887,_separated2,../data/Cerrado_trees.v1i.coco/_separated2\2531.png,119,93
1888,_separated2,../data/Cerrado_trees.v1i.coco/_separated2\2532.png,479,289
1889,_separated2,../data/Cerrado_trees.v1i.coco/_separated2\2533.png,258,95
1890,_separated2,../data/Cerrado_trees.v1i.coco/_separated2\2534.png,168,328
1891,_separated2,../data/Cerrado_trees.v1i.coco/_separated2\2535.png,81,111
1892,_separated2,../data/Cerrado_trees.v1i.coco/_separated2\2536.png,312,295
1893,_separated2,../data/Cerrado_trees.v1i.coco/_separated2\2537.png,168,60
1894,_separated2,../data/Cerrado_trees.v1i.coco/_separated2\2538.png,175,162
1895,_separated2,../data/Cerrado_trees.v1i.coco/_separated2\2539.png,491,429
1896,_separated2,../data/Cerrado_trees.v1i.coco/_separated2\254.png,444,403
1897,_separated2,../data/Cerrado_trees.v1i.coco/_separated2\2540.png,306,363
1898,_separated2,../data/Cerrado_trees.v1i.coco/_separated2\2541.png,389,246
1899,_separated2,../data/Cerrado_trees.v1i.coco/_separated2\2542.png,222,111
1900,_separated2,../data/Cerrado_trees.v1i.coco/_separated2\2543.png,143,281
1901,_separated2,../data/Cerrado_trees.v1i.coco/_separated2\2544.png,233,406
1902,_separated2,../data/Cerrado_trees.v1i.coco/_separated2\2545.png,48,48
1903,_separated2,../data/Cerrado_trees.v1i.coco/_separated2\2546.png,100,129
1904,_separated2,../data/Cerrado_trees.v1i.coco/_separated2\2547.png,399,306
1905,_separated2,../data/Cerrado_trees.v1i.coco/_separated2\2548.png,73,31
1906,_separated2,../data/Cerrado_trees.v1i.coco/_separated2\2549.png,410,288
1907,_separated2,../data/Cerrado_trees.v1i.coco/_separated2\255.png,134,91
1908,_separated2,../data/Cerrado_trees.v1i.coco/_separated2\2550.png,68,70
1909,_separated2,../data/Cerrado_trees.v1i.coco/_separated2\2551.png,594,779
1910,_separated2,../data/Cerrado_trees.v1i.coco/_separated2\2552.png,72,66
1911,_separated2,../data/Cerrado_trees.v1i.coco/_separated2\2553.png,402,332
1912,_separated2,../data/Cerrado_trees.v1i.coco/_separated2\2554.png,984,1023
1913,_separated2,../data/Cerrado_trees.v1i.coco/_separated2\2555.png,214,422
1914,_separated2,../data/Cerrado_trees.v1i.coco/_separated2\2556.png,144,401
1915,_separated2,../data/Cerrado_trees.v1i.coco/_separated2\2557.png,220,93
1916,_separated2,../data/Cerrado_trees.v1i.coco/_separated2\2558.png,250,230
1917,_separated2,../data/Cerrado_trees.v1i.coco/_separated2\2559.png,675,564
1918,_separated2,../data/Cerrado_trees.v1i.coco/_separated2\256.png,377,293
1919,_separated2,../data/Cerrado_trees.v1i.coco/_separated2\2560.png,487,605
1920,_separated2,../data/Cerrado_trees.v1i.coco/_separated2\2561.png,205,101
1921,_separated2,../data/Cerrado_trees.v1i.coco/_separated2\2562.png,288,317
1922,_separated2,../data/Cerrado_trees.v1i.coco/_separated2\2563.png,605,611
1923,_separated2,../data/Cerrado_trees.v1i.coco/_separated2\2564.png,287,593
1924,_separated2,../data/Cerrado_trees.v1i.coco/_separated2\2565.png,757,569
1925,_separated2,../data/Cerrado_trees.v1i.coco/_separated2\2566.png,638,406
1926,_separated2,../data/Cerrado_trees.v1i.coco/_separated2\2567.png,101,85
1927,_separated2,../data/Cerrado_trees.v1i.coco/_separated2\2568.png,186,361
1928,_separated2,../data/Cerrado_trees.v1i.coco/_separated2\2569.png,114,198
1929,_separated2,../data/Cerrado_trees.v1i.coco/_separated2\257.png,282,552
1930,_separated2,../data/Cerrado_trees.v1i.coco/_separated2\2570.png,897,709
1931,_separated2,../data/Cerrado_trees.v1i.coco/_separated2\2571.png,176,234
1932,_separated2,../data/Cerrado_trees.v1i.coco/_separated2\2572.png,284,118
1933,_separated2,../data/Cerrado_trees.v1i.coco/_separated2\2573.png,156,170
1934,_separated2,../data/Cerrado_trees.v1i.coco/_separated2\2574.png,74,59
1935,_separated2,../data/Cerrado_trees.v1i.coco/_separated2\2575.png,97,89
1936,_separated2,../data/Cerrado_trees.v1i.coco/_separated2\2576.png,684,361
1937,_separated2,../data/Cerrado_trees.v1i.coco/_separated2\2577.png,393,614
1938,_separated2,../data/Cerrado_trees.v1i.coco/_separated2\2578.png,47,14
1939,_separated2,../data/Cerrado_trees.v1i.coco/_separated2\2579.png,85,100
1940,_separated2,../data/Cerrado_trees.v1i.coco/_separated2\258.png,36,40
1941,_separated2,../data/Cerrado_trees.v1i.coco/_separated2\2580.png,133,318
1942,_separated2,../data/Cerrado_trees.v1i.coco/_separated2\2581.png,1024,484
1943,_separated2,../data/Cerrado_trees.v1i.coco/_separated2\2582.png,104,103
1944,_separated2,../data/Cerrado_trees.v1i.coco/_separated2\2583.png,583,467
1945,_separated2,../data/Cerrado_trees.v1i.coco/_separated2\2584.png,143,84
1946,_separated2,../data/Cerrado_trees.v1i.coco/_separated2\2585.png,155,183
1947,_separated2,../data/Cerrado_trees.v1i.coco/_separated2\2586.png,395,186
1948,_separated2,../data/Cerrado_trees.v1i.coco/_separated2\2587.png,245,170
1949,_separated2,../data/Cerrado_trees.v1i.coco/_separated2\2588.png,610,286
1950,_separated2,../data/Cerrado_trees.v1i.coco/_separated2\2589.png,291,169
1951,_separated2,../data/Cerrado_trees.v1i.coco/_separated2\259.png,158,131
1952,_separated2,../data/Cerrado_trees.v1i.coco/_separated2\2590.png,294,310
1953,_separated2,../data/Cerrado_trees.v1i.coco/_separated2\2591.png,255,365
1954,_separated2,../data/Cerrado_trees.v1i.coco/_separated2\2592.png,120,123
1955,_separated2,../data/Cerrado_trees.v1i.coco/_separated2\2593.png,441,437
1956,_separated2,../data/Cerrado_trees.v1i.coco/_separated2\2594.png,121,113
1957,_separated2,../data/Cerrado_trees.v1i.coco/_separated2\2595.png,171,134
1958,_separated2,../data/Cerrado_trees.v1i.coco/_separated2\2596.png,199,127
1959,_separated2,../data/Cerrado_trees.v1i.coco/_separated2\2597.png,7,51
1960,_separated2,../data/Cerrado_trees.v1i.coco/_separated2\2598.png,506,347
1961,_separated2,../data/Cerrado_trees.v1i.coco/_separated2\2599.png,442,318
1962,_separated2,../data/Cerrado_trees.v1i.coco/_separated2\26.png,661,669
1963,_separated2,../data/Cerrado_trees.v1i.coco/_separated2\260.png,880,301
1964,_separated2,../data/Cerrado_trees.v1i.coco/_separated2\2600.png,609,634
1965,_separated2,../data/Cerrado_trees.v1i.coco/_separated2\2601.png,185,174
1966,_separated2,../data/Cerrado_trees.v1i.coco/_separated2\2602.png,236,457
1967,_separated2,../data/Cerrado_trees.v1i.coco/_separated2\2603.png,418,518
1968,_separated2,../data/Cerrado_trees.v1i.coco/_separated2\2604.png,131,243
1969,_separated2,../data/Cerrado_trees.v1i.coco/_separated2\2605.png,18,131
1970,_separated2,../data/Cerrado_trees.v1i.coco/_separated2\2606.png,345,684
1971,_separated2,../data/Cerrado_trees.v1i.coco/_separated2\2607.png,646,604
1972,_separated2,../data/Cerrado_trees.v1i.coco/_separated2\2608.png,318,133
1973,_separated2,../data/Cerrado_trees.v1i.coco/_separated2\2609.png,140,86
1974,_separated2,../data/Cerrado_trees.v1i.coco/_separated2\261.png,131,31
1975,_separated2,../data/Cerrado_trees.v1i.coco/_separated2\2610.png,196,272
1976,_separated2,../data/Cerrado_trees.v1i.coco/_separated2\2611.png,136,153
1977,_separated2,../data/Cerrado_trees.v1i.coco/_separated2\2612.png,152,171
1978,_separated2,../data/Cerrado_trees.v1i.coco/_separated2\2613.png,107,101
1979,_separated2,../data/Cerrado_trees.v1i.coco/_separated2\2614.png,99,107
1980,_separated2,../data/Cerrado_trees.v1i.coco/_separated2\2615.png,1023,851
1981,_separated2,../data/Cerrado_trees.v1i.coco/_separated2\2616.png,395,638
1982,_separated2,../data/Cerrado_trees.v1i.coco/_separated2\2617.png,179,190
1983,_separated2,../data/Cerrado_trees.v1i.coco/_separated2\2618.png,87,141
1984,_separated2,../data/Cerrado_trees.v1i.coco/_separated2\2619.png,105,75
1985,_separated2,../data/Cerrado_trees.v1i.coco/_separated2\262.png,69,178
1986,_separated2,../data/Cerrado_trees.v1i.coco/_separated2\2620.png,175,404
1987,_separated2,../data/Cerrado_trees.v1i.coco/_separated2\2621.png,243,246
1988,_separated2,../data/Cerrado_trees.v1i.coco/_separated2\2622.png,223,62
1989,_separated2,../data/Cerrado_trees.v1i.coco/_separated2\2623.png,563,676
1990,_separated2,../data/Cerrado_trees.v1i.coco/_separated2\2624.png,482,438
1991,_separated2,../data/Cerrado_trees.v1i.coco/_separated2\2625.png,96,14
1992,_separated2,../data/Cerrado_trees.v1i.coco/_separated2\2626.png,201,325
1993,_separated2,../data/Cerrado_trees.v1i.coco/_separated2\2627.png,609,378
1994,_separated2,../data/Cerrado_trees.v1i.coco/_separated2\2628.png,125,174
1995,_separated2,../data/Cerrado_trees.v1i.coco/_separated2\2629.png,184,173
1996,_separated2,../data/Cerrado_trees.v1i.coco/_separated2\263.png,337,621
1997,_separated2,../data/Cerrado_trees.v1i.coco/_separated2\2630.png,100,130
1998,_separated2,../data/Cerrado_trees.v1i.coco/_separated2\2631.png,515,455
1999,_separated2,../data/Cerrado_trees.v1i.coco/_separated2\2632.png,323,279
2000,_separated2,../data/Cerrado_trees.v1i.coco/_separated2\2633.png,234,176
2001,_separated2,../data/Cerrado_trees.v1i.coco/_separated2\2634.png,188,132
2002,_separated2,../data/Cerrado_trees.v1i.coco/_separated2\2635.png,362,248
2003,_separated2,../data/Cerrado_trees.v1i.coco/_separated2\2636.png,118,108
2004,_separated2,../data/Cerrado_trees.v1i.coco/_separated2\2637.png,97,70
2005,_separated2,../data/Cerrado_trees.v1i.coco/_separated2\2638.png,182,388
2006,_separated2,../data/Cerrado_trees.v1i.coco/_separated2\2639.png,58,74
2007,_separated2,../data/Cerrado_trees.v1i.coco/_separated2\264.png,351,213
2008,_separated2,../data/Cerrado_trees.v1i.coco/_separated2\2640.png,298,376
2009,_separated2,../data/Cerrado_trees.v1i.coco/_separated2\2641.png,358,183
2010,_separated2,../data/Cerrado_trees.v1i.coco/_separated2\2642.png,155,102
2011,_separated2,../data/Cerrado_trees.v1i.coco/_separated2\2643.png,54,54
2012,_separated2,../data/Cerrado_trees.v1i.coco/_separated2\2644.png,112,116
2013,_separated2,../data/Cerrado_trees.v1i.coco/_separated2\2645.png,100,91
2014,_separated2,../data/Cerrado_trees.v1i.coco/_separated2\2646.png,46,122
2015,_separated2,../data/Cerrado_trees.v1i.coco/_separated2\2647.png,133,130
2016,_separated2,../data/Cerrado_trees.v1i.coco/_separated2\2648.png,159,191
2017,_separated2,../data/Cerrado_trees.v1i.coco/_separated2\2649.png,394,264
2018,_separated2,../data/Cerrado_trees.v1i.coco/_separated2\265.png,131,170
2019,_separated2,../data/Cerrado_trees.v1i.coco/_separated2\2650.png,87,85
2020,_separated2,../data/Cerrado_trees.v1i.coco/_separated2\2651.png,36,32
2021,_separated2,../data/Cerrado_trees.v1i.coco/_separated2\2652.png,94,169
2022,_separated2,../data/Cerrado_trees.v1i.coco/_separated2\2653.png,327,534
2023,_separated2,../data/Cerrado_trees.v1i.coco/_separated2\2654.png,67,62
2024,_separated2,../data/Cerrado_trees.v1i.coco/_separated2\2655.png,358,502
2025,_separated2,../data/Cerrado_trees.v1i.coco/_separated2\2656.png,162,112
2026,_separated2,../data/Cerrado_trees.v1i.coco/_separated2\2657.png,212,181
2027,_separated2,../data/Cerrado_trees.v1i.coco/_separated2\2658.png,383,310
2028,_separated2,../data/Cerrado_trees.v1i.coco/_separated2\2659.png,123,39
2029,_separated2,../data/Cerrado_trees.v1i.coco/_separated2\266.png,138,161
2030,_separated2,../data/Cerrado_trees.v1i.coco/_separated2\2660.png,119,102
2031,_separated2,../data/Cerrado_trees.v1i.coco/_separated2\2661.png,394,247
2032,_separated2,../data/Cerrado_trees.v1i.coco/_separated2\2662.png,358,47
2033,_separated2,../data/Cerrado_trees.v1i.coco/_separated2\2663.png,613,623
2034,_separated2,../data/Cerrado_trees.v1i.coco/_separated2\2664.png,106,108
2035,_separated2,../data/Cerrado_trees.v1i.coco/_separated2\2665.png,535,287
2036,_separated2,../data/Cerrado_trees.v1i.coco/_separated2\2666.png,54,73
2037,_separated2,../data/Cerrado_trees.v1i.coco/_separated2\2667.png,727,391
2038,_separated2,../data/Cerrado_trees.v1i.coco/_separated2\2668.png,144,131
2039,_separated2,../data/Cerrado_trees.v1i.coco/_separated2\2669.png,146,99
2040,_separated2,../data/Cerrado_trees.v1i.coco/_separated2\267.png,226,60
2041,_separated2,../data/Cerrado_trees.v1i.coco/_separated2\2670.png,170,157
2042,_separated2,../data/Cerrado_trees.v1i.coco/_separated2\2671.png,81,142
2043,_separated2,../data/Cerrado_trees.v1i.coco/_separated2\2672.png,97,96
2044,_separated2,../data/Cerrado_trees.v1i.coco/_separated2\2673.png,155,130
2045,_separated2,../data/Cerrado_trees.v1i.coco/_separated2\2674.png,441,416
2046,_separated2,../data/Cerrado_trees.v1i.coco/_separated2\2675.png,124,111
2047,_separated2,../data/Cerrado_trees.v1i.coco/_separated2\2676.png,329,103
2048,_separated2,../data/Cerrado_trees.v1i.coco/_separated2\2677.png,568,351
2049,_separated2,../data/Cerrado_trees.v1i.coco/_separated2\2678.png,320,361
2050,_separated2,../data/Cerrado_trees.v1i.coco/_separated2\2679.png,476,249
2051,_separated2,../data/Cerrado_trees.v1i.coco/_separated2\268.png,51,76
2052,_separated2,../data/Cerrado_trees.v1i.coco/_separated2\2680.png,140,77
2053,_separated2,../data/Cerrado_trees.v1i.coco/_separated2\2681.png,132,354
2054,_separated2,../data/Cerrado_trees.v1i.coco/_separated2\2682.png,69,60
2055,_separated2,../data/Cerrado_trees.v1i.coco/_separated2\2683.png,66,117
2056,_separated2,../data/Cerrado_trees.v1i.coco/_separated2\2684.png,284,123
2057,_separated2,../data/Cerrado_trees.v1i.coco/_separated2\2685.png,26,27
2058,_separated2,../data/Cerrado_trees.v1i.coco/_separated2\2686.png,513,1002
2059,_separated2,../data/Cerrado_trees.v1i.coco/_separated2\2687.png,367,254
2060,_separated2,../data/Cerrado_trees.v1i.coco/_separated2\2688.png,32,128
2061,_separated2,../data/Cerrado_trees.v1i.coco/_separated2\2689.png,177,201
2062,_separated2,../data/Cerrado_trees.v1i.coco/_separated2\269.png,314,147
2063,_separated2,../data/Cerrado_trees.v1i.coco/_separated2\2690.png,461,240
2064,_separated2,../data/Cerrado_trees.v1i.coco/_separated2\2691.png,62,78
2065,_separated2,../data/Cerrado_trees.v1i.coco/_separated2\2692.png,89,89
2066,_separated2,../data/Cerrado_trees.v1i.coco/_separated2\2693.png,860,457
2067,_separated2,../data/Cerrado_trees.v1i.coco/_separated2\2694.png,196,348
2068,_separated2,../data/Cerrado_trees.v1i.coco/_separated2\2695.png,235,192
2069,_separated2,../data/Cerrado_trees.v1i.coco/_separated2\2696.png,420,341
2070,_separated2,../data/Cerrado_trees.v1i.coco/_separated2\2697.png,84,175
2071,_separated2,../data/Cerrado_trees.v1i.coco/_separated2\2698.png,257,81
2072,_separated2,../data/Cerrado_trees.v1i.coco/_separated2\2699.png,263,360
2073,_separated2,../data/Cerrado_trees.v1i.coco/_separated2\27.png,168,60
2074,_separated2,../data/Cerrado_trees.v1i.coco/_separated2\270.png,346,395
2075,_separated2,../data/Cerrado_trees.v1i.coco/_separated2\2700.png,406,425
2076,_separated2,../data/Cerrado_trees.v1i.coco/_separated2\2701.png,116,126
2077,_separated2,../data/Cerrado_trees.v1i.coco/_separated2\2702.png,1,2
2078,_separated2,../data/Cerrado_trees.v1i.coco/_separated2\2703.png,145,171
2079,_separated2,../data/Cerrado_trees.v1i.coco/_separated2\2704.png,132,230
2080,_separated2,../data/Cerrado_trees.v1i.coco/_separated2\2705.png,254,285
2081,_separated2,../data/Cerrado_trees.v1i.coco/_separated2\2706.png,693,559
2082,_separated2,../data/Cerrado_trees.v1i.coco/_separated2\2707.png,640,391
2083,_separated2,../data/Cerrado_trees.v1i.coco/_separated2\2708.png,638,684
2084,_separated2,../data/Cerrado_trees.v1i.coco/_separated2\2709.png,279,170
2085,_separated2,../data/Cerrado_trees.v1i.coco/_separated2\271.png,91,78
2086,_separated2,../data/Cerrado_trees.v1i.coco/_separated2\2710.png,378,135
2087,_separated2,../data/Cerrado_trees.v1i.coco/_separated2\2711.png,531,263
2088,_separated2,../data/Cerrado_trees.v1i.coco/_separated2\2712.png,118,24
2089,_separated2,../data/Cerrado_trees.v1i.coco/_separated2\2713.png,77,188
2090,_separated2,../data/Cerrado_trees.v1i.coco/_separated2\2714.png,90,89
2091,_separated2,../data/Cerrado_trees.v1i.coco/_separated2\2715.png,172,159
2092,_separated2,../data/Cerrado_trees.v1i.coco/_separated2\2716.png,371,49
2093,_separated2,../data/Cerrado_trees.v1i.coco/_separated2\2717.png,167,50
2094,_separated2,../data/Cerrado_trees.v1i.coco/_separated2\2718.png,276,266
2095,_separated2,../data/Cerrado_trees.v1i.coco/_separated2\2719.png,292,175
2096,_separated2,../data/Cerrado_trees.v1i.coco/_separated2\272.png,134,205
2097,_separated2,../data/Cerrado_trees.v1i.coco/_separated2\2720.png,127,194
2098,_separated2,../data/Cerrado_trees.v1i.coco/_separated2\2721.png,166,236
2099,_separated2,../data/Cerrado_trees.v1i.coco/_separated2\2722.png,353,190
2100,_separated2,../data/Cerrado_trees.v1i.coco/_separated2\2723.png,406,423
2101,_separated2,../data/Cerrado_trees.v1i.coco/_separated2\2724.png,260,509
2102,_separated2,../data/Cerrado_trees.v1i.coco/_separated2\2725.png,182,202
2103,_separated2,../data/Cerrado_trees.v1i.coco/_separated2\2726.png,145,154
2104,_separated2,../data/Cerrado_trees.v1i.coco/_separated2\2727.png,645,553
2105,_separated2,../data/Cerrado_trees.v1i.coco/_separated2\2728.png,11,28
2106,_separated2,../data/Cerrado_trees.v1i.coco/_separated2\2729.png,124,194
2107,_separated2,../data/Cerrado_trees.v1i.coco/_separated2\273.png,163,314
2108,_separated2,../data/Cerrado_trees.v1i.coco/_separated2\2730.png,108,120
2109,_separated2,../data/Cerrado_trees.v1i.coco/_separated2\2731.png,115,113
2110,_separated2,../data/Cerrado_trees.v1i.coco/_separated2\2732.png,157,172
2111,_separated2,../data/Cerrado_trees.v1i.coco/_separated2\2733.png,434,590
2112,_separated2,../data/Cerrado_trees.v1i.coco/_separated2\2734.png,113,114
2113,_separated2,../data/Cerrado_trees.v1i.coco/_separated2\2735.png,683,663
2114,_separated2,../data/Cerrado_trees.v1i.coco/_separated2\2736.png,17,160
2115,_separated2,../data/Cerrado_trees.v1i.coco/_separated2\2737.png,388,178
2116,_separated2,../data/Cerrado_trees.v1i.coco/_separated2\2738.png,69,60
2117,_separated2,../data/Cerrado_trees.v1i.coco/_separated2\2739.png,75,142
2118,_separated2,../data/Cerrado_trees.v1i.coco/_separated2\274.png,170,451
2119,_separated2,../data/Cerrado_trees.v1i.coco/_separated2\2740.png,183,332
2120,_separated2,../data/Cerrado_trees.v1i.coco/_separated2\2741.png,6,15
2121,_separated2,../data/Cerrado_trees.v1i.coco/_separated2\2742.png,377,126
2122,_separated2,../data/Cerrado_trees.v1i.coco/_separated2\2743.png,338,428
2123,_separated2,../data/Cerrado_trees.v1i.coco/_separated2\2744.png,634,556
2124,_separated2,../data/Cerrado_trees.v1i.coco/_separated2\2745.png,138,351
2125,_separated2,../data/Cerrado_trees.v1i.coco/_separated2\2746.png,829,878
2126,_separated2,../data/Cerrado_trees.v1i.coco/_separated2\2747.png,28,13
2127,_separated2,../data/Cerrado_trees.v1i.coco/_separated2\2748.png,23,84
2128,_separated2,../data/Cerrado_trees.v1i.coco/_separated2\2749.png,384,239
2129,_separated2,../data/Cerrado_trees.v1i.coco/_separated2\275.png,296,235
2130,_separated2,../data/Cerrado_trees.v1i.coco/_separated2\2750.png,610,587
2131,_separated2,../data/Cerrado_trees.v1i.coco/_separated2\2751.png,287,320
2132,_separated2,../data/Cerrado_trees.v1i.coco/_separated2\2752.png,197,182
2133,_separated2,../data/Cerrado_trees.v1i.coco/_separated2\2753.png,314,282
2134,_separated2,../data/Cerrado_trees.v1i.coco/_separated2\2754.png,16,7
2135,_separated2,../data/Cerrado_trees.v1i.coco/_separated2\2755.png,249,534
2136,_separated2,../data/Cerrado_trees.v1i.coco/_separated2\2756.png,71,33
2137,_separated2,../data/Cerrado_trees.v1i.coco/_separated2\2757.png,305,721
2138,_separated2,../data/Cerrado_trees.v1i.coco/_separated2\2758.png,80,189
2139,_separated2,../data/Cerrado_trees.v1i.coco/_separated2\2759.png,505,359
2140,_separated2,../data/Cerrado_trees.v1i.coco/_separated2\276.png,255,284
2141,_separated2,../data/Cerrado_trees.v1i.coco/_separated2\2760.png,313,1014
2142,_separated2,../data/Cerrado_trees.v1i.coco/_separated2\2761.png,115,127
2143,_separated2,../data/Cerrado_trees.v1i.coco/_separated2\2762.png,36,32
2144,_separated2,../data/Cerrado_trees.v1i.coco/_separated2\2763.png,11,147
2145,_separated2,../data/Cerrado_trees.v1i.coco/_separated2\2764.png,535,249
2146,_separated2,../data/Cerrado_trees.v1i.coco/_separated2\2765.png,174,160
2147,_separated2,../data/Cerrado_trees.v1i.coco/_separated2\2766.png,326,120
2148,_separated2,../data/Cerrado_trees.v1i.coco/_separated2\2767.png,31,13
2149,_separated2,../data/Cerrado_trees.v1i.coco/_separated2\2768.png,298,444
2150,_separated2,../data/Cerrado_trees.v1i.coco/_separated2\2769.png,156,128
2151,_separated2,../data/Cerrado_trees.v1i.coco/_separated2\277.png,197,174
2152,_separated2,../data/Cerrado_trees.v1i.coco/_separated2\2770.png,53,10
2153,_separated2,../data/Cerrado_trees.v1i.coco/_separated2\2771.png,374,201
2154,_separated2,../data/Cerrado_trees.v1i.coco/_separated2\2772.png,13,57
2155,_separated2,../data/Cerrado_trees.v1i.coco/_separated2\2773.png,128,381
2156,_separated2,../data/Cerrado_trees.v1i.coco/_separated2\2774.png,172,145
2157,_separated2,../data/Cerrado_trees.v1i.coco/_separated2\2775.png,74,121
2158,_separated2,../data/Cerrado_trees.v1i.coco/_separated2\2776.png,267,1008
2159,_separated2,../data/Cerrado_trees.v1i.coco/_separated2\2777.png,267,305
2160,_separated2,../data/Cerrado_trees.v1i.coco/_separated2\2778.png,270,283
2161,_separated2,../data/Cerrado_trees.v1i.coco/_separated2\2779.png,219,226
2162,_separated2,../data/Cerrado_trees.v1i.coco/_separated2\278.png,89,122
2163,_separated2,../data/Cerrado_trees.v1i.coco/_separated2\2780.png,144,134
2164,_separated2,../data/Cerrado_trees.v1i.coco/_separated2\2781.png,120,329
2165,_separated2,../data/Cerrado_trees.v1i.coco/_separated2\2782.png,307,232
2166,_separated2,../data/Cerrado_trees.v1i.coco/_separated2\2783.png,391,583
2167,_separated2,../data/Cerrado_trees.v1i.coco/_separated2\2784.png,131,144
2168,_separated2,../data/Cerrado_trees.v1i.coco/_separated2\2785.png,538,638
2169,_separated2,../data/Cerrado_trees.v1i.coco/_separated2\2786.png,534,258
2170,_separated2,../data/Cerrado_trees.v1i.coco/_separated2\2787.png,282,191
2171,_separated2,../data/Cerrado_trees.v1i.coco/_separated2\2788.png,201,348
2172,_separated2,../data/Cerrado_trees.v1i.coco/_separated2\2789.png,180,331
2173,_separated2,../data/Cerrado_trees.v1i.coco/_separated2\279.png,95,185
2174,_separated2,../data/Cerrado_trees.v1i.coco/_separated2\2790.png,155,127
2175,_separated2,../data/Cerrado_trees.v1i.coco/_separated2\2791.png,136,229
2176,_separated2,../data/Cerrado_trees.v1i.coco/_separated2\2792.png,216,376
2177,_separated2,../data/Cerrado_trees.v1i.coco/_separated2\2793.png,13,32
2178,_separated2,../data/Cerrado_trees.v1i.coco/_separated2\2794.png,86,11
2179,_separated2,../data/Cerrado_trees.v1i.coco/_separated2\2795.png,107,107
2180,_separated2,../data/Cerrado_trees.v1i.coco/_separated2\2796.png,209,118
2181,_separated2,../data/Cerrado_trees.v1i.coco/_separated2\2797.png,78,64
2182,_separated2,../data/Cerrado_trees.v1i.coco/_separated2\2798.png,160,17
2183,_separated2,../data/Cerrado_trees.v1i.coco/_separated2\2799.png,172,160
2184,_separated2,../data/Cerrado_trees.v1i.coco/_separated2\28.png,175,488
2185,_separated2,../data/Cerrado_trees.v1i.coco/_separated2\280.png,130,155
2186,_separated2,../data/Cerrado_trees.v1i.coco/_separated2\2800.png,286,447
2187,_separated2,../data/Cerrado_trees.v1i.coco/_separated2\2801.png,92,78
2188,_separated2,../data/Cerrado_trees.v1i.coco/_separated2\2802.png,409,338
2189,_separated2,../data/Cerrado_trees.v1i.coco/_separated2\2803.png,509,263
2190,_separated2,../data/Cerrado_trees.v1i.coco/_separated2\2804.png,288,248
2191,_separated2,../data/Cerrado_trees.v1i.coco/_separated2\2805.png,12,56
2192,_separated2,../data/Cerrado_trees.v1i.coco/_separated2\2806.png,291,254
2193,_separated2,../data/Cerrado_trees.v1i.coco/_separated2\2807.png,89,27
2194,_separated2,../data/Cerrado_trees.v1i.coco/_separated2\2808.png,169,94
2195,_separated2,../data/Cerrado_trees.v1i.coco/_separated2\2809.png,26,99
2196,_separated2,../data/Cerrado_trees.v1i.coco/_separated2\281.png,133,98
2197,_separated2,../data/Cerrado_trees.v1i.coco/_separated2\2810.png,889,837
2198,_separated2,../data/Cerrado_trees.v1i.coco/_separated2\2811.png,234,535
2199,_separated2,../data/Cerrado_trees.v1i.coco/_separated2\2812.png,163,173
2200,_separated2,../data/Cerrado_trees.v1i.coco/_separated2\2813.png,147,171
2201,_separated2,../data/Cerrado_trees.v1i.coco/_separated2\2814.png,57,14
2202,_separated2,../data/Cerrado_trees.v1i.coco/_separated2\2815.png,577,634
2203,_separated2,../data/Cerrado_trees.v1i.coco/_separated2\2816.png,184,195
2204,_separated2,../data/Cerrado_trees.v1i.coco/_separated2\2817.png,465,285
2205,_separated2,../data/Cerrado_trees.v1i.coco/_separated2\2818.png,247,537
2206,_separated2,../data/Cerrado_trees.v1i.coco/_separated2\2819.png,348,178
2207,_separated2,../data/Cerrado_trees.v1i.coco/_separated2\282.png,227,142
2208,_separated2,../data/Cerrado_trees.v1i.coco/_separated2\2820.png,127,114
2209,_separated2,../data/Cerrado_trees.v1i.coco/_separated2\2821.png,167,275
2210,_separated2,../data/Cerrado_trees.v1i.coco/_separated2\2822.png,223,302
2211,_separated2,../data/Cerrado_trees.v1i.coco/_separated2\2823.png,1,2
2212,_separated2,../data/Cerrado_trees.v1i.coco/_separated2\2824.png,177,293
2213,_separated2,../data/Cerrado_trees.v1i.coco/_separated2\2825.png,615,436
2214,_separated2,../data/Cerrado_trees.v1i.coco/_separated2\2826.png,1,5
2215,_separated2,../data/Cerrado_trees.v1i.coco/_separated2\2827.png,256,373
2216,_separated2,../data/Cerrado_trees.v1i.coco/_separated2\2828.png,26,100
2217,_separated2,../data/Cerrado_trees.v1i.coco/_separated2\2829.png,265,283
2218,_separated2,../data/Cerrado_trees.v1i.coco/_separated2\283.png,709,673
2219,_separated2,../data/Cerrado_trees.v1i.coco/_separated2\2830.png,286,445
2220,_separated2,../data/Cerrado_trees.v1i.coco/_separated2\2831.png,837,890
2221,_separated2,../data/Cerrado_trees.v1i.coco/_separated2\2832.png,134,301
2222,_separated2,../data/Cerrado_trees.v1i.coco/_separated2\2833.png,612,618
2223,_separated2,../data/Cerrado_trees.v1i.coco/_separated2\2834.png,356,168
2224,_separated2,../data/Cerrado_trees.v1i.coco/_separated2\2835.png,375,208
2225,_separated2,../data/Cerrado_trees.v1i.coco/_separated2\2836.png,238,189
2226,_separated2,../data/Cerrado_trees.v1i.coco/_separated2\2837.png,317,278
2227,_separated2,../data/Cerrado_trees.v1i.coco/_separated2\2838.png,225,218
2228,_separated2,../data/Cerrado_trees.v1i.coco/_separated2\2839.png,504,357
2229,_separated2,../data/Cerrado_trees.v1i.coco/_separated2\284.png,47,76
2230,_separated2,../data/Cerrado_trees.v1i.coco/_separated2\2840.png,407,505
2231,_separated2,../data/Cerrado_trees.v1i.coco/_separated2\2841.png,662,649
2232,_separated2,../data/Cerrado_trees.v1i.coco/_separated2\2842.png,135,227
2233,_separated2,../data/Cerrado_trees.v1i.coco/_separated2\2843.png,219,156
2234,_separated2,../data/Cerrado_trees.v1i.coco/_separated2\2844.png,26,27
2235,_separated2,../data/Cerrado_trees.v1i.coco/_separated2\2845.png,267,108
2236,_separated2,../data/Cerrado_trees.v1i.coco/_separated2\2846.png,241,388
2237,_separated2,../data/Cerrado_trees.v1i.coco/_separated2\2847.png,179,287
2238,_separated2,../data/Cerrado_trees.v1i.coco/_separated2\2848.png,273,190
2239,_separated2,../data/Cerrado_trees.v1i.coco/_separated2\2849.png,169,344
2240,_separated2,../data/Cerrado_trees.v1i.coco/_separated2\285.png,10,8
2241,_separated2,../data/Cerrado_trees.v1i.coco/_separated2\2850.png,475,407
2242,_separated2,../data/Cerrado_trees.v1i.coco/_separated2\2851.png,143,84
2243,_separated2,../data/Cerrado_trees.v1i.coco/_separated2\2852.png,145,99
2244,_separated2,../data/Cerrado_trees.v1i.coco/_separated2\2853.png,108,106
2245,_separated2,../data/Cerrado_trees.v1i.coco/_separated2\2854.png,29,128
2246,_separated2,../data/Cerrado_trees.v1i.coco/_separated2\2855.png,435,609
2247,_separated2,../data/Cerrado_trees.v1i.coco/_separated2\2856.png,108,117
2248,_separated2,../data/Cerrado_trees.v1i.coco/_separated2\2857.png,651,403
2249,_separated2,../data/Cerrado_trees.v1i.coco/_separated2\2858.png,555,296
2250,_separated2,../data/Cerrado_trees.v1i.coco/_separated2\2859.png,745,660
2251,_separated2,../data/Cerrado_trees.v1i.coco/_separated2\286.png,225,62
2252,_separated2,../data/Cerrado_trees.v1i.coco/_separated2\2860.png,164,45
2253,_separated2,../data/Cerrado_trees.v1i.coco/_separated2\2861.png,126,133
2254,_separated2,../data/Cerrado_trees.v1i.coco/_separated2\2862.png,748,623
2255,_separated2,../data/Cerrado_trees.v1i.coco/_separated2\2863.png,481,401
2256,_separated2,../data/Cerrado_trees.v1i.coco/_separated2\2864.png,73,351
2257,_separated2,../data/Cerrado_trees.v1i.coco/_separated2\2865.png,257,507
2258,_separated2,../data/Cerrado_trees.v1i.coco/_separated2\2866.png,295,467
2259,_separated2,../data/Cerrado_trees.v1i.coco/_separated2\2867.png,185,44
2260,_separated2,../data/Cerrado_trees.v1i.coco/_separated2\2868.png,130,382
2261,_separated2,../data/Cerrado_trees.v1i.coco/_separated2\2869.png,306,1014
2262,_separated2,../data/Cerrado_trees.v1i.coco/_separated2\287.png,89,101
2263,_separated2,../data/Cerrado_trees.v1i.coco/_separated2\2870.png,379,54
2264,_separated2,../data/Cerrado_trees.v1i.coco/_separated2\2871.png,351,169
2265,_separated2,../data/Cerrado_trees.v1i.coco/_separated2\2872.png,107,258
2266,_separated2,../data/Cerrado_trees.v1i.coco/_separated2\2873.png,28,90
2267,_separated2,../data/Cerrado_trees.v1i.coco/_separated2\2874.png,488,314
2268,_separated2,../data/Cerrado_trees.v1i.coco/_separated2\2875.png,144,157
2269,_separated2,../data/Cerrado_trees.v1i.coco/_separated2\2876.png,643,746
2270,_separated2,../data/Cerrado_trees.v1i.coco/_separated2\2877.png,2,5
2271,_separated2,../data/Cerrado_trees.v1i.coco/_separated2\2878.png,298,226
2272,_separated2,../data/Cerrado_trees.v1i.coco/_separated2\2879.png,469,368
2273,_separated2,../data/Cerrado_trees.v1i.coco/_separated2\288.png,452,222
2274,_separated2,../data/Cerrado_trees.v1i.coco/_separated2\2880.png,70,395
2275,_separated2,../data/Cerrado_trees.v1i.coco/_separated2\2881.png,105,15
2276,_separated2,../data/Cerrado_trees.v1i.coco/_separated2\2882.png,50,166
2277,_separated2,../data/Cerrado_trees.v1i.coco/_separated2\2883.png,109,267
2278,_separated2,../data/Cerrado_trees.v1i.coco/_separated2\2884.png,156,147
2279,_separated2,../data/Cerrado_trees.v1i.coco/_separated2\289.png,380,453
2280,_separated2,../data/Cerrado_trees.v1i.coco/_separated2\29.png,308,308
2281,_separated2,../data/Cerrado_trees.v1i.coco/_separated2\290.png,101,88
2282,_separated2,../data/Cerrado_trees.v1i.coco/_separated2\291.png,607,582
2283,_separated2,../data/Cerrado_trees.v1i.coco/_separated2\292.png,354,426
2284,_separated2,../data/Cerrado_trees.v1i.coco/_separated2\293.png,210,304
2285,_separated2,../data/Cerrado_trees.v1i.coco/_separated2\294.png,41,317
2286,_separated2,../data/Cerrado_trees.v1i.coco/_separated2\295.png,258,260
2287,_separated2,../data/Cerrado_trees.v1i.coco/_separated2\296.png,103,339
2288,_separated2,../data/Cerrado_trees.v1i.coco/_separated2\297.png,257,245
2289,_separated2,../data/Cerrado_trees.v1i.coco/_separated2\298.png,271,389
2290,_separated2,../data/Cerrado_trees.v1i.coco/_separated2\299.png,284,465
2291,_separated2,../data/Cerrado_trees.v1i.coco/_separated2\3.png,275,547
2292,_separated2,../data/Cerrado_trees.v1i.coco/_separated2\30.png,426,237
2293,_separated2,../data/Cerrado_trees.v1i.coco/_separated2\300.png,276,400
2294,_separated2,../data/Cerrado_trees.v1i.coco/_separated2\301.png,229,242
2295,_separated2,../data/Cerrado_trees.v1i.coco/_separated2\302.png,208,123
2296,_separated2,../data/Cerrado_trees.v1i.coco/_separated2\303.png,125,92
2297,_separated2,../data/Cerrado_trees.v1i.coco/_separated2\304.png,791,1024
2298,_separated2,../data/Cerrado_trees.v1i.coco/_separated2\305.png,537,530
2299,_separated2,../data/Cerrado_trees.v1i.coco/_separated2\306.png,363,327
2300,_separated2,../data/Cerrado_trees.v1i.coco/_separated2\307.png,112,239
2301,_separated2,../data/Cerrado_trees.v1i.coco/_separated2\308.png,473,467
2302,_separated2,../data/Cerrado_trees.v1i.coco/_separated2\309.png,38,6
2303,_separated2,../data/Cerrado_trees.v1i.coco/_separated2\31.png,277,244
2304,_separated2,../data/Cerrado_trees.v1i.coco/_separated2\310.png,141,469
2305,_separated2,../data/Cerrado_trees.v1i.coco/_separated2\311.png,48,75
2306,_separated2,../data/Cerrado_trees.v1i.coco/_separated2\312.png,377,257
2307,_separated2,../data/Cerrado_trees.v1i.coco/_separated2\313.png,360,526
2308,_separated2,../data/Cerrado_trees.v1i.coco/_separated2\314.png,172,81
2309,_separated2,../data/Cerrado_trees.v1i.coco/_separated2\315.png,436,353
2310,_separated2,../data/Cerrado_trees.v1i.coco/_separated2\316.png,304,431
2311,_separated2,../data/Cerrado_trees.v1i.coco/_separated2\317.png,582,443
2312,_separated2,../data/Cerrado_trees.v1i.coco/_separated2\318.png,119,213
2313,_separated2,../data/Cerrado_trees.v1i.coco/_separated2\319.png,86,89
2314,_separated2,../data/Cerrado_trees.v1i.coco/_separated2\32.png,576,348
2315,_separated2,../data/Cerrado_trees.v1i.coco/_separated2\320.png,132,228
2316,_separated2,../data/Cerrado_trees.v1i.coco/_separated2\321.png,82,159
2317,_separated2,../data/Cerrado_trees.v1i.coco/_separated2\322.png,521,321
2318,_separated2,../data/Cerrado_trees.v1i.coco/_separated2\323.png,207,394
2319,_separated2,../data/Cerrado_trees.v1i.coco/_separated2\324.png,61,59
2320,_separated2,../data/Cerrado_trees.v1i.coco/_separated2\325.png,160,119
2321,_separated2,../data/Cerrado_trees.v1i.coco/_separated2\326.png,427,442
2322,_separated2,../data/Cerrado_trees.v1i.coco/_separated2\327.png,91,99
2323,_separated2,../data/Cerrado_trees.v1i.coco/_separated2\328.png,159,453
2324,_separated2,../data/Cerrado_trees.v1i.coco/_separated2\329.png,261,372
2325,_separated2,../data/Cerrado_trees.v1i.coco/_separated2\33.png,455,196
2326,_separated2,../data/Cerrado_trees.v1i.coco/_separated2\330.png,247,316
2327,_separated2,../data/Cerrado_trees.v1i.coco/_separated2\331.png,181,191
2328,_separated2,../data/Cerrado_trees.v1i.coco/_separated2\332.png,988,469
2329,_separated2,../data/Cerrado_trees.v1i.coco/_separated2\333.png,78,140
2330,_separated2,../data/Cerrado_trees.v1i.coco/_separated2\334.png,200,288
2331,_separated2,../data/Cerrado_trees.v1i.coco/_separated2\335.png,259,320
2332,_separated2,../data/Cerrado_trees.v1i.coco/_separated2\336.png,430,354
2333,_separated2,../data/Cerrado_trees.v1i.coco/_separated2\337.png,130,155
2334,_separated2,../data/Cerrado_trees.v1i.coco/_separated2\338.png,422,216
2335,_separated2,../data/Cerrado_trees.v1i.coco/_separated2\339.png,457,861
2336,_separated2,../data/Cerrado_trees.v1i.coco/_separated2\34.png,532,316
2337,_separated2,../data/Cerrado_trees.v1i.coco/_separated2\340.png,241,171
2338,_separated2,../data/Cerrado_trees.v1i.coco/_separated2\341.png,123,46
2339,_separated2,../data/Cerrado_trees.v1i.coco/_separated2\342.png,679,269
2340,_separated2,../data/Cerrado_trees.v1i.coco/_separated2\343.png,562,700
2341,_separated2,../data/Cerrado_trees.v1i.coco/_separated2\344.png,80,22
2342,_separated2,../data/Cerrado_trees.v1i.coco/_separated2\345.png,82,189
2343,_separated2,../data/Cerrado_trees.v1i.coco/_separated2\346.png,53,137
2344,_separated2,../data/Cerrado_trees.v1i.coco/_separated2\347.png,92,207
2345,_separated2,../data/Cerrado_trees.v1i.coco/_separated2\348.png,240,461
2346,_separated2,../data/Cerrado_trees.v1i.coco/_separated2\349.png,53,54
2347,_separated2,../data/Cerrado_trees.v1i.coco/_separated2\35.png,105,89
2348,_separated2,../data/Cerrado_trees.v1i.coco/_separated2\350.png,198,88
2349,_separated2,../data/Cerrado_trees.v1i.coco/_separated2\351.png,137,154
2350,_separated2,../data/Cerrado_trees.v1i.coco/_separated2\352.png,727,392
2351,_separated2,../data/Cerrado_trees.v1i.coco/_separated2\353.png,103,165
2352,_separated2,../data/Cerrado_trees.v1i.coco/_separated2\354.png,290,536
2353,_separated2,../data/Cerrado_trees.v1i.coco/_separated2\355.png,188,74
2354,_separated2,../data/Cerrado_trees.v1i.coco/_separated2\356.png,246,170
2355,_separated2,../data/Cerrado_trees.v1i.coco/_separated2\357.png,483,410
2356,_separated2,../data/Cerrado_trees.v1i.coco/_separated2\358.png,175,192
2357,_separated2,../data/Cerrado_trees.v1i.coco/_separated2\359.png,86,97
2358,_separated2,../data/Cerrado_trees.v1i.coco/_separated2\36.png,41,55
2359,_separated2,../data/Cerrado_trees.v1i.coco/_separated2\360.png,135,125
2360,_separated2,../data/Cerrado_trees.v1i.coco/_separated2\361.png,1019,779
2361,_separated2,../data/Cerrado_trees.v1i.coco/_separated2\362.png,53,12
2362,_separated2,../data/Cerrado_trees.v1i.coco/_separated2\363.png,388,177
2363,_separated2,../data/Cerrado_trees.v1i.coco/_separated2\364.png,179,233
2364,_separated2,../data/Cerrado_trees.v1i.coco/_separated2\365.png,207,104
2365,_separated2,../data/Cerrado_trees.v1i.coco/_separated2\366.png,96,169
2366,_separated2,../data/Cerrado_trees.v1i.coco/_separated2\367.png,279,130
2367,_separated2,../data/Cerrado_trees.v1i.coco/_separated2\368.png,62,79
2368,_separated2,../data/Cerrado_trees.v1i.coco/_separated2\369.png,71,106
2369,_separated2,../data/Cerrado_trees.v1i.coco/_separated2\37.png,569,514
2370,_separated2,../data/Cerrado_trees.v1i.coco/_separated2\370.png,406,226
2371,_separated2,../data/Cerrado_trees.v1i.coco/_separated2\371.png,341,202
2372,_separated2,../data/Cerrado_trees.v1i.coco/_separated2\372.png,618,710
2373,_separated2,../data/Cerrado_trees.v1i.coco/_separated2\373.png,379,140
2374,_separated2,../data/Cerrado_trees.v1i.coco/_separated2\374.png,139,58
2375,_separated2,../data/Cerrado_trees.v1i.coco/_separated2\375.png,88,57
2376,_separated2,../data/Cerrado_trees.v1i.coco/_separated2\376.png,10,30
2377,_separated2,../data/Cerrado_trees.v1i.coco/_separated2\377.png,319,311
2378,_separated2,../data/Cerrado_trees.v1i.coco/_separated2\378.png,391,255
2379,_separated2,../data/Cerrado_trees.v1i.coco/_separated2\379.png,402,906
2380,_separated2,../data/Cerrado_trees.v1i.coco/_separated2\38.png,252,111
2381,_separated2,../data/Cerrado_trees.v1i.coco/_separated2\380.png,154,335
2382,_separated2,../data/Cerrado_trees.v1i.coco/_separated2\381.png,258,97
2383,_separated2,../data/Cerrado_trees.v1i.coco/_separated2\382.png,70,66
2384,_separated2,../data/Cerrado_trees.v1i.coco/_separated2\383.png,721,629
2385,_separated2,../data/Cerrado_trees.v1i.coco/_separated2\384.png,146,142
2386,_separated2,../data/Cerrado_trees.v1i.coco/_separated2\385.png,110,101
2387,_separated2,../data/Cerrado_trees.v1i.coco/_separated2\386.png,294,128
2388,_separated2,../data/Cerrado_trees.v1i.coco/_separated2\387.png,99,203
2389,_separated2,../data/Cerrado_trees.v1i.coco/_separated2\388.png,326,73
2390,_separated2,../data/Cerrado_trees.v1i.coco/_separated2\389.png,916,423
2391,_separated2,../data/Cerrado_trees.v1i.coco/_separated2\39.png,87,57
2392,_separated2,../data/Cerrado_trees.v1i.coco/_separated2\390.png,79,83
2393,_separated2,../data/Cerrado_trees.v1i.coco/_separated2\391.png,196,340
2394,_separated2,../data/Cerrado_trees.v1i.coco/_separated2\392.png,355,357
2395,_separated2,../data/Cerrado_trees.v1i.coco/_separated2\393.png,139,228
2396,_separated2,../data/Cerrado_trees.v1i.coco/_separated2\394.png,318,451
2397,_separated2,../data/Cerrado_trees.v1i.coco/_separated2\395.png,203,189
2398,_separated2,../data/Cerrado_trees.v1i.coco/_separated2\396.png,270,467
2399,_separated2,../data/Cerrado_trees.v1i.coco/_separated2\397.png,333,138
2400,_separated2,../data/Cerrado_trees.v1i.coco/_separated2\398.png,85,78
2401,_separated2,../data/Cerrado_trees.v1i.coco/_separated2\399.png,302,450
2402,_separated2,../data/Cerrado_trees.v1i.coco/_separated2\4.png,503,204
2403,_separated2,../data/Cerrado_trees.v1i.coco/_separated2\40.png,67,82
2404,_separated2,../data/Cerrado_trees.v1i.coco/_separated2\400.png,98,114
2405,_separated2,../data/Cerrado_trees.v1i.coco/_separated2\401.png,305,288
2406,_separated2,../data/Cerrado_trees.v1i.coco/_separated2\402.png,302,334
2407,_separated2,../data/Cerrado_trees.v1i.coco/_separated2\403.png,140,117
2408,_separated2,../data/Cerrado_trees.v1i.coco/_separated2\404.png,181,162
2409,_separated2,../data/Cerrado_trees.v1i.coco/_separated2\405.png,233,144
2410,_separated2,../data/Cerrado_trees.v1i.coco/_separated2\406.png,5,26
2411,_separated2,../data/Cerrado_trees.v1i.coco/_separated2\407.png,30,11
2412,_separated2,../data/Cerrado_trees.v1i.coco/_separated2\408.png,133,188
2413,_separated2,../data/Cerrado_trees.v1i.coco/_separated2\409.png,276,316
2414,_separated2,../data/Cerrado_trees.v1i.coco/_separated2\41.png,360,374
2415,_separated2,../data/Cerrado_trees.v1i.coco/_separated2\410.png,73,326
2416,_separated2,../data/Cerrado_trees.v1i.coco/_separated2\411.png,138,56
2417,_separated2,../data/Cerrado_trees.v1i.coco/_separated2\412.png,185,205
2418,_separated2,../data/Cerrado_trees.v1i.coco/_separated2\413.png,316,283
2419,_separated2,../data/Cerrado_trees.v1i.coco/_separated2\414.png,88,56
2420,_separated2,../data/Cerrado_trees.v1i.coco/_separated2\415.png,415,513
2421,_separated2,../data/Cerrado_trees.v1i.coco/_separated2\416.png,212,117
2422,_separated2,../data/Cerrado_trees.v1i.coco/_separated2\417.png,106,71
2423,_separated2,../data/Cerrado_trees.v1i.coco/_separated2\418.png,37,264
2424,_separated2,../data/Cerrado_trees.v1i.coco/_separated2\419.png,142,119
2425,_separated2,../data/Cerrado_trees.v1i.coco/_separated2\42.png,173,39
2426,_separated2,../data/Cerrado_trees.v1i.coco/_separated2\420.png,97,113
2427,_separated2,../data/Cerrado_trees.v1i.coco/_separated2\421.png,281,305
2428,_separated2,../data/Cerrado_trees.v1i.coco/_separated2\422.png,389,555
2429,_separated2,../data/Cerrado_trees.v1i.coco/_separated2\423.png,531,409
2430,_separated2,../data/Cerrado_trees.v1i.coco/_separated2\424.png,101,111
2431,_separated2,../data/Cerrado_trees.v1i.coco/_separated2\425.png,143,146
2432,_separated2,../data/Cerrado_trees.v1i.coco/_separated2\426.png,247,94
2433,_separated2,../data/Cerrado_trees.v1i.coco/_separated2\427.png,125,137
2434,_separated2,../data/Cerrado_trees.v1i.coco/_separated2\428.png,125,293
2435,_separated2,../data/Cerrado_trees.v1i.coco/_separated2\429.png,154,131
2436,_separated2,../data/Cerrado_trees.v1i.coco/_separated2\43.png,240,234
2437,_separated2,../data/Cerrado_trees.v1i.coco/_separated2\430.png,366,357
2438,_separated2,../data/Cerrado_trees.v1i.coco/_separated2\431.png,218,334
2439,_separated2,../data/Cerrado_trees.v1i.coco/_separated2\432.png,467,233
2440,_separated2,../data/Cerrado_trees.v1i.coco/_separated2\433.png,325,277
2441,_separated2,../data/Cerrado_trees.v1i.coco/_separated2\434.png,256,387
2442,_separated2,../data/Cerrado_trees.v1i.coco/_separated2\435.png,102,247
2443,_separated2,../data/Cerrado_trees.v1i.coco/_separated2\436.png,264,37
2444,_separated2,../data/Cerrado_trees.v1i.coco/_separated2\437.png,208,106
2445,_separated2,../data/Cerrado_trees.v1i.coco/_separated2\438.png,313,229
2446,_separated2,../data/Cerrado_trees.v1i.coco/_separated2\439.png,4,69
2447,_separated2,../data/Cerrado_trees.v1i.coco/_separated2\44.png,632,696
2448,_separated2,../data/Cerrado_trees.v1i.coco/_separated2\440.png,133,121
2449,_separated2,../data/Cerrado_trees.v1i.coco/_separated2\441.png,549,350
2450,_separated2,../data/Cerrado_trees.v1i.coco/_separated2\442.png,9,69
2451,_separated2,../data/Cerrado_trees.v1i.coco/_separated2\443.png,124,175
2452,_separated2,../data/Cerrado_trees.v1i.coco/_separated2\444.png,308,270
2453,_separated2,../data/Cerrado_trees.v1i.coco/_separated2\445.png,339,373
2454,_separated2,../data/Cerrado_trees.v1i.coco/_separated2\446.png,105,259
2455,_separated2,../data/Cerrado_trees.v1i.coco/_separated2\447.png,189,122
2456,_separated2,../data/Cerrado_trees.v1i.coco/_separated2\448.png,309,302
2457,_separated2,../data/Cerrado_trees.v1i.coco/_separated2\449.png,479,468
2458,_separated2,../data/Cerrado_trees.v1i.coco/_separated2\45.png,171,279
2459,_separated2,../data/Cerrado_trees.v1i.coco/_separated2\450.png,115,169
2460,_separated2,../data/Cerrado_trees.v1i.coco/_separated2\451.png,518,525
2461,_separated2,../data/Cerrado_trees.v1i.coco/_separated2\452.png,298,113
2462,_separated2,../data/Cerrado_trees.v1i.coco/_separated2\453.png,185,172
2463,_separated2,../data/Cerrado_trees.v1i.coco/_separated2\454.png,397,213
2464,_separated2,../data/Cerrado_trees.v1i.coco/_separated2\455.png,304,368
2465,_separated2,../data/Cerrado_trees.v1i.coco/_separated2\456.png,370,427
2466,_separated2,../data/Cerrado_trees.v1i.coco/_separated2\457.png,194,277
2467,_separated2,../data/Cerrado_trees.v1i.coco/_separated2\458.png,299,404
2468,_separated2,../data/Cerrado_trees.v1i.coco/_separated2\459.png,504,277
2469,_separated2,../data/Cerrado_trees.v1i.coco/_separated2\46.png,93,106
2470,_separated2,../data/Cerrado_trees.v1i.coco/_separated2\460.png,98,103
2471,_separated2,../data/Cerrado_trees.v1i.coco/_separated2\461.png,74,96
2472,_separated2,../data/Cerrado_trees.v1i.coco/_separated2\462.png,280,205
2473,_separated2,../data/Cerrado_trees.v1i.coco/_separated2\463.png,93,166
2474,_separated2,../data/Cerrado_trees.v1i.coco/_separated2\464.png,425,764
2475,_separated2,../data/Cerrado_trees.v1i.coco/_separated2\465.png,379,495
2476,_separated2,../data/Cerrado_trees.v1i.coco/_separated2\466.png,320,226
2477,_separated2,../data/Cerrado_trees.v1i.coco/_separated2\467.png,239,236
2478,_separated2,../data/Cerrado_trees.v1i.coco/_separated2\468.png,462,461
2479,_separated2,../data/Cerrado_trees.v1i.coco/_separated2\469.png,107,168
2480,_separated2,../data/Cerrado_trees.v1i.coco/_separated2\47.png,207,386
2481,_separated2,../data/Cerrado_trees.v1i.coco/_separated2\470.png,186,157
2482,_separated2,../data/Cerrado_trees.v1i.coco/_separated2\471.png,451,825
2483,_separated2,../data/Cerrado_trees.v1i.coco/_separated2\472.png,2,32
2484,_separated2,../data/Cerrado_trees.v1i.coco/_separated2\473.png,149,37
2485,_separated2,../data/Cerrado_trees.v1i.coco/_separated2\474.png,405,678
2486,_separated2,../data/Cerrado_trees.v1i.coco/_separated2\475.png,906,1023
2487,_separated2,../data/Cerrado_trees.v1i.coco/_separated2\476.png,114,100
2488,_separated2,../data/Cerrado_trees.v1i.coco/_separated2\477.png,123,140
2489,_separated2,../data/Cerrado_trees.v1i.coco/_separated2\478.png,278,309
2490,_separated2,../data/Cerrado_trees.v1i.coco/_separated2\479.png,296,286
2491,_separated2,../data/Cerrado_trees.v1i.coco/_separated2\48.png,197,53
2492,_separated2,../data/Cerrado_trees.v1i.coco/_separated2\480.png,136,42
2493,_separated2,../data/Cerrado_trees.v1i.coco/_separated2\481.png,70,148
2494,_separated2,../data/Cerrado_trees.v1i.coco/_separated2\482.png,193,244
2495,_separated2,../data/Cerrado_trees.v1i.coco/_separated2\483.png,663,560
2496,_separated2,../data/Cerrado_trees.v1i.coco/_separated2\484.png,113,140
2497,_separated2,../data/Cerrado_trees.v1i.coco/_separated2\485.png,145,131
2498,_separated2,../data/Cerrado_trees.v1i.coco/_separated2\486.png,429,654
2499,_separated2,../data/Cerrado_trees.v1i.coco/_separated2\487.png,234,361
2500,_separated2,../data/Cerrado_trees.v1i.coco/_separated2\488.png,928,502
2501,_separated2,../data/Cerrado_trees.v1i.coco/_separated2\489.png,471,171
2502,_separated2,../data/Cerrado_trees.v1i.coco/_separated2\49.png,224,430
2503,_separated2,../data/Cerrado_trees.v1i.coco/_separated2\490.png,230,151
2504,_separated2,../data/Cerrado_trees.v1i.coco/_separated2\491.png,63,122
2505,_separated2,../data/Cerrado_trees.v1i.coco/_separated2\492.png,39,120
2506,_separated2,../data/Cerrado_trees.v1i.coco/_separated2\493.png,303,367
2507,_separated2,../data/Cerrado_trees.v1i.coco/_separated2\494.png,473,159
2508,_separated2,../data/Cerrado_trees.v1i.coco/_separated2\495.png,62,34
2509,_separated2,../data/Cerrado_trees.v1i.coco/_separated2\496.png,209,256
2510,_separated2,../data/Cerrado_trees.v1i.coco/_separated2\497.png,324,292
2511,_separated2,../data/Cerrado_trees.v1i.coco/_separated2\498.png,519,422
2512,_separated2,../data/Cerrado_trees.v1i.coco/_separated2\499.png,191,267
2513,_separated2,../data/Cerrado_trees.v1i.coco/_separated2\5.png,94,100
2514,_separated2,../data/Cerrado_trees.v1i.coco/_separated2\50.png,100,164
2515,_separated2,../data/Cerrado_trees.v1i.coco/_separated2\500.png,105,123
2516,_separated2,../data/Cerrado_trees.v1i.coco/_separated2\501.png,299,245
2517,_separated2,../data/Cerrado_trees.v1i.coco/_separated2\502.png,117,221
2518,_separated2,../data/Cerrado_trees.v1i.coco/_separated2\503.png,88,57
2519,_separated2,../data/Cerrado_trees.v1i.coco/_separated2\504.png,462,459
2520,_separated2,../data/Cerrado_trees.v1i.coco/_separated2\505.png,825,946
2521,_separated2,../data/Cerrado_trees.v1i.coco/_separated2\506.png,306,505
2522,_separated2,../data/Cerrado_trees.v1i.coco/_separated2\507.png,130,145
2523,_separated2,../data/Cerrado_trees.v1i.coco/_separated2\508.png,321,231
2524,_separated2,../data/Cerrado_trees.v1i.coco/_separated2\509.png,225,380
2525,_separated2,../data/Cerrado_trees.v1i.coco/_separated2\51.png,278,296
2526,_separated2,../data/Cerrado_trees.v1i.coco/_separated2\510.png,270,370
2527,_separated2,../data/Cerrado_trees.v1i.coco/_separated2\511.png,96,74
2528,_separated2,../data/Cerrado_trees.v1i.coco/_separated2\512.png,371,303
2529,_separated2,../data/Cerrado_trees.v1i.coco/_separated2\513.png,60,29
2530,_separated2,../data/Cerrado_trees.v1i.coco/_separated2\514.png,404,517
2531,_separated2,../data/Cerrado_trees.v1i.coco/_separated2\515.png,223,323
2532,_separated2,../data/Cerrado_trees.v1i.coco/_separated2\516.png,235,476
2533,_separated2,../data/Cerrado_trees.v1i.coco/_separated2\517.png,597,327
2534,_separated2,../data/Cerrado_trees.v1i.coco/_separated2\518.png,99,314
2535,_separated2,../data/Cerrado_trees.v1i.coco/_separated2\519.png,87,125
2536,_separated2,../data/Cerrado_trees.v1i.coco/_separated2\52.png,124,86
2537,_separated2,../data/Cerrado_trees.v1i.coco/_separated2\520.png,135,152
2538,_separated2,../data/Cerrado_trees.v1i.coco/_separated2\521.png,271,168
2539,_separated2,../data/Cerrado_trees.v1i.coco/_separated2\522.png,66,112
2540,_separated2,../data/Cerrado_trees.v1i.coco/_separated2\523.png,180,527
2541,_separated2,../data/Cerrado_trees.v1i.coco/_separated2\524.png,201,279
2542,_separated2,../data/Cerrado_trees.v1i.coco/_separated2\525.png,720,638
2543,_separated2,../data/Cerrado_trees.v1i.coco/_separated2\526.png,859,965
2544,_separated2,../data/Cerrado_trees.v1i.coco/_separated2\527.png,182,225
2545,_separated2,../data/Cerrado_trees.v1i.coco/_separated2\528.png,88,127
2546,_separated2,../data/Cerrado_trees.v1i.coco/_separated2\529.png,77,76
2547,_separated2,../data/Cerrado_trees.v1i.coco/_separated2\53.png,192,159
2548,_separated2,../data/Cerrado_trees.v1i.coco/_separated2\530.png,309,309
2549,_separated2,../data/Cerrado_trees.v1i.coco/_separated2\531.png,114,141
2550,_separated2,../data/Cerrado_trees.v1i.coco/_separated2\532.png,113,140
2551,_separated2,../data/Cerrado_trees.v1i.coco/_separated2\533.png,90,54
2552,_separated2,../data/Cerrado_trees.v1i.coco/_separated2\534.png,41,87
2553,_separated2,../data/Cerrado_trees.v1i.coco/_separated2\535.png,112,376
2554,_separated2,../data/Cerrado_trees.v1i.coco/_separated2\536.png,269,192
2555,_separated2,../data/Cerrado_trees.v1i.coco/_separated2\537.png,408,563
2556,_separated2,../data/Cerrado_trees.v1i.coco/_separated2\538.png,67,164
2557,_separated2,../data/Cerrado_trees.v1i.coco/_separated2\539.png,364,198
2558,_separated2,../data/Cerrado_trees.v1i.coco/_separated2\54.png,931,331
2559,_separated2,../data/Cerrado_trees.v1i.coco/_separated2\540.png,521,525
2560,_separated2,../data/Cerrado_trees.v1i.coco/_separated2\541.png,477,466
2561,_separated2,../data/Cerrado_trees.v1i.coco/_separated2\542.png,74,96
2562,_separated2,../data/Cerrado_trees.v1i.coco/_separated2\543.png,165,92
2563,_separated2,../data/Cerrado_trees.v1i.coco/_separated2\544.png,48,163
2564,_separated2,../data/Cerrado_trees.v1i.coco/_separated2\545.png,34,102
2565,_separated2,../data/Cerrado_trees.v1i.coco/_separated2\546.png,303,273
2566,_separated2,../data/Cerrado_trees.v1i.coco/_separated2\547.png,380,676
2567,_separated2,../data/Cerrado_trees.v1i.coco/_separated2\548.png,105,123
2568,_separated2,../data/Cerrado_trees.v1i.coco/_separated2\549.png,106,34
2569,_separated2,../data/Cerrado_trees.v1i.coco/_separated2\55.png,262,222
2570,_separated2,../data/Cerrado_trees.v1i.coco/_separated2\550.png,385,756
2571,_separated2,../data/Cerrado_trees.v1i.coco/_separated2\551.png,364,141
2572,_separated2,../data/Cerrado_trees.v1i.coco/_separated2\552.png,302,114
2573,_separated2,../data/Cerrado_trees.v1i.coco/_separated2\553.png,273,188
2574,_separated2,../data/Cerrado_trees.v1i.coco/_separated2\554.png,257,423
2575,_separated2,../data/Cerrado_trees.v1i.coco/_separated2\555.png,78,51
2576,_separated2,../data/Cerrado_trees.v1i.coco/_separated2\556.png,10,14
2577,_separated2,../data/Cerrado_trees.v1i.coco/_separated2\557.png,93,180
2578,_separated2,../data/Cerrado_trees.v1i.coco/_separated2\558.png,382,494
2579,_separated2,../data/Cerrado_trees.v1i.coco/_separated2\559.png,1,4
2580,_separated2,../data/Cerrado_trees.v1i.coco/_separated2\56.png,154,166
2581,_separated2,../data/Cerrado_trees.v1i.coco/_separated2\560.png,420,435
2582,_separated2,../data/Cerrado_trees.v1i.coco/_separated2\561.png,116,169
2583,_separated2,../data/Cerrado_trees.v1i.coco/_separated2\562.png,147,227
2584,_separated2,../data/Cerrado_trees.v1i.coco/_separated2\563.png,205,91
2585,_separated2,../data/Cerrado_trees.v1i.coco/_separated2\564.png,109,107
2586,_separated2,../data/Cerrado_trees.v1i.coco/_separated2\565.png,76,76
2587,_separated2,../data/Cerrado_trees.v1i.coco/_separated2\566.png,253,260
2588,_separated2,../data/Cerrado_trees.v1i.coco/_separated2\567.png,63,87
2589,_separated2,../data/Cerrado_trees.v1i.coco/_separated2\568.png,141,115
2590,_separated2,../data/Cerrado_trees.v1i.coco/_separated2\569.png,237,235
2591,_separated2,../data/Cerrado_trees.v1i.coco/_separated2\57.png,178,287
2592,_separated2,../data/Cerrado_trees.v1i.coco/_separated2\570.png,188,329
2593,_separated2,../data/Cerrado_trees.v1i.coco/_separated2\571.png,651,434
2594,_separated2,../data/Cerrado_trees.v1i.coco/_separated2\572.png,724,649
2595,_separated2,../data/Cerrado_trees.v1i.coco/_separated2\573.png,225,146
2596,_separated2,../data/Cerrado_trees.v1i.coco/_separated2\574.png,210,151
2597,_separated2,../data/Cerrado_trees.v1i.coco/_separated2\575.png,178,531
2598,_separated2,../data/Cerrado_trees.v1i.coco/_separated2\576.png,438,365
2599,_separated2,../data/Cerrado_trees.v1i.coco/_separated2\577.png,1020,866
2600,_separated2,../data/Cerrado_trees.v1i.coco/_separated2\578.png,64,95
2601,_separated2,../data/Cerrado_trees.v1i.coco/_separated2\579.png,72,100
2602,_separated2,../data/Cerrado_trees.v1i.coco/_separated2\58.png,207,57
2603,_separated2,../data/Cerrado_trees.v1i.coco/_separated2\580.png,123,140
2604,_separated2,../data/Cerrado_trees.v1i.coco/_separated2\581.png,28,6
2605,_separated2,../data/Cerrado_trees.v1i.coco/_separated2\582.png,336,376
2606,_separated2,../data/Cerrado_trees.v1i.coco/_separated2\583.png,204,279
2607,_separated2,../data/Cerrado_trees.v1i.coco/_separated2\584.png,509,284
2608,_separated2,../data/Cerrado_trees.v1i.coco/_separated2\585.png,153,81
2609,_separated2,../data/Cerrado_trees.v1i.coco/_separated2\586.png,44,78
2610,_separated2,../data/Cerrado_trees.v1i.coco/_separated2\587.png,88,147
2611,_separated2,../data/Cerrado_trees.v1i.coco/_separated2\588.png,357,337
2612,_separated2,../data/Cerrado_trees.v1i.coco/_separated2\589.png,323,287
2613,_separated2,../data/Cerrado_trees.v1i.coco/_separated2\59.png,104,18
2614,_separated2,../data/Cerrado_trees.v1i.coco/_separated2\590.png,180,528
2615,_separated2,../data/Cerrado_trees.v1i.coco/_separated2\591.png,241,394
2616,_separated2,../data/Cerrado_trees.v1i.coco/_separated2\592.png,185,175
2617,_separated2,../data/Cerrado_trees.v1i.coco/_separated2\593.png,165,470
2618,_separated2,../data/Cerrado_trees.v1i.coco/_separated2\594.png,93,45
2619,_separated2,../data/Cerrado_trees.v1i.coco/_separated2\595.png,289,324
2620,_separated2,../data/Cerrado_trees.v1i.coco/_separated2\596.png,396,112
2621,_separated2,../data/Cerrado_trees.v1i.coco/_separated2\597.png,163,44
2622,_separated2,../data/Cerrado_trees.v1i.coco/_separated2\598.png,676,197
2623,_separated2,../data/Cerrado_trees.v1i.coco/_separated2\599.png,570,929
2624,_separated2,../data/Cerrado_trees.v1i.coco/_separated2\6.png,185,192
2625,_separated2,../data/Cerrado_trees.v1i.coco/_separated2\60.png,284,405
2626,_separated2,../data/Cerrado_trees.v1i.coco/_separated2\600.png,301,116
2627,_separated2,../data/Cerrado_trees.v1i.coco/_separated2\601.png,276,641
2628,_separated2,../data/Cerrado_trees.v1i.coco/_separated2\602.png,830,427
2629,_separated2,../data/Cerrado_trees.v1i.coco/_separated2\603.png,226,319
2630,_separated2,../data/Cerrado_trees.v1i.coco/_separated2\604.png,461,460
2631,_separated2,../data/Cerrado_trees.v1i.coco/_separated2\605.png,5,28
2632,_separated2,../data/Cerrado_trees.v1i.coco/_separated2\606.png,44,92
2633,_separated2,../data/Cerrado_trees.v1i.coco/_separated2\607.png,840,963
2634,_separated2,../data/Cerrado_trees.v1i.coco/_separated2\608.png,17,22
2635,_separated2,../data/Cerrado_trees.v1i.coco/_separated2\609.png,113,93
2636,_separated2,../data/Cerrado_trees.v1i.coco/_separated2\61.png,7,11
2637,_separated2,../data/Cerrado_trees.v1i.coco/_separated2\610.png,141,115
2638,_separated2,../data/Cerrado_trees.v1i.coco/_separated2\611.png,83,36
2639,_separated2,../data/Cerrado_trees.v1i.coco/_separated2\612.png,64,113
2640,_separated2,../data/Cerrado_trees.v1i.coco/_separated2\613.png,269,191
2641,_separated2,../data/Cerrado_trees.v1i.coco/_separated2\614.png,656,571
2642,_separated2,../data/Cerrado_trees.v1i.coco/_separated2\615.png,86,14
2643,_separated2,../data/Cerrado_trees.v1i.coco/_separated2\616.png,286,296
2644,_separated2,../data/Cerrado_trees.v1i.coco/_separated2\617.png,264,126
2645,_separated2,../data/Cerrado_trees.v1i.coco/_separated2\618.png,331,195
2646,_separated2,../data/Cerrado_trees.v1i.coco/_separated2\619.png,78,31
2647,_separated2,../data/Cerrado_trees.v1i.coco/_separated2\62.png,116,59
2648,_separated2,../data/Cerrado_trees.v1i.coco/_separated2\620.png,125,89
2649,_separated2,../data/Cerrado_trees.v1i.coco/_separated2\621.png,84,125
2650,_separated2,../data/Cerrado_trees.v1i.coco/_separated2\622.png,465,398
2651,_separated2,../data/Cerrado_trees.v1i.coco/_separated2\623.png,297,473
2652,_separated2,../data/Cerrado_trees.v1i.coco/_separated2\624.png,324,228
2653,_separated2,../data/Cerrado_trees.v1i.coco/_separated2\625.png,19,15
2654,_separated2,../data/Cerrado_trees.v1i.coco/_separated2\626.png,188,175
2655,_separated2,../data/Cerrado_trees.v1i.coco/_separated2\627.png,72,96
2656,_separated2,../data/Cerrado_trees.v1i.coco/_separated2\628.png,473,142
2657,_separated2,../data/Cerrado_trees.v1i.coco/_separated2\629.png,468,481
2658,_separated2,../data/Cerrado_trees.v1i.coco/_separated2\63.png,191,160
2659,_separated2,../data/Cerrado_trees.v1i.coco/_separated2\630.png,260,95
2660,_separated2,../data/Cerrado_trees.v1i.coco/_separated2\631.png,182,473
2661,_separated2,../data/Cerrado_trees.v1i.coco/_separated2\632.png,73,89
2662,_separated2,../data/Cerrado_trees.v1i.coco/_separated2\633.png,192,382
2663,_separated2,../data/Cerrado_trees.v1i.coco/_separated2\634.png,650,430
2664,_separated2,../data/Cerrado_trees.v1i.coco/_separated2\635.png,296,235
2665,_separated2,../data/Cerrado_trees.v1i.coco/_separated2\636.png,60,29
2666,_separated2,../data/Cerrado_trees.v1i.coco/_separated2\637.png,141,113
2667,_separated2,../data/Cerrado_trees.v1i.coco/_separated2\638.png,317,557
2668,_separated2,../data/Cerrado_trees.v1i.coco/_separated2\639.png,246,386
2669,_separated2,../data/Cerrado_trees.v1i.coco/_separated2\64.png,109,93
2670,_separated2,../data/Cerrado_trees.v1i.coco/_separated2\640.png,419,247
2671,_separated2,../data/Cerrado_trees.v1i.coco/_separated2\641.png,178,69
2672,_separated2,../data/Cerrado_trees.v1i.coco/_separated2\642.png,63,3
2673,_separated2,../data/Cerrado_trees.v1i.coco/_separated2\643.png,100,114
2674,_separated2,../data/Cerrado_trees.v1i.coco/_separated2\644.png,78,78
2675,_separated2,../data/Cerrado_trees.v1i.coco/_separated2\645.png,130,145
2676,_separated2,../data/Cerrado_trees.v1i.coco/_separated2\646.png,365,171
2677,_separated2,../data/Cerrado_trees.v1i.coco/_separated2\647.png,214,380
2678,_separated2,../data/Cerrado_trees.v1i.coco/_separated2\648.png,467,159
2679,_separated2,../data/Cerrado_trees.v1i.coco/_separated2\649.png,237,321
2680,_separated2,../data/Cerrado_trees.v1i.coco/_separated2\65.png,244,163
2681,_separated2,../data/Cerrado_trees.v1i.coco/_separated2\650.png,454,556
2682,_separated2,../data/Cerrado_trees.v1i.coco/_separated2\651.png,56,87
2683,_separated2,../data/Cerrado_trees.v1i.coco/_separated2\652.png,223,217
2684,_separated2,../data/Cerrado_trees.v1i.coco/_separated2\653.png,466,410
2685,_separated2,../data/Cerrado_trees.v1i.coco/_separated2\654.png,234,237
2686,_separated2,../data/Cerrado_trees.v1i.coco/_separated2\655.png,180,86
2687,_separated2,../data/Cerrado_trees.v1i.coco/_separated2\656.png,296,283
2688,_separated2,../data/Cerrado_trees.v1i.coco/_separated2\657.png,75,76
2689,_separated2,../data/Cerrado_trees.v1i.coco/_separated2\658.png,26,2
2690,_separated2,../data/Cerrado_trees.v1i.coco/_separated2\659.png,422,558
2691,_separated2,../data/Cerrado_trees.v1i.coco/_separated2\66.png,243,511
2692,_separated2,../data/Cerrado_trees.v1i.coco/_separated2\660.png,112,111
2693,_separated2,../data/Cerrado_trees.v1i.coco/_separated2\661.png,309,316
2694,_separated2,../data/Cerrado_trees.v1i.coco/_separated2\662.png,146,225
2695,_separated2,../data/Cerrado_trees.v1i.coco/_separated2\663.png,20,51
2696,_separated2,../data/Cerrado_trees.v1i.coco/_separated2\664.png,307,278
2697,_separated2,../data/Cerrado_trees.v1i.coco/_separated2\665.png,71,100
2698,_separated2,../data/Cerrado_trees.v1i.coco/_separated2\666.png,202,182
2699,_separated2,../data/Cerrado_trees.v1i.coco/_separated2\667.png,720,652
2700,_separated2,../data/Cerrado_trees.v1i.coco/_separated2\668.png,216,213
2701,_separated2,../data/Cerrado_trees.v1i.coco/_separated2\669.png,177,64
2702,_separated2,../data/Cerrado_trees.v1i.coco/_separated2\67.png,165,168
2703,_separated2,../data/Cerrado_trees.v1i.coco/_separated2\670.png,239,385
2704,_separated2,../data/Cerrado_trees.v1i.coco/_separated2\671.png,221,575
2705,_separated2,../data/Cerrado_trees.v1i.coco/_separated2\672.png,316,309
2706,_separated2,../data/Cerrado_trees.v1i.coco/_separated2\673.png,57,86
2707,_separated2,../data/Cerrado_trees.v1i.coco/_separated2\674.png,499,406
2708,_separated2,../data/Cerrado_trees.v1i.coco/_separated2\675.png,374,180
2709,_separated2,../data/Cerrado_trees.v1i.coco/_separated2\676.png,3,62
2710,_separated2,../data/Cerrado_trees.v1i.coco/_separated2\677.png,504,219
2711,_separated2,../data/Cerrado_trees.v1i.coco/_separated2\678.png,1,4
2712,_separated2,../data/Cerrado_trees.v1i.coco/_separated2\679.png,262,258
2713,_separated2,../data/Cerrado_trees.v1i.coco/_separated2\68.png,625,441
2714,_separated2,../data/Cerrado_trees.v1i.coco/_separated2\680.png,294,245
2715,_separated2,../data/Cerrado_trees.v1i.coco/_separated2\681.png,159,67
2716,_separated2,../data/Cerrado_trees.v1i.coco/_separated2\682.png,32,130
2717,_separated2,../data/Cerrado_trees.v1i.coco/_separated2\683.png,37,11
2718,_separated2,../data/Cerrado_trees.v1i.coco/_separated2\684.png,405,112
2719,_separated2,../data/Cerrado_trees.v1i.coco/_separated2\685.png,99,100
2720,_separated2,../data/Cerrado_trees.v1i.coco/_separated2\686.png,29,130
2721,_separated2,../data/Cerrado_trees.v1i.coco/_separated2\687.png,547,136
2722,_separated2,../data/Cerrado_trees.v1i.coco/_separated2\688.png,448,217
2723,_separated2,../data/Cerrado_trees.v1i.coco/_separated2\689.png,532,401
2724,_separated2,../data/Cerrado_trees.v1i.coco/_separated2\69.png,301,695
2725,_separated2,../data/Cerrado_trees.v1i.coco/_separated2\690.png,16,72
2726,_separated2,../data/Cerrado_trees.v1i.coco/_separated2\691.png,206,152
2727,_separated2,../data/Cerrado_trees.v1i.coco/_separated2\692.png,274,297
2728,_separated2,../data/Cerrado_trees.v1i.coco/_separated2\693.png,50,32
2729,_separated2,../data/Cerrado_trees.v1i.coco/_separated2\694.png,66,82
2730,_separated2,../data/Cerrado_trees.v1i.coco/_separated2\695.png,335,154
2731,_separated2,../data/Cerrado_trees.v1i.coco/_separated2\696.png,189,361
2732,_separated2,../data/Cerrado_trees.v1i.coco/_separated2\697.png,223,130
2733,_separated2,../data/Cerrado_trees.v1i.coco/_separated2\698.png,164,194
2734,_separated2,../data/Cerrado_trees.v1i.coco/_separated2\699.png,308,314
2735,_separated2,../data/Cerrado_trees.v1i.coco/_separated2\7.png,452,786
2736,_separated2,../data/Cerrado_trees.v1i.coco/_separated2\70.png,338,112
2737,_separated2,../data/Cerrado_trees.v1i.coco/_separated2\700.png,288,679
2738,_separated2,../data/Cerrado_trees.v1i.coco/_separated2\701.png,181,244
2739,_separated2,../data/Cerrado_trees.v1i.coco/_separated2\702.png,600,617
2740,_separated2,../data/Cerrado_trees.v1i.coco/_separated2\703.png,359,356
2741,_separated2,../data/Cerrado_trees.v1i.coco/_separated2\704.png,526,254
2742,_separated2,../data/Cerrado_trees.v1i.coco/_separated2\705.png,111,161
2743,_separated2,../data/Cerrado_trees.v1i.coco/_separated2\706.png,66,173
2744,_separated2,../data/Cerrado_trees.v1i.coco/_separated2\707.png,97,116
2745,_separated2,../data/Cerrado_trees.v1i.coco/_separated2\708.png,578,435
2746,_separated2,../data/Cerrado_trees.v1i.coco/_separated2\709.png,598,641
2747,_separated2,../data/Cerrado_trees.v1i.coco/_separated2\71.png,74,76
2748,_separated2,../data/Cerrado_trees.v1i.coco/_separated2\710.png,206,164
2749,_separated2,../data/Cerrado_trees.v1i.coco/_separated2\711.png,240,228
2750,_separated2,../data/Cerrado_trees.v1i.coco/_separated2\712.png,261,288
2751,_separated2,../data/Cerrado_trees.v1i.coco/_separated2\713.png,169,140
2752,_separated2,../data/Cerrado_trees.v1i.coco/_separated2\714.png,536,607
2753,_separated2,../data/Cerrado_trees.v1i.coco/_separated2\715.png,585,216
2754,_separated2,../data/Cerrado_trees.v1i.coco/_separated2\716.png,339,240
2755,_separated2,../data/Cerrado_trees.v1i.coco/_separated2\717.png,66,104
2756,_separated2,../data/Cerrado_trees.v1i.coco/_separated2\718.png,621,1017
2757,_separated2,../data/Cerrado_trees.v1i.coco/_separated2\719.png,175,85
2758,_separated2,../data/Cerrado_trees.v1i.coco/_separated2\72.png,323,950
2759,_separated2,../data/Cerrado_trees.v1i.coco/_separated2\720.png,887,608
2760,_separated2,../data/Cerrado_trees.v1i.coco/_separated2\721.png,927,331
2761,_separated2,../data/Cerrado_trees.v1i.coco/_separated2\722.png,154,144
2762,_separated2,../data/Cerrado_trees.v1i.coco/_separated2\723.png,120,104
2763,_separated2,../data/Cerrado_trees.v1i.coco/_separated2\724.png,98,92
2764,_separated2,../data/Cerrado_trees.v1i.coco/_separated2\725.png,83,90
2765,_separated2,../data/Cerrado_trees.v1i.coco/_separated2\726.png,344,209
2766,_separated2,../data/Cerrado_trees.v1i.coco/_separated2\727.png,121,111
2767,_separated2,../data/Cerrado_trees.v1i.coco/_separated2\728.png,175,238
2768,_separated2,../data/Cerrado_trees.v1i.coco/_separated2\729.png,544,356
2769,_separated2,../data/Cerrado_trees.v1i.coco/_separated2\73.png,381,331
2770,_separated2,../data/Cerrado_trees.v1i.coco/_separated2\730.png,90,242
2771,_separated2,../data/Cerrado_trees.v1i.coco/_separated2\731.png,165,214
2772,_separated2,../data/Cerrado_trees.v1i.coco/_separated2\732.png,248,152
2773,_separated2,../data/Cerrado_trees.v1i.coco/_separated2\733.png,93,404
2774,_separated2,../data/Cerrado_trees.v1i.coco/_separated2\734.png,523,350
2775,_separated2,../data/Cerrado_trees.v1i.coco/_separated2\735.png,570,774
2776,_separated2,../data/Cerrado_trees.v1i.coco/_separated2\736.png,152,144
2777,_separated2,../data/Cerrado_trees.v1i.coco/_separated2\737.png,110,112
2778,_separated2,../data/Cerrado_trees.v1i.coco/_separated2\738.png,802,992
2779,_separated2,../data/Cerrado_trees.v1i.coco/_separated2\739.png,94,212
2780,_separated2,../data/Cerrado_trees.v1i.coco/_separated2\74.png,22,74
2781,_separated2,../data/Cerrado_trees.v1i.coco/_separated2\740.png,200,63
2782,_separated2,../data/Cerrado_trees.v1i.coco/_separated2\741.png,167,137
2783,_separated2,../data/Cerrado_trees.v1i.coco/_separated2\742.png,111,120
2784,_separated2,../data/Cerrado_trees.v1i.coco/_separated2\743.png,4,2
2785,_separated2,../data/Cerrado_trees.v1i.coco/_separated2\744.png,149,112
2786,_separated2,../data/Cerrado_trees.v1i.coco/_separated2\745.png,214,99
2787,_separated2,../data/Cerrado_trees.v1i.coco/_separated2\746.png,137,152
2788,_separated2,../data/Cerrado_trees.v1i.coco/_separated2\747.png,478,647
2789,_separated2,../data/Cerrado_trees.v1i.coco/_separated2\748.png,147,193
2790,_separated2,../data/Cerrado_trees.v1i.coco/_separated2\749.png,452,674
2791,_separated2,../data/Cerrado_trees.v1i.coco/_separated2\75.png,613,240
2792,_separated2,../data/Cerrado_trees.v1i.coco/_separated2\750.png,257,246
2793,_separated2,../data/Cerrado_trees.v1i.coco/_separated2\751.png,113,110
2794,_separated2,../data/Cerrado_trees.v1i.coco/_separated2\752.png,191,173
2795,_separated2,../data/Cerrado_trees.v1i.coco/_separated2\753.png,299,209
2796,_separated2,../data/Cerrado_trees.v1i.coco/_separated2\754.png,217,89
2797,_separated2,../data/Cerrado_trees.v1i.coco/_separated2\755.png,17,10
2798,_separated2,../data/Cerrado_trees.v1i.coco/_separated2\756.png,49,137
2799,_separated2,../data/Cerrado_trees.v1i.coco/_separated2\757.png,391,267
2800,_separated2,../data/Cerrado_trees.v1i.coco/_separated2\758.png,19,167
2801,_separated2,../data/Cerrado_trees.v1i.coco/_separated2\759.png,252,231
2802,_separated2,../data/Cerrado_trees.v1i.coco/_separated2\76.png,1023,987
2803,_separated2,../data/Cerrado_trees.v1i.coco/_separated2\760.png,885,633
2804,_separated2,../data/Cerrado_trees.v1i.coco/_separated2\761.png,346,391
2805,_separated2,../data/Cerrado_trees.v1i.coco/_separated2\762.png,371,271
2806,_separated2,../data/Cerrado_trees.v1i.coco/_separated2\763.png,131,346
2807,_separated2,../data/Cerrado_trees.v1i.coco/_separated2\764.png,747,691
2808,_separated2,../data/Cerrado_trees.v1i.coco/_separated2\765.png,336,643
2809,_separated2,../data/Cerrado_trees.v1i.coco/_separated2\766.png,478,995
2810,_separated2,../data/Cerrado_trees.v1i.coco/_separated2\767.png,380,267
2811,_separated2,../data/Cerrado_trees.v1i.coco/_separated2\768.png,680,688
2812,_separated2,../data/Cerrado_trees.v1i.coco/_separated2\769.png,348,438
2813,_separated2,../data/Cerrado_trees.v1i.coco/_separated2\77.png,169,170
2814,_separated2,../data/Cerrado_trees.v1i.coco/_separated2\770.png,232,240
2815,_separated2,../data/Cerrado_trees.v1i.coco/_separated2\771.png,272,133
2816,_separated2,../data/Cerrado_trees.v1i.coco/_separated2\772.png,37,46
2817,_separated2,../data/Cerrado_trees.v1i.coco/_separated2\773.png,734,708
2818,_separated2,../data/Cerrado_trees.v1i.coco/_separated2\774.png,68,79
2819,_separated2,../data/Cerrado_trees.v1i.coco/_separated2\775.png,90,86
2820,_separated2,../data/Cerrado_trees.v1i.coco/_separated2\776.png,352,358
2821,_separated2,../data/Cerrado_trees.v1i.coco/_separated2\777.png,165,191
2822,_separated2,../data/Cerrado_trees.v1i.coco/_separated2\778.png,38,23
2823,_separated2,../data/Cerrado_trees.v1i.coco/_separated2\779.png,453,676
2824,_separated2,../data/Cerrado_trees.v1i.coco/_separated2\78.png,641,1011
2825,_separated2,../data/Cerrado_trees.v1i.coco/_separated2\780.png,79,170
2826,_separated2,../data/Cerrado_trees.v1i.coco/_separated2\781.png,104,68
2827,_separated2,../data/Cerrado_trees.v1i.coco/_separated2\782.png,178,74
2828,_separated2,../data/Cerrado_trees.v1i.coco/_separated2\783.png,417,444
2829,_separated2,../data/Cerrado_trees.v1i.coco/_separated2\784.png,135,241
2830,_separated2,../data/Cerrado_trees.v1i.coco/_separated2\785.png,204,151
2831,_separated2,../data/Cerrado_trees.v1i.coco/_separated2\786.png,474,415
2832,_separated2,../data/Cerrado_trees.v1i.coco/_separated2\787.png,404,382
2833,_separated2,../data/Cerrado_trees.v1i.coco/_separated2\788.png,765,426
2834,_separated2,../data/Cerrado_trees.v1i.coco/_separated2\789.png,859,769
2835,_separated2,../data/Cerrado_trees.v1i.coco/_separated2\79.png,274,240
2836,_separated2,../data/Cerrado_trees.v1i.coco/_separated2\790.png,241,346
2837,_separated2,../data/Cerrado_trees.v1i.coco/_separated2\791.png,762,897
2838,_separated2,../data/Cerrado_trees.v1i.coco/_separated2\792.png,67,79
2839,_separated2,../data/Cerrado_trees.v1i.coco/_separated2\793.png,175,102
2840,_separated2,../data/Cerrado_trees.v1i.coco/_separated2\794.png,162,59
2841,_separated2,../data/Cerrado_trees.v1i.coco/_separated2\795.png,360,384
2842,_separated2,../data/Cerrado_trees.v1i.coco/_separated2\796.png,129,139
2843,_separated2,../data/Cerrado_trees.v1i.coco/_separated2\797.png,456,636
2844,_separated2,../data/Cerrado_trees.v1i.coco/_separated2\798.png,776,821
2845,_separated2,../data/Cerrado_trees.v1i.coco/_separated2\799.png,108,27
2846,_separated2,../data/Cerrado_trees.v1i.coco/_separated2\8.png,36,53
2847,_separated2,../data/Cerrado_trees.v1i.coco/_separated2\80.png,775,398
2848,_separated2,../data/Cerrado_trees.v1i.coco/_separated2\800.png,240,228
2849,_separated2,../data/Cerrado_trees.v1i.coco/_separated2\801.png,225,216
2850,_separated2,../data/Cerrado_trees.v1i.coco/_separated2\802.png,151,210
2851,_separated2,../data/Cerrado_trees.v1i.coco/_separated2\803.png,318,309
2852,_separated2,../data/Cerrado_trees.v1i.coco/_separated2\804.png,824,410
2853,_separated2,../data/Cerrado_trees.v1i.coco/_separated2\805.png,66,200
2854,_separated2,../data/Cerrado_trees.v1i.coco/_separated2\806.png,152,137
2855,_separated2,../data/Cerrado_trees.v1i.coco/_separated2\807.png,151,113
2856,_separated2,../data/Cerrado_trees.v1i.coco/_separated2\808.png,97,115
2857,_separated2,../data/Cerrado_trees.v1i.coco/_separated2\809.png,228,61
2858,_separated2,../data/Cerrado_trees.v1i.coco/_separated2\81.png,77,51
2859,_separated2,../data/Cerrado_trees.v1i.coco/_separated2\810.png,215,289
2860,_separated2,../data/Cerrado_trees.v1i.coco/_separated2\811.png,390,296
2861,_separated2,../data/Cerrado_trees.v1i.coco/_separated2\812.png,343,544
2862,_separated2,../data/Cerrado_trees.v1i.coco/_separated2\813.png,153,209
2863,_separated2,../data/Cerrado_trees.v1i.coco/_separated2\814.png,283,207
2864,_separated2,../data/Cerrado_trees.v1i.coco/_separated2\815.png,32,241
2865,_separated2,../data/Cerrado_trees.v1i.coco/_separated2\816.png,101,212
2866,_separated2,../data/Cerrado_trees.v1i.coco/_separated2\817.png,134,275
2867,_separated2,../data/Cerrado_trees.v1i.coco/_separated2\818.png,318,601
2868,_separated2,../data/Cerrado_trees.v1i.coco/_separated2\819.png,347,176
2869,_separated2,../data/Cerrado_trees.v1i.coco/_separated2\82.png,220,119
2870,_separated2,../data/Cerrado_trees.v1i.coco/_separated2\820.png,30,93
2871,_separated2,../data/Cerrado_trees.v1i.coco/_separated2\821.png,106,52
2872,_separated2,../data/Cerrado_trees.v1i.coco/_separated2\822.png,68,81
2873,_separated2,../data/Cerrado_trees.v1i.coco/_separated2\823.png,131,139
2874,_separated2,../data/Cerrado_trees.v1i.coco/_separated2\824.png,171,470
2875,_separated2,../data/Cerrado_trees.v1i.coco/_separated2\825.png,556,640
2876,_separated2,../data/Cerrado_trees.v1i.coco/_separated2\826.png,617,727
2877,_separated2,../data/Cerrado_trees.v1i.coco/_separated2\827.png,151,224
2878,_separated2,../data/Cerrado_trees.v1i.coco/_separated2\828.png,201,90
2879,_separated2,../data/Cerrado_trees.v1i.coco/_separated2\829.png,399,154
2880,_separated2,../data/Cerrado_trees.v1i.coco/_separated2\83.png,193,183
2881,_separated2,../data/Cerrado_trees.v1i.coco/_separated2\830.png,273,272
2882,_separated2,../data/Cerrado_trees.v1i.coco/_separated2\831.png,326,523
2883,_separated2,../data/Cerrado_trees.v1i.coco/_separated2\832.png,373,269
2884,_separated2,../data/Cerrado_trees.v1i.coco/_separated2\833.png,444,540
2885,_separated2,../data/Cerrado_trees.v1i.coco/_separated2\834.png,571,306
2886,_separated2,../data/Cerrado_trees.v1i.coco/_separated2\835.png,166,191
2887,_separated2,../data/Cerrado_trees.v1i.coco/_separated2\836.png,82,173
2888,_separated2,../data/Cerrado_trees.v1i.coco/_separated2\837.png,763,649
2889,_separated2,../data/Cerrado_trees.v1i.coco/_separated2\838.png,772,864
2890,_separated2,../data/Cerrado_trees.v1i.coco/_separated2\839.png,152,144
2891,_separated2,../data/Cerrado_trees.v1i.coco/_separated2\84.png,261,403
2892,_separated2,../data/Cerrado_trees.v1i.coco/_separated2\840.png,84,89
2893,_separated2,../data/Cerrado_trees.v1i.coco/_separated2\841.png,516,646
2894,_separated2,../data/Cerrado_trees.v1i.coco/_separated2\842.png,822,410
2895,_separated2,../data/Cerrado_trees.v1i.coco/_separated2\843.png,819,441
2896,_separated2,../data/Cerrado_trees.v1i.coco/_separated2\844.png,219,300
2897,_separated2,../data/Cerrado_trees.v1i.coco/_separated2\845.png,240,340
2898,_separated2,../data/Cerrado_trees.v1i.coco/_separated2\846.png,462,144
2899,_separated2,../data/Cerrado_trees.v1i.coco/_separated2\847.png,678,702
2900,_separated2,../data/Cerrado_trees.v1i.coco/_separated2\848.png,455,573
2901,_separated2,../data/Cerrado_trees.v1i.coco/_separated2\849.png,75,64
2902,_separated2,../data/Cerrado_trees.v1i.coco/_separated2\85.png,92,116
2903,_separated2,../data/Cerrado_trees.v1i.coco/_separated2\850.png,33,28
2904,_separated2,../data/Cerrado_trees.v1i.coco/_separated2\851.png,27,33
2905,_separated2,../data/Cerrado_trees.v1i.coco/_separated2\852.png,175,144
2906,_separated2,../data/Cerrado_trees.v1i.coco/_separated2\853.png,126,349
2907,_separated2,../data/Cerrado_trees.v1i.coco/_separated2\854.png,347,353
2908,_separated2,../data/Cerrado_trees.v1i.coco/_separated2\855.png,140,121
2909,_separated2,../data/Cerrado_trees.v1i.coco/_separated2\856.png,17,78
2910,_separated2,../data/Cerrado_trees.v1i.coco/_separated2\857.png,617,893
2911,_separated2,../data/Cerrado_trees.v1i.coco/_separated2\858.png,168,133
2912,_separated2,../data/Cerrado_trees.v1i.coco/_separated2\859.png,10,16
2913,_separated2,../data/Cerrado_trees.v1i.coco/_separated2\86.png,263,552
2914,_separated2,../data/Cerrado_trees.v1i.coco/_separated2\860.png,680,452
2915,_separated2,../data/Cerrado_trees.v1i.coco/_separated2\861.png,287,120
2916,_separated2,../data/Cerrado_trees.v1i.coco/_separated2\862.png,111,160
2917,_separated2,../data/Cerrado_trees.v1i.coco/_separated2\863.png,57,161
2918,_separated2,../data/Cerrado_trees.v1i.coco/_separated2\864.png,113,116
2919,_separated2,../data/Cerrado_trees.v1i.coco/_separated2\865.png,117,114
2920,_separated2,../data/Cerrado_trees.v1i.coco/_separated2\866.png,209,151
2921,_separated2,../data/Cerrado_trees.v1i.coco/_separated2\867.png,205,162
2922,_separated2,../data/Cerrado_trees.v1i.coco/_separated2\868.png,242,85
2923,_separated2,../data/Cerrado_trees.v1i.coco/_separated2\869.png,443,445
2924,_separated2,../data/Cerrado_trees.v1i.coco/_separated2\87.png,131,146
2925,_separated2,../data/Cerrado_trees.v1i.coco/_separated2\870.png,300,214
2926,_separated2,../data/Cerrado_trees.v1i.coco/_separated2\871.png,225,48
2927,_separated2,../data/Cerrado_trees.v1i.coco/_separated2\872.png,148,147
2928,_separated2,../data/Cerrado_trees.v1i.coco/_separated2\873.png,356,453
2929,_separated2,../data/Cerrado_trees.v1i.coco/_separated2\874.png,382,375
2930,_separated2,../data/Cerrado_trees.v1i.coco/_separated2\875.png,5,2
2931,_separated2,../data/Cerrado_trees.v1i.coco/_separated2\876.png,165,190
2932,_separated2,../data/Cerrado_trees.v1i.coco/_separated2\877.png,120,97
2933,_separated2,../data/Cerrado_trees.v1i.coco/_separated2\878.png,742,635
2934,_separated2,../data/Cerrado_trees.v1i.coco/_separated2\879.png,172,98
2935,_separated2,../data/Cerrado_trees.v1i.coco/_separated2\88.png,428,698
2936,_separated2,../data/Cerrado_trees.v1i.coco/_separated2\880.png,83,44
2937,_separated2,../data/Cerrado_trees.v1i.coco/_separated2\881.png,447,522
2938,_separated2,../data/Cerrado_trees.v1i.coco/_separated2\882.png,713,551
2939,_separated2,../data/Cerrado_trees.v1i.coco/_separated2\883.png,121,121
2940,_separated2,../data/Cerrado_trees.v1i.coco/_separated2\884.png,53,14
2941,_separated2,../data/Cerrado_trees.v1i.coco/_separated2\885.png,86,173
2942,_separated2,../data/Cerrado_trees.v1i.coco/_separated2\886.png,67,104
2943,_separated2,../data/Cerrado_trees.v1i.coco/_separated2\887.png,166,142
2944,_separated2,../data/Cerrado_trees.v1i.coco/_separated2\888.png,215,163
2945,_separated2,../data/Cerrado_trees.v1i.coco/_separated2\889.png,159,51
2946,_separated2,../data/Cerrado_trees.v1i.coco/_separated2\89.png,55,31
2947,_separated2,../data/Cerrado_trees.v1i.coco/_separated2\890.png,218,345
2948,_separated2,../data/Cerrado_trees.v1i.coco/_separated2\891.png,431,332
2949,_separated2,../data/Cerrado_trees.v1i.coco/_separated2\892.png,271,371
2950,_separated2,../data/Cerrado_trees.v1i.coco/_separated2\893.png,154,245
2951,_separated2,../data/Cerrado_trees.v1i.coco/_separated2\894.png,79,68
2952,_separated2,../data/Cerrado_trees.v1i.coco/_separated2\895.png,898,590
2953,_separated2,../data/Cerrado_trees.v1i.coco/_separated2\896.png,111,341
2954,_separated2,../data/Cerrado_trees.v1i.coco/_separated2\897.png,104,121
2955,_separated2,../data/Cerrado_trees.v1i.coco/_separated2\898.png,203,300
2956,_separated2,../data/Cerrado_trees.v1i.coco/_separated2\899.png,144,365
2957,_separated2,../data/Cerrado_trees.v1i.coco/_separated2\9.png,537,376
2958,_separated2,../data/Cerrado_trees.v1i.coco/_separated2\90.png,281,434
2959,_separated2,../data/Cerrado_trees.v1i.coco/_separated2\900.png,635,900
2960,_separated2,../data/Cerrado_trees.v1i.coco/_separated2\901.png,543,286
2961,_separated2,../data/Cerrado_trees.v1i.coco/_separated2\902.png,458,633
2962,_separated2,../data/Cerrado_trees.v1i.coco/_separated2\903.png,274,139
2963,_separated2,../data/Cerrado_trees.v1i.coco/_separated2\904.png,111,121
2964,_separated2,../data/Cerrado_trees.v1i.coco/_separated2\905.png,166,99
2965,_separated2,../data/Cerrado_trees.v1i.coco/_separated2\906.png,642,657
2966,_separated2,../data/Cerrado_trees.v1i.coco/_separated2\907.png,258,233
2967,_separated2,../data/Cerrado_trees.v1i.coco/_separated2\908.png,424,310
2968,_separated2,../data/Cerrado_trees.v1i.coco/_separated2\909.png,337,246
2969,_separated2,../data/Cerrado_trees.v1i.coco/_separated2\91.png,114,105
2970,_separated2,../data/Cerrado_trees.v1i.coco/_separated2\910.png,199,348
2971,_separated2,../data/Cerrado_trees.v1i.coco/_separated2\911.png,752,899
2972,_separated2,../data/Cerrado_trees.v1i.coco/_separated2\912.png,266,417
2973,_separated2,../data/Cerrado_trees.v1i.coco/_separated2\913.png,110,113
2974,_separated2,../data/Cerrado_trees.v1i.coco/_separated2\914.png,675,1019
2975,_separated2,../data/Cerrado_trees.v1i.coco/_separated2\915.png,429,68
2976,_separated2,../data/Cerrado_trees.v1i.coco/_separated2\916.png,710,738
2977,_separated2,../data/Cerrado_trees.v1i.coco/_separated2\917.png,51,144
2978,_separated2,../data/Cerrado_trees.v1i.coco/_separated2\918.png,293,420
2979,_separated2,../data/Cerrado_trees.v1i.coco/_separated2\919.png,543,601
2980,_separated2,../data/Cerrado_trees.v1i.coco/_separated2\92.png,154,152
2981,_separated2,../data/Cerrado_trees.v1i.coco/_separated2\920.png,341,368
2982,_separated2,../data/Cerrado_trees.v1i.coco/_separated2\921.png,55,160
2983,_separated2,../data/Cerrado_trees.v1i.coco/_separated2\922.png,283,273
2984,_separated2,../data/Cerrado_trees.v1i.coco/_separated2\923.png,177,83
2985,_separated2,../data/Cerrado_trees.v1i.coco/_separated2\924.png,15,78
2986,_separated2,../data/Cerrado_trees.v1i.coco/_separated2\925.png,359,190
2987,_separated2,../data/Cerrado_trees.v1i.coco/_separated2\926.png,94,82
2988,_separated2,../data/Cerrado_trees.v1i.coco/_separated2\927.png,523,315
2989,_separated2,../data/Cerrado_trees.v1i.coco/_separated2\928.png,116,113
2990,_separated2,../data/Cerrado_trees.v1i.coco/_separated2\929.png,141,158
2991,_separated2,../data/Cerrado_trees.v1i.coco/_separated2\93.png,427,232
2992,_separated2,../data/Cerrado_trees.v1i.coco/_separated2\930.png,948,518
2993,_separated2,../data/Cerrado_trees.v1i.coco/_separated2\931.png,130,137
2994,_separated2,../data/Cerrado_trees.v1i.coco/_separated2\932.png,246,38
2995,_separated2,../data/Cerrado_trees.v1i.coco/_separated2\933.png,209,310
2996,_separated2,../data/Cerrado_trees.v1i.coco/_separated2\934.png,278,563
2997,_separated2,../data/Cerrado_trees.v1i.coco/_separated2\935.png,154,197
2998,_separated2,../data/Cerrado_trees.v1i.coco/_separated2\936.png,2,3
2999,_separated2,../data/Cerrado_trees.v1i.coco/_separated2\937.png,362,304
3000,_separated2,../data/Cerrado_trees.v1i.coco/_separated2\938.png,213,425
3001,_separated2,../data/Cerrado_trees.v1i.coco/_separated2\939.png,84,90
3002,_separated2,../data/Cerrado_trees.v1i.coco/_separated2\94.png,235,150
3003,_separated2,../data/Cerrado_trees.v1i.coco/_separated2\940.png,121,140
3004,_separated2,../data/Cerrado_trees.v1i.coco/_separated2\941.png,636,430
3005,_separated2,../data/Cerrado_trees.v1i.coco/_separated2\942.png,114,224
3006,_separated2,../data/Cerrado_trees.v1i.coco/_separated2\943.png,175,83
3007,_separated2,../data/Cerrado_trees.v1i.coco/_separated2\944.png,480,420
3008,_separated2,../data/Cerrado_trees.v1i.coco/_separated2\945.png,260,214
3009,_separated2,../data/Cerrado_trees.v1i.coco/_separated2\946.png,238,174
3010,_separated2,../data/Cerrado_trees.v1i.coco/_separated2\947.png,40,44
3011,_separated2,../data/Cerrado_trees.v1i.coco/_separated2\948.png,752,551
3012,_separated2,../data/Cerrado_trees.v1i.coco/_separated2\949.png,160,110
3013,_separated2,../data/Cerrado_trees.v1i.coco/_separated2\95.png,264,59
3014,_separated2,../data/Cerrado_trees.v1i.coco/_separated2\950.png,475,409
3015,_separated2,../data/Cerrado_trees.v1i.coco/_separated2\951.png,138,130
3016,_separated2,../data/Cerrado_trees.v1i.coco/_separated2\952.png,138,238
3017,_separated2,../data/Cerrado_trees.v1i.coco/_separated2\953.png,677,564
3018,_separated2,../data/Cerrado_trees.v1i.coco/_separated2\954.png,116,97
3019,_separated2,../data/Cerrado_trees.v1i.coco/_separated2\955.png,122,133
3020,_separated2,../data/Cerrado_trees.v1i.coco/_separated2\956.png,81,66
3021,_separated2,../data/Cerrado_trees.v1i.coco/_separated2\957.png,502,477
3022,_separated2,../data/Cerrado_trees.v1i.coco/_separated2\958.png,3,2
3023,_separated2,../data/Cerrado_trees.v1i.coco/_separated2\959.png,203,162
3024,_separated2,../data/Cerrado_trees.v1i.coco/_separated2\96.png,303,152
3025,_separated2,../data/Cerrado_trees.v1i.coco/_separated2\960.png,721,687
3026,_separated2,../data/Cerrado_trees.v1i.coco/_separated2\961.png,82,198
3027,_separated2,../data/Cerrado_trees.v1i.coco/_separated2\962.png,491,664
3028,_separated2,../data/Cerrado_trees.v1i.coco/_separated2\963.png,760,444
3029,_separated2,../data/Cerrado_trees.v1i.coco/_separated2\964.png,396,399
3030,_separated2,../data/Cerrado_trees.v1i.coco/_separated2\965.png,64,143
3031,_separated2,../data/Cerrado_trees.v1i.coco/_separated2\966.png,311,308
3032,_separated2,../data/Cerrado_trees.v1i.coco/_separated2\967.png,209,156
3033,_separated2,../data/Cerrado_trees.v1i.coco/_separated2\968.png,547,471
3034,_separated2,../data/Cerrado_trees.v1i.coco/_separated2\969.png,587,679
3035,_separated2,../data/Cerrado_trees.v1i.coco/_separated2\97.png,198,89
3036,_separated2,../data/Cerrado_trees.v1i.coco/_separated2\970.png,217,104
3037,_separated2,../data/Cerrado_trees.v1i.coco/_separated2\971.png,237,148
3038,_separated2,../data/Cerrado_trees.v1i.coco/_separated2\972.png,723,689
3039,_separated2,../data/Cerrado_trees.v1i.coco/_separated2\973.png,265,216
3040,_separated2,../data/Cerrado_trees.v1i.coco/_separated2\974.png,728,613
3041,_separated2,../data/Cerrado_trees.v1i.coco/_separated2\975.png,104,121
3042,_separated2,../data/Cerrado_trees.v1i.coco/_separated2\976.png,85,201
3043,_separated2,../data/Cerrado_trees.v1i.coco/_separated2\977.png,421,462
3044,_separated2,../data/Cerrado_trees.v1i.coco/_separated2\978.png,90,83
3045,_separated2,../data/Cerrado_trees.v1i.coco/_separated2\979.png,43,6
3046,_separated2,../data/Cerrado_trees.v1i.coco/_separated2\98.png,259,245
3047,_separated2,../data/Cerrado_trees.v1i.coco/_separated2\980.png,220,311
3048,_separated2,../data/Cerrado_trees.v1i.coco/_separated2\981.png,102,181
3049,_separated2,../data/Cerrado_trees.v1i.coco/_separated2\982.png,861,802
3050,_separated2,../data/Cerrado_trees.v1i.coco/_separated2\983.png,394,795
3051,_separated2,../data/Cerrado_trees.v1i.coco/_separated2\984.png,387,372
3052,_separated2,../data/Cerrado_trees.v1i.coco/_separated2\985.png,603,575
3053,_separated2,../data/Cerrado_trees.v1i.coco/_separated2\986.png,98,171
3054,_separated2,../data/Cerrado_trees.v1i.coco/_separated2\987.png,657,599
3055,_separated2,../data/Cerrado_trees.v1i.coco/_separated2\988.png,281,238
3056,_separated2,../data/Cerrado_trees.v1i.coco/_separated2\989.png,404,439
3057,_separated2,../data/Cerrado_trees.v1i.coco/_separated2\99.png,126,85
3058,_separated2,../data/Cerrado_trees.v1i.coco/_separated2\990.png,407,458
3059,_separated2,../data/Cerrado_trees.v1i.coco/_separated2\991.png,90,86
3060,_separated2,../data/Cerrado_trees.v1i.coco/_separated2\992.png,167,118
3061,_separated2,../data/Cerrado_trees.v1i.coco/_separated2\993.png,148,90
3062,_separated2,../data/Cerrado_trees.v1i.coco/_separated2\994.png,175,467
3063,_separated2,../data/Cerrado_trees.v1i.coco/_separated2\995.png,60,169
3064,_separated2,../data/Cerrado_trees.v1i.coco/_separated2\996.png,623,894
3065,_separated2,../data/Cerrado_trees.v1i.coco/_separated2\997.png,741,491
3066,_separated2,../data/Cerrado_trees.v1i.coco/_separated2\998.png,206,281
3067,_separated2,../data/Cerrado_trees.v1i.coco/_separated2\999.png,864,769
